station_id,reading_ts,water_level_m,rainfall_mm
DWLR0001,2024-06-01 00:00:00,24.35,19.3
DWLR0001,2024-06-04 00:00:00,24.3,37.1
DWLR0001,2024-06-07 00:00:00,24.32,26.5
DWLR0001,2024-06-10 00:00:00,24.27,2.4
DWLR0001,2024-06-13 00:00:00,24.2,2.3
DWLR0001,2024-06-16 00:00:00,24.14,16.2
DWLR0001,2024-06-19 00:00:00,24.11,26.3
DWLR0001,2024-06-22 00:00:00,24.02,10.6
DWLR0001,2024-06-25 00:00:00,23.97,0.4
DWLR0001,2024-06-28 00:00:00,23.9,5.3
DWLR0001,2024-07-01 00:00:00,23.8,21.7
DWLR0001,2024-07-04 00:00:00,23.78,22.2
DWLR0001,2024-07-07 00:00:00,23.85,29.7
DWLR0001,2024-07-10 00:00:00,23.75,34.1
DWLR0001,2024-07-13 00:00:00,23.76,33.2
DWLR0001,2024-07-16 00:00:00,23.59,17.7
DWLR0001,2024-07-19 00:00:00,23.54,6.0
DWLR0001,2024-07-22 00:00:00,23.41,14.6
DWLR0001,2024-07-25 00:00:00,23.37,26.7
DWLR0001,2024-07-28 00:00:00,23.37,37.0
DWLR0001,2024-07-31 00:00:00,23.32,7.2
DWLR0001,2024-08-03 00:00:00,23.33,9.9
DWLR0001,2024-08-06 00:00:00,23.23,8.0
DWLR0001,2024-08-09 00:00:00,23.22,26.4
DWLR0001,2024-08-12 00:00:00,23.11,20.4
DWLR0001,2024-08-15 00:00:00,23.1,10.4
DWLR0001,2024-08-18 00:00:00,22.99,31.5
DWLR0001,2024-08-21 00:00:00,22.87,1.8
DWLR0001,2024-08-24 00:00:00,22.89,29.5
DWLR0001,2024-08-27 00:00:00,22.86,26.5
DWLR0001,2024-08-30 00:00:00,22.76,27.9
DWLR0001,2024-09-02 00:00:00,22.76,7.0
DWLR0001,2024-09-05 00:00:00,22.72,31.4
DWLR0001,2024-09-08 00:00:00,22.67,31.7
DWLR0001,2024-09-11 00:00:00,22.7,24.8
DWLR0001,2024-09-14 00:00:00,22.62,5.9
DWLR0001,2024-09-17 00:00:00,22.53,35.4
DWLR0001,2024-09-20 00:00:00,22.44,27.5
DWLR0001,2024-09-23 00:00:00,22.44,32.2
DWLR0001,2024-09-26 00:00:00,22.38,5.3
DWLR0001,2024-09-29 00:00:00,22.36,17.7
DWLR0001,2024-10-02 00:00:00,22.39,0.8
DWLR0001,2024-10-05 00:00:00,22.47,3.9
DWLR0001,2024-10-08 00:00:00,22.47,1.7
DWLR0001,2024-10-11 00:00:00,22.48,1.1
DWLR0001,2024-10-14 00:00:00,22.54,1.9
DWLR0001,2024-10-17 00:00:00,22.57,2.4
DWLR0001,2024-10-20 00:00:00,22.68,2.7
DWLR0001,2024-10-23 00:00:00,22.76,2.4
DWLR0001,2024-10-26 00:00:00,22.85,4.6
DWLR0001,2024-10-29 00:00:00,23.0,0.4
DWLR0001,2024-11-01 00:00:00,22.98,2.3
DWLR0001,2024-11-04 00:00:00,22.98,4.2
DWLR0001,2024-11-07 00:00:00,22.94,0.3
DWLR0001,2024-11-10 00:00:00,23.01,3.1
DWLR0001,2024-11-13 00:00:00,22.99,1.3
DWLR0001,2024-11-16 00:00:00,23.09,0.8
DWLR0001,2024-11-19 00:00:00,23.19,1.9
DWLR0001,2024-11-22 00:00:00,23.26,3.5
DWLR0001,2024-11-25 00:00:00,23.32,0.2
DWLR0001,2024-11-28 00:00:00,23.27,2.1
DWLR0001,2024-12-01 00:00:00,23.29,0.8
DWLR0001,2024-12-04 00:00:00,1022.36,3.9
DWLR0001,2024-12-07 00:00:00,1022.38,4.7
DWLR0001,2024-12-10 00:00:00,1022.44,1.7
DWLR0001,2024-12-13 00:00:00,1022.45,1.4
DWLR0001,2024-12-16 00:00:00,1022.48,1.2
DWLR0001,2024-12-19 00:00:00,1022.5,2.2
DWLR0001,2024-12-22 00:00:00,1022.5,1.8
DWLR0001,2024-12-25 00:00:00,24.38,2.3
DWLR0001,2024-12-28 00:00:00,24.38,4.8
DWLR0001,2024-12-31 00:00:00,24.38,3.8
DWLR0001,2025-01-03 00:00:00,24.38,1.5
DWLR0001,2025-01-06 00:00:00,24.38,4.7
DWLR0001,2025-01-09 00:00:00,24.38,2.4
DWLR0001,2025-01-12 00:00:00,24.38,0.3
DWLR0001,2025-01-15 00:00:00,24.38,4.7
DWLR0001,2025-01-18 00:00:00,24.38,3.1
DWLR0001,2025-01-21 00:00:00,24.38,2.1
DWLR0001,2025-01-24 00:00:00,24.38,3.1
DWLR0001,2025-01-27 00:00:00,24.38,2.0
DWLR0001,2025-01-30 00:00:00,24.38,4.3
DWLR0001,2025-02-02 00:00:00,24.38,4.0
DWLR0001,2025-02-05 00:00:00,24.38,0.7
DWLR0001,2025-02-08 00:00:00,24.38,2.2
DWLR0001,2025-02-11 00:00:00,24.38,2.2
DWLR0001,2025-02-14 00:00:00,24.38,1.1
DWLR0001,2025-02-17 00:00:00,24.38,4.1
DWLR0001,2025-02-20 00:00:00,24.38,1.4
DWLR0001,2025-02-23 00:00:00,24.38,2.0
DWLR0001,2025-02-26 00:00:00,24.38,3.3
DWLR0001,2025-03-01 00:00:00,24.38,0.6
DWLR0001,2025-03-04 00:00:00,24.38,2.3
DWLR0001,2025-03-07 00:00:00,24.38,0.3
DWLR0001,2025-03-10 00:00:00,24.38,0.1
DWLR0001,2025-03-13 00:00:00,24.38,2.0
DWLR0001,2025-03-16 00:00:00,24.38,0.8
DWLR0001,2025-03-19 00:00:00,24.38,2.4
DWLR0001,2025-03-22 00:00:00,24.38,0.7
DWLR0001,2025-03-25 00:00:00,24.38,1.3
DWLR0001,2025-03-28 00:00:00,24.38,4.3
DWLR0001,2025-03-31 00:00:00,24.38,4.7
DWLR0001,2025-04-03 00:00:00,24.38,2.1
DWLR0001,2025-04-06 00:00:00,24.38,4.0
DWLR0001,2025-04-09 00:00:00,24.38,1.7
DWLR0001,2025-04-12 00:00:00,24.38,0.7
DWLR0001,2025-04-15 00:00:00,24.38,3.1
DWLR0001,2025-04-18 00:00:00,24.38,4.8
DWLR0001,2025-04-21 00:00:00,24.38,1.2
DWLR0001,2025-04-24 00:00:00,24.38,3.8
DWLR0001,2025-04-27 00:00:00,24.38,1.6
DWLR0001,2025-04-30 00:00:00,24.38,3.4
DWLR0001,2025-05-03 00:00:00,24.38,2.5
DWLR0001,2025-05-06 00:00:00,24.38,4.5
DWLR0001,2025-05-09 00:00:00,24.38,4.9
DWLR0001,2025-05-12 00:00:00,24.38,5.0
DWLR0001,2025-05-15 00:00:00,24.38,3.5
DWLR0001,2025-05-18 00:00:00,24.38,3.9
DWLR0001,2025-05-21 00:00:00,24.38,3.9
DWLR0001,2025-05-24 00:00:00,24.38,3.8
DWLR0001,2025-05-27 00:00:00,24.38,0.2
DWLR0001,2025-05-30 00:00:00,24.38,1.6
DWLR0001,2025-06-02 00:00:00,24.38,20.1
DWLR0001,2025-06-05 00:00:00,24.38,11.8
DWLR0001,2025-06-08 00:00:00,24.38,9.0
DWLR0001,2025-06-11 00:00:00,24.38,3.6
DWLR0001,2025-06-14 00:00:00,24.38,10.5
DWLR0001,2025-06-17 00:00:00,24.38,24.8
DWLR0001,2025-06-20 00:00:00,24.38,18.6
DWLR0001,2025-06-23 00:00:00,24.38,39.8
DWLR0001,2025-06-26 00:00:00,24.38,38.0
DWLR0001,2025-06-29 00:00:00,24.38,26.2
DWLR0001,2025-07-02 00:00:00,24.38,8.7
DWLR0001,2025-07-05 00:00:00,24.38,36.1
DWLR0001,2025-07-08 00:00:00,24.38,33.0
DWLR0001,2025-07-11 00:00:00,24.38,13.3
DWLR0001,2025-07-14 00:00:00,24.38,23.5
DWLR0001,2025-07-17 00:00:00,24.38,11.1
DWLR0001,2025-07-20 00:00:00,24.38,34.7
DWLR0001,2025-07-23 00:00:00,24.38,10.6
DWLR0001,2025-07-26 00:00:00,24.38,14.5
DWLR0001,2025-07-29 00:00:00,24.38,36.4
DWLR0001,2025-08-01 00:00:00,24.38,33.9
DWLR0001,2025-08-04 00:00:00,24.38,12.9
DWLR0001,2025-08-07 00:00:00,24.38,15.2
DWLR0001,2025-08-10 00:00:00,24.38,4.6
DWLR0001,2025-08-13 00:00:00,24.38,35.5
DWLR0001,2025-08-16 00:00:00,24.38,12.5
DWLR0001,2025-08-19 00:00:00,24.38,3.4
DWLR0001,2025-08-22 00:00:00,24.38,38.3
DWLR0001,2025-08-25 00:00:00,24.38,16.9
DWLR0001,2025-08-28 00:00:00,24.38,20.3
DWLR0001,2025-08-31 00:00:00,24.38,4.6
DWLR0001,2025-09-03 00:00:00,24.38,24.9
DWLR0001,2025-09-06 00:00:00,24.38,1.2
DWLR0001,2025-09-09 00:00:00,24.38,5.7
DWLR0001,2025-09-12 00:00:00,24.38,21.2
DWLR0001,2025-09-15 00:00:00,24.38,37.7
DWLR0001,2025-09-18 00:00:00,24.38,3.3
DWLR0001,2025-09-21 00:00:00,24.38,20.5
DWLR0001,2025-09-24 00:00:00,24.38,12.3
DWLR0001,2025-09-27 00:00:00,24.38,30.7
DWLR0001,2025-09-30 00:00:00,24.38,5.2
DWLR0001,2025-10-03 00:00:00,24.38,2.0
DWLR0001,2025-10-06 00:00:00,24.38,2.1
DWLR0001,2025-10-09 00:00:00,24.38,0.9
DWLR0001,2025-10-12 00:00:00,24.38,0.5
DWLR0001,2025-10-15 00:00:00,24.38,1.1
DWLR0001,2025-10-18 00:00:00,24.38,3.9
DWLR0001,2025-10-21 00:00:00,24.38,1.3
DWLR0001,2025-10-24 00:00:00,24.38,3.1
DWLR0001,2025-10-27 00:00:00,24.38,3.2
DWLR0001,2025-10-30 00:00:00,24.38,2.3
DWLR0001,2025-11-02 00:00:00,24.38,2.3
DWLR0001,2025-11-05 00:00:00,24.38,0.5
DWLR0001,2025-11-08 00:00:00,24.38,0.2
DWLR0001,2025-11-11 00:00:00,24.38,4.8
DWLR0001,2025-11-14 00:00:00,24.38,3.2
DWLR0001,2025-11-17 00:00:00,24.38,1.8
DWLR0001,2025-11-20 00:00:00,24.38,3.2
DWLR0001,2025-11-23 00:00:00,24.38,4.3
DWLR0001,2025-11-26 00:00:00,24.38,4.6
DWLR0002,2024-06-01 00:00:00,18.18,22.4
DWLR0002,2024-06-04 00:00:00,18.15,39.9
DWLR0002,2024-06-07 00:00:00,18.11,12.4
DWLR0002,2024-06-10 00:00:00,18.17,6.2
DWLR0002,2024-06-13 00:00:00,18.12,21.1
DWLR0002,2024-06-16 00:00:00,18.06,7.2
DWLR0002,2024-06-19 00:00:00,18.02,14.6
DWLR0002,2024-06-22 00:00:00,18.03,9.4
DWLR0002,2024-06-25 00:00:00,17.95,27.1
DWLR0002,2024-06-28 00:00:00,17.93,16.7
DWLR0002,2024-07-01 00:00:00,17.81,19.2
DWLR0002,2024-07-04 00:00:00,17.72,3.4
DWLR0002,2024-07-07 00:00:00,17.6,36.4
DWLR0002,2024-07-10 00:00:00,17.61,15.0
DWLR0002,2024-07-13 00:00:00,17.48,28.6
DWLR0002,2024-07-16 00:00:00,17.36,33.2
DWLR0002,2024-07-19 00:00:00,17.29,8.6
DWLR0002,2024-07-22 00:00:00,17.24,9.5
DWLR0002,2024-07-25 00:00:00,17.12,33.5
DWLR0002,2024-07-28 00:00:00,17.1,11.7
DWLR0002,2024-07-31 00:00:00,17.02,20.9
DWLR0002,2024-08-03 00:00:00,16.96,0.8
DWLR0002,2024-08-06 00:00:00,16.96,14.3
DWLR0002,2024-08-09 00:00:00,16.88,30.3
DWLR0002,2024-08-12 00:00:00,16.81,27.4
DWLR0002,2024-08-15 00:00:00,16.79,37.7
DWLR0002,2024-08-18 00:00:00,16.7,12.4
DWLR0002,2024-08-21 00:00:00,16.65,11.4
DWLR0002,2024-08-24 00:00:00,16.68,17.5
DWLR0002,2024-08-27 00:00:00,16.63,27.7
DWLR0002,2024-08-30 00:00:00,16.53,17.2
DWLR0002,2024-09-02 00:00:00,16.49,11.8
DWLR0002,2024-09-05 00:00:00,16.39,29.1
DWLR0002,2024-09-08 00:00:00,16.4,2.3
DWLR0002,2024-09-11 00:00:00,16.33,1.2
DWLR0002,2024-09-14 00:00:00,16.28,25.8
DWLR0002,2024-09-17 00:00:00,16.16,14.8
DWLR0002,2024-09-20 00:00:00,16.05,11.1
DWLR0002,2024-09-23 00:00:00,16.05,4.7
DWLR0002,2024-09-26 00:00:00,16.02,39.9
DWLR0002,2024-09-29 00:00:00,15.91,39.9
DWLR0002,2024-10-02 00:00:00,16.02,2.7
DWLR0002,2024-10-05 00:00:00,16.02,0.9
DWLR0002,2024-10-08 00:00:00,16.06,2.5
DWLR0002,2024-10-11 00:00:00,16.05,4.4
DWLR0002,2024-10-14 00:00:00,16.05,2.0
DWLR0002,2024-10-17 00:00:00,16.07,2.6
DWLR0002,2024-10-20 00:00:00,16.1,0.6
DWLR0002,2024-10-23 00:00:00,16.15,0.8
DWLR0002,2024-10-26 00:00:00,16.26,0.4
DWLR0002,2024-10-29 00:00:00,16.25,0.5
DWLR0002,2024-11-01 00:00:00,16.32,4.5
DWLR0002,2024-11-04 00:00:00,16.26,4.7
DWLR0002,2024-11-07 00:00:00,16.3,0.2
DWLR0002,2024-11-10 00:00:00,16.37,4.0
DWLR0002,2024-11-13 00:00:00,16.4,2.3
DWLR0002,2024-11-16 00:00:00,16.51,1.7
DWLR0002,2024-11-19 00:00:00,16.51,0.6
DWLR0002,2024-11-22 00:00:00,16.53,2.1
DWLR0002,2024-11-25 00:00:00,16.67,0.9
DWLR0002,2024-11-28 00:00:00,16.67,0.5
DWLR0002,2024-12-01 00:00:00,16.62,1.4
DWLR0002,2024-12-04 00:00:00,16.64,0.5
DWLR0002,2024-12-07 00:00:00,16.58,0.3
DWLR0002,2024-12-10 00:00:00,16.59,2.7
DWLR0002,2024-12-13 00:00:00,16.63,1.9
DWLR0002,2024-12-16 00:00:00,16.71,2.0
DWLR0002,2024-12-19 00:00:00,16.73,0.7
DWLR0002,2024-12-22 00:00:00,16.84,3.1
DWLR0002,2024-12-25 00:00:00,16.91,2.8
DWLR0002,2024-12-28 00:00:00,16.91,1.5
DWLR0002,2024-12-31 00:00:00,16.98,3.3
DWLR0002,2025-01-03 00:00:00,17.03,2.6
DWLR0002,2025-01-06 00:00:00,17.06,2.9
DWLR0002,2025-01-09 00:00:00,17.1,1.0
DWLR0002,2025-01-12 00:00:00,17.15,3.5
DWLR0002,2025-01-15 00:00:00,17.23,4.8
DWLR0002,2025-01-18 00:00:00,17.3,3.4
DWLR0002,2025-01-21 00:00:00,17.35,1.5
DWLR0002,2025-01-24 00:00:00,17.47,2.4
DWLR0002,2025-01-27 00:00:00,17.53,2.9
DWLR0002,2025-01-30 00:00:00,17.59,0.7
DWLR0002,2025-02-02 00:00:00,17.55,3.7
DWLR0002,2025-02-05 00:00:00,17.51,0.5
DWLR0002,2025-02-08 00:00:00,17.5,1.2
DWLR0002,2025-02-11 00:00:00,17.46,4.8
DWLR0002,2025-02-14 00:00:00,17.55,3.3
DWLR0002,2025-02-17 00:00:00,17.62,3.3
DWLR0002,2025-02-20 00:00:00,17.71,2.1
DWLR0002,2025-02-23 00:00:00,17.76,0.9
DWLR0002,2025-02-26 00:00:00,17.78,3.0
DWLR0002,2025-03-01 00:00:00,17.86,4.4
DWLR0002,2025-03-04 00:00:00,17.82,3.7
DWLR0002,2025-03-07 00:00:00,17.8,3.4
DWLR0002,2025-03-10 00:00:00,17.81,1.6
DWLR0002,2025-03-13 00:00:00,17.93,0.0
DWLR0002,2025-03-16 00:00:00,17.94,2.9
DWLR0002,2025-03-19 00:00:00,17.92,0.8
DWLR0002,2025-03-22 00:00:00,18.03,3.2
DWLR0002,2025-03-25 00:00:00,18.08,2.3
DWLR0002,2025-03-28 00:00:00,18.22,4.0
DWLR0002,2025-03-31 00:00:00,18.33,2.6
DWLR0002,2025-04-03 00:00:00,18.45,4.5
DWLR0002,2025-04-06 00:00:00,18.41,3.4
DWLR0002,2025-04-09 00:00:00,18.47,0.7
DWLR0002,2025-04-12 00:00:00,18.48,0.1
DWLR0002,2025-04-15 00:00:00,18.46,3.5
DWLR0002,2025-04-18 00:00:00,18.53,1.4
DWLR0002,2025-04-21 00:00:00,18.6,1.9
DWLR0002,2025-04-24 00:00:00,18.67,4.8
DWLR0002,2025-04-27 00:00:00,18.83,2.0
DWLR0002,2025-04-30 00:00:00,18.91,2.3
DWLR0002,2025-05-03 00:00:00,18.95,0.8
DWLR0002,2025-05-06 00:00:00,19.0,3.1
DWLR0002,2025-05-09 00:00:00,19.07,2.2
DWLR0002,2025-05-12 00:00:00,19.09,2.7
DWLR0002,2025-05-15 00:00:00,19.09,4.6
DWLR0002,2025-05-18 00:00:00,19.13,4.4
DWLR0002,2025-05-21 00:00:00,19.21,3.0
DWLR0002,2025-05-24 00:00:00,19.25,1.7
DWLR0002,2025-05-27 00:00:00,19.29,1.5
DWLR0002,2025-05-30 00:00:00,19.3,0.7
DWLR0002,2025-06-02 00:00:00,19.27,15.5
DWLR0002,2025-06-05 00:00:00,19.14,21.4
DWLR0002,2025-06-08 00:00:00,19.06,2.9
DWLR0002,2025-06-11 00:00:00,19.02,36.3
DWLR0002,2025-06-14 00:00:00,18.95,29.9
DWLR0002,2025-06-17 00:00:00,18.93,9.6
DWLR0002,2025-06-20 00:00:00,18.83,14.4
DWLR0002,2025-06-23 00:00:00,18.87,12.8
DWLR0002,2025-06-26 00:00:00,18.77,0.6
DWLR0002,2025-06-29 00:00:00,18.71,9.2
DWLR0002,2025-07-02 00:00:00,18.65,30.5
DWLR0002,2025-07-05 00:00:00,18.65,14.1
DWLR0002,2025-07-08 00:00:00,18.57,38.3
DWLR0002,2025-07-11 00:00:00,18.43,0.3
DWLR0002,2025-07-14 00:00:00,18.27,18.2
DWLR0002,2025-07-17 00:00:00,18.23,0.6
DWLR0002,2025-07-20 00:00:00,18.14,11.5
DWLR0002,2025-07-23 00:00:00,18.05,36.7
DWLR0002,2025-07-26 00:00:00,17.99,31.8
DWLR0002,2025-07-29 00:00:00,17.91,12.0
DWLR0002,2025-08-01 00:00:00,17.89,16.2
DWLR0002,2025-08-04 00:00:00,17.8,33.8
DWLR0002,2025-08-07 00:00:00,17.85,36.8
DWLR0002,2025-08-10 00:00:00,17.76,37.0
DWLR0002,2025-08-13 00:00:00,17.7,34.0
DWLR0002,2025-08-16 00:00:00,17.6,37.2
DWLR0002,2025-08-19 00:00:00,17.55,21.6
DWLR0002,2025-08-22 00:00:00,17.47,29.8
DWLR0002,2025-08-25 00:00:00,17.38,24.6
DWLR0002,2025-08-28 00:00:00,17.35,18.0
DWLR0002,2025-08-31 00:00:00,17.26,15.2
DWLR0002,2025-09-03 00:00:00,17.19,15.2
DWLR0002,2025-09-06 00:00:00,17.11,37.7
DWLR0002,2025-09-09 00:00:00,17.01,22.3
DWLR0002,2025-09-12 00:00:00,16.92,31.4
DWLR0002,2025-09-15 00:00:00,16.92,22.4
DWLR0002,2025-09-18 00:00:00,16.88,10.8
DWLR0002,2025-09-21 00:00:00,16.75,31.3
DWLR0002,2025-09-24 00:00:00,16.72,18.3
DWLR0002,2025-09-27 00:00:00,16.61,34.5
DWLR0002,2025-09-30 00:00:00,16.59,12.0
DWLR0002,2025-10-03 00:00:00,16.62,1.6
DWLR0002,2025-10-06 00:00:00,16.71,1.4
DWLR0002,2025-10-09 00:00:00,16.87,0.9
DWLR0002,2025-10-12 00:00:00,16.93,4.0
DWLR0002,2025-10-15 00:00:00,17.05,0.7
DWLR0002,2025-10-18 00:00:00,17.02,2.2
DWLR0002,2025-10-21 00:00:00,17.1,2.1
DWLR0002,2025-10-24 00:00:00,17.12,4.6
DWLR0002,2025-10-27 00:00:00,17.15,2.8
DWLR0002,2025-10-30 00:00:00,17.28,0.5
DWLR0002,2025-11-02 00:00:00,17.31,1.1
DWLR0002,2025-11-05 00:00:00,17.32,5.0
DWLR0002,2025-11-08 00:00:00,17.43,3.7
DWLR0002,2025-11-11 00:00:00,17.47,0.5
DWLR0002,2025-11-14 00:00:00,17.5,0.1
DWLR0002,2025-11-17 00:00:00,17.58,2.6
DWLR0002,2025-11-20 00:00:00,17.64,3.1
DWLR0002,2025-11-23 00:00:00,17.67,2.2
DWLR0002,2025-11-26 00:00:00,17.69,4.0
DWLR0003,2024-06-01 00:00:00,15.68,26.8
DWLR0003,2024-06-04 00:00:00,15.58,4.6
DWLR0003,2024-06-07 00:00:00,15.49,36.7
DWLR0003,2024-06-10 00:00:00,15.38,14.9
DWLR0003,2024-06-13 00:00:00,15.27,19.5
DWLR0003,2024-06-16 00:00:00,15.22,11.6
DWLR0003,2024-06-19 00:00:00,15.17,19.4
DWLR0003,2024-06-22 00:00:00,15.07,19.7
DWLR0003,2024-06-25 00:00:00,15.02,8.8
DWLR0003,2024-06-28 00:00:00,14.89,30.9
DWLR0003,2024-07-01 00:00:00,14.83,39.6
DWLR0003,2024-07-04 00:00:00,14.76,17.0
DWLR0003,2024-07-07 00:00:00,14.65,10.5
DWLR0003,2024-07-10 00:00:00,14.68,8.4
DWLR0003,2024-07-13 00:00:00,14.66,24.6
DWLR0003,2024-07-16 00:00:00,14.66,23.9
DWLR0003,2024-07-19 00:00:00,14.58,20.6
DWLR0003,2024-07-22 00:00:00,14.51,2.4
DWLR0003,2024-07-25 00:00:00,14.4,12.9
DWLR0003,2024-07-28 00:00:00,14.31,25.1
DWLR0003,2024-07-31 00:00:00,14.25,30.0
DWLR0003,2024-08-03 00:00:00,14.2,34.8
DWLR0003,2024-08-06 00:00:00,14.23,34.0
DWLR0003,2024-08-09 00:00:00,14.24,12.9
DWLR0003,2024-08-12 00:00:00,14.14,35.8
DWLR0003,2024-08-15 00:00:00,14.06,37.2
DWLR0003,2024-08-18 00:00:00,14.06,36.4
DWLR0003,2024-08-21 00:00:00,14.02,14.4
DWLR0003,2024-08-24 00:00:00,13.94,29.0
DWLR0003,2024-08-27 00:00:00,13.83,3.1
DWLR0003,2024-08-30 00:00:00,13.75,4.8
DWLR0003,2024-09-02 00:00:00,13.67,32.2
DWLR0003,2024-09-05 00:00:00,13.57,35.0
DWLR0003,2024-09-08 00:00:00,13.48,6.6
DWLR0003,2024-09-11 00:00:00,13.44,17.7
DWLR0003,2024-09-14 00:00:00,13.33,14.1
DWLR0003,2024-09-17 00:00:00,13.2,24.0
DWLR0003,2024-09-20 00:00:00,13.23,35.0
DWLR0003,2024-09-23 00:00:00,13.12,31.4
DWLR0003,2024-09-26 00:00:00,13.08,2.8
DWLR0003,2024-09-29 00:00:00,13.02,33.6
DWLR0003,2024-10-02 00:00:00,13.02,0.4
DWLR0003,2024-10-05 00:00:00,13.07,2.0
DWLR0003,2024-10-08 00:00:00,13.09,3.2
DWLR0003,2024-10-11 00:00:00,13.11,4.9
DWLR0003,2024-10-14 00:00:00,13.12,3.2
DWLR0003,2024-10-17 00:00:00,13.14,4.6
DWLR0003,2024-10-20 00:00:00,13.1,0.9
DWLR0003,2024-10-23 00:00:00,13.0,2.6
DWLR0003,2024-10-26 00:00:00,13.08,3.7
DWLR0003,2024-10-29 00:00:00,13.05,1.3
DWLR0003,2024-11-01 00:00:00,13.07,4.3
DWLR0003,2024-11-04 00:00:00,13.11,0.6
DWLR0003,2024-11-07 00:00:00,13.14,1.8
DWLR0003,2024-11-10 00:00:00,13.28,3.6
DWLR0003,2024-11-13 00:00:00,13.27,4.1
DWLR0003,2024-11-16 00:00:00,13.29,2.6
DWLR0003,2024-11-19 00:00:00,13.33,1.6
DWLR0003,2024-11-22 00:00:00,13.33,3.7
DWLR0003,2024-11-25 00:00:00,13.4,3.7
DWLR0003,2024-11-28 00:00:00,13.34,2.7
DWLR0003,2024-12-01 00:00:00,13.35,1.9
DWLR0003,2024-12-04 00:00:00,13.36,4.8
DWLR0003,2024-12-07 00:00:00,13.38,4.2
DWLR0003,2024-12-10 00:00:00,13.39,2.5
DWLR0003,2024-12-13 00:00:00,13.45,0.7
DWLR0003,2024-12-16 00:00:00,13.53,1.6
DWLR0003,2024-12-19 00:00:00,13.62,0.5
DWLR0003,2024-12-22 00:00:00,13.57,3.9
DWLR0003,2024-12-25 00:00:00,13.65,1.5
DWLR0003,2024-12-28 00:00:00,13.63,3.6
DWLR0003,2024-12-31 00:00:00,13.68,0.9
DWLR0003,2025-01-03 00:00:00,13.71,0.5
DWLR0003,2025-01-06 00:00:00,13.69,1.0
DWLR0003,2025-01-09 00:00:00,13.75,4.6
DWLR0003,2025-01-12 00:00:00,13.73,0.5
DWLR0003,2025-01-15 00:00:00,13.71,4.6
DWLR0003,2025-01-18 00:00:00,13.71,1.8
DWLR0003,2025-01-21 00:00:00,13.78,3.1
DWLR0003,2025-01-24 00:00:00,13.81,1.9
DWLR0003,2025-01-27 00:00:00,13.91,2.7
DWLR0003,2025-01-30 00:00:00,13.93,1.7
DWLR0003,2025-02-02 00:00:00,13.94,0.1
DWLR0003,2025-02-05 00:00:00,14.01,2.9
DWLR0003,2025-02-08 00:00:00,13.98,4.0
DWLR0003,2025-02-11 00:00:00,14.12,1.9
DWLR0003,2025-02-14 00:00:00,14.13,3.7
DWLR0003,2025-02-17 00:00:00,14.17,0.7
DWLR0003,2025-02-20 00:00:00,14.27,0.9
DWLR0003,2025-02-23 00:00:00,14.25,1.7
DWLR0003,2025-02-26 00:00:00,14.3,4.3
DWLR0003,2025-03-01 00:00:00,14.26,2.6
DWLR0003,2025-03-04 00:00:00,14.29,1.7
DWLR0003,2025-03-07 00:00:00,14.33,2.4
DWLR0003,2025-03-10 00:00:00,14.35,1.8
DWLR0003,2025-03-13 00:00:00,14.36,0.9
DWLR0003,2025-03-16 00:00:00,14.36,2.8
DWLR0003,2025-03-19 00:00:00,14.4,0.5
DWLR0003,2025-03-22 00:00:00,14.36,3.2
DWLR0003,2025-03-25 00:00:00,14.43,0.1
DWLR0003,2025-03-28 00:00:00,14.43,0.2
DWLR0003,2025-03-31 00:00:00,14.44,1.8
DWLR0003,2025-04-03 00:00:00,14.51,1.1
DWLR0003,2025-04-06 00:00:00,14.45,0.5
DWLR0003,2025-04-09 00:00:00,14.47,4.9
DWLR0003,2025-04-12 00:00:00,14.51,3.3
DWLR0003,2025-04-15 00:00:00,14.54,2.0
DWLR0003,2025-04-18 00:00:00,14.55,0.5
DWLR0003,2025-04-21 00:00:00,14.51,0.4
DWLR0003,2025-04-24 00:00:00,14.53,3.2
DWLR0003,2025-04-27 00:00:00,14.56,4.5
DWLR0003,2025-04-30 00:00:00,14.53,0.9
DWLR0003,2025-05-03 00:00:00,14.49,0.8
DWLR0003,2025-05-06 00:00:00,14.54,3.8
DWLR0003,2025-05-09 00:00:00,14.57,3.4
DWLR0003,2025-05-12 00:00:00,14.6,4.3
DWLR0003,2025-05-15 00:00:00,14.62,0.7
DWLR0003,2025-05-18 00:00:00,14.7,1.0
DWLR0003,2025-05-21 00:00:00,14.73,0.7
DWLR0003,2025-05-24 00:00:00,14.74,2.8
DWLR0003,2025-05-27 00:00:00,14.72,3.5
DWLR0003,2025-05-30 00:00:00,14.72,2.9
DWLR0003,2025-06-02 00:00:00,14.71,34.7
DWLR0003,2025-06-05 00:00:00,14.67,18.9
DWLR0003,2025-06-08 00:00:00,14.57,15.8
DWLR0003,2025-06-11 00:00:00,14.47,14.9
DWLR0003,2025-06-14 00:00:00,14.4,27.4
DWLR0003,2025-06-17 00:00:00,14.39,12.8
DWLR0003,2025-06-20 00:00:00,14.34,16.3
DWLR0003,2025-06-23 00:00:00,14.29,2.6
DWLR0003,2025-06-26 00:00:00,14.27,6.9
DWLR0003,2025-06-29 00:00:00,14.15,14.4
DWLR0003,2025-07-02 00:00:00,14.09,27.2
DWLR0003,2025-07-05 00:00:00,13.99,22.1
DWLR0003,2025-07-08 00:00:00,13.84,1.1
DWLR0003,2025-07-11 00:00:00,13.72,9.0
DWLR0003,2025-07-14 00:00:00,13.67,27.3
DWLR0003,2025-07-17 00:00:00,13.54,24.3
DWLR0003,2025-07-20 00:00:00,13.58,34.1
DWLR0003,2025-07-23 00:00:00,13.5,23.4
DWLR0003,2025-07-26 00:00:00,13.43,23.8
DWLR0003,2025-07-29 00:00:00,13.32,13.0
DWLR0003,2025-08-01 00:00:00,13.24,20.7
DWLR0003,2025-08-04 00:00:00,13.17,12.8
DWLR0003,2025-08-07 00:00:00,13.11,16.2
DWLR0003,2025-08-10 00:00:00,13.09,28.5
DWLR0003,2025-08-13 00:00:00,13.03,12.0
DWLR0003,2025-08-16 00:00:00,12.93,29.6
DWLR0003,2025-08-19 00:00:00,12.96,26.2
DWLR0003,2025-08-22 00:00:00,12.94,14.9
DWLR0003,2025-08-25 00:00:00,12.86,23.2
DWLR0003,2025-08-28 00:00:00,12.79,21.2
DWLR0003,2025-08-31 00:00:00,12.66,39.5
DWLR0003,2025-09-03 00:00:00,12.56,3.2
DWLR0003,2025-09-06 00:00:00,12.45,8.4
DWLR0003,2025-09-09 00:00:00,12.4,5.2
DWLR0003,2025-09-12 00:00:00,12.27,21.4
DWLR0003,2025-09-15 00:00:00,12.27,0.7
DWLR0003,2025-09-18 00:00:00,12.1,4.1
DWLR0003,2025-09-21 00:00:00,12.03,18.2
DWLR0003,2025-09-24 00:00:00,11.92,39.8
DWLR0003,2025-09-27 00:00:00,11.85,0.8
DWLR0003,2025-09-30 00:00:00,11.73,4.9
DWLR0003,2025-10-03 00:00:00,11.78,3.1
DWLR0003,2025-10-06 00:00:00,11.73,0.6
DWLR0003,2025-10-09 00:00:00,11.69,3.4
DWLR0003,2025-10-12 00:00:00,11.64,3.5
DWLR0003,2025-10-15 00:00:00,11.63,3.9
DWLR0003,2025-10-18 00:00:00,11.72,1.8
DWLR0003,2025-10-21 00:00:00,11.76,2.4
DWLR0003,2025-10-24 00:00:00,11.72,2.5
DWLR0003,2025-10-27 00:00:00,11.78,3.2
DWLR0003,2025-10-30 00:00:00,11.81,4.4
DWLR0003,2025-11-02 00:00:00,11.84,4.3
DWLR0003,2025-11-05 00:00:00,11.85,4.5
DWLR0003,2025-11-08 00:00:00,11.92,0.6
DWLR0003,2025-11-11 00:00:00,11.97,2.1
DWLR0003,2025-11-14 00:00:00,12.04,4.2
DWLR0003,2025-11-17 00:00:00,12.01,3.1
DWLR0003,2025-11-20 00:00:00,12.12,4.5
DWLR0003,2025-11-23 00:00:00,12.13,3.3
DWLR0003,2025-11-26 00:00:00,12.13,1.1
DWLR0004,2024-06-01 00:00:00,15.39,29.1
DWLR0004,2024-06-04 00:00:00,15.48,35.7
DWLR0004,2024-06-07 00:00:00,15.59,19.8
DWLR0004,2024-06-10 00:00:00,15.56,20.3
DWLR0004,2024-06-13 00:00:00,15.64,22.9
DWLR0004,2024-06-16 00:00:00,15.66,0.7
DWLR0004,2024-06-19 00:00:00,15.73,38.5
DWLR0004,2024-06-22 00:00:00,15.8,13.6
DWLR0004,2024-06-25 00:00:00,15.94,24.0
DWLR0004,2024-06-28 00:00:00,16.02,0.1
DWLR0004,2024-07-01 00:00:00,16.08,4.3
DWLR0004,2024-07-04 00:00:00,16.19,10.2
DWLR0004,2024-07-07 00:00:00,16.28,7.6
DWLR0004,2024-07-10 00:00:00,16.28,4.9
DWLR0004,2024-07-13 00:00:00,16.43,0.2
DWLR0004,2024-07-16 00:00:00,16.54,31.2
DWLR0004,2024-07-19 00:00:00,16.56,26.3
DWLR0004,2024-07-22 00:00:00,16.67,27.7
DWLR0004,2024-07-25 00:00:00,16.7,5.5
DWLR0004,2024-07-28 00:00:00,16.77,12.6
DWLR0004,2024-07-31 00:00:00,16.84,27.5
DWLR0004,2024-08-03 00:00:00,16.92,21.7
DWLR0004,2024-08-06 00:00:00,17.02,37.7
DWLR0004,2024-08-09 00:00:00,17.16,16.9
DWLR0004,2024-08-12 00:00:00,17.11,10.7
DWLR0004,2024-08-15 00:00:00,17.16,31.4
DWLR0004,2024-08-18 00:00:00,17.18,27.0
DWLR0004,2024-08-21 00:00:00,17.25,31.9
DWLR0004,2024-08-24 00:00:00,17.27,31.5
DWLR0004,2024-08-27 00:00:00,17.26,34.8
DWLR0004,2024-08-30 00:00:00,17.34,14.7
DWLR0004,2024-09-02 00:00:00,17.34,18.0
DWLR0004,2024-09-05 00:00:00,17.45,1.6
DWLR0004,2024-09-08 00:00:00,17.39,18.7
DWLR0004,2024-09-11 00:00:00,17.55,25.0
DWLR0004,2024-09-14 00:00:00,17.62,28.3
DWLR0004,2024-09-17 00:00:00,17.65,21.7
DWLR0004,2024-09-20 00:00:00,17.71,11.7
DWLR0004,2024-09-23 00:00:00,17.82,26.0
DWLR0004,2024-09-26 00:00:00,17.85,9.8
DWLR0004,2024-09-29 00:00:00,17.81,10.3
DWLR0004,2024-10-02 00:00:00,17.94,2.5
DWLR0004,2024-10-05 00:00:00,18.05,0.5
DWLR0004,2024-10-08 00:00:00,18.21,3.1
DWLR0004,2024-10-11 00:00:00,18.39,4.4
DWLR0004,2024-10-14 00:00:00,18.61,0.1
DWLR0004,2024-10-17 00:00:00,18.7,0.4
DWLR0004,2024-10-20 00:00:00,18.85,1.6
DWLR0004,2024-10-23 00:00:00,18.89,3.7
DWLR0004,2024-10-26 00:00:00,18.95,3.4
DWLR0004,2024-10-29 00:00:00,19.17,0.2
DWLR0004,2024-11-01 00:00:00,19.34,1.5
DWLR0004,2024-11-04 00:00:00,19.57,3.2
DWLR0004,2024-11-07 00:00:00,19.74,2.9
DWLR0004,2024-11-10 00:00:00,19.86,3.6
DWLR0004,2024-11-13 00:00:00,19.97,3.1
DWLR0004,2024-11-16 00:00:00,20.06,3.8
DWLR0004,2024-11-19 00:00:00,20.28,1.3
DWLR0004,2024-11-22 00:00:00,20.45,1.2
DWLR0004,2024-11-25 00:00:00,20.52,3.3
DWLR0004,2024-11-28 00:00:00,20.73,0.8
DWLR0004,2024-12-01 00:00:00,20.85,1.8
DWLR0004,2024-12-04 00:00:00,21.04,2.4
DWLR0004,2024-12-07 00:00:00,21.13,4.5
DWLR0004,2024-12-10 00:00:00,21.29,4.2
DWLR0004,2024-12-13 00:00:00,21.42,0.2
DWLR0004,2024-12-16 00:00:00,21.51,2.0
DWLR0004,2024-12-19 00:00:00,21.72,0.5
DWLR0004,2024-12-22 00:00:00,21.87,3.4
DWLR0004,2024-12-25 00:00:00,22.01,4.4
DWLR0004,2024-12-28 00:00:00,22.18,1.2
DWLR0004,2024-12-31 00:00:00,22.35,1.9
DWLR0004,2025-01-03 00:00:00,22.44,4.8
DWLR0004,2025-01-06 00:00:00,22.63,1.9
DWLR0004,2025-01-09 00:00:00,22.77,4.9
DWLR0004,2025-01-12 00:00:00,22.94,4.4
DWLR0004,2025-01-15 00:00:00,23.03,1.4
DWLR0004,2025-01-18 00:00:00,23.16,2.1
DWLR0004,2025-01-21 00:00:00,23.31,3.2
DWLR0004,2025-01-24 00:00:00,23.37,2.6
DWLR0004,2025-01-27 00:00:00,23.51,2.0
DWLR0004,2025-01-30 00:00:00,23.77,4.7
DWLR0004,2025-02-02 00:00:00,23.85,2.1
DWLR0004,2025-02-05 00:00:00,23.98,0.8
DWLR0004,2025-02-08 00:00:00,24.14,0.7
DWLR0004,2025-02-11 00:00:00,24.3,3.0
DWLR0004,2025-02-14 00:00:00,24.43,3.8
DWLR0004,2025-02-17 00:00:00,24.51,4.7
DWLR0004,2025-02-20 00:00:00,24.68,2.1
DWLR0004,2025-02-23 00:00:00,24.93,4.5
DWLR0004,2025-02-26 00:00:00,25.12,4.6
DWLR0004,2025-03-01 00:00:00,25.17,3.7
DWLR0004,2025-03-04 00:00:00,25.23,4.0
DWLR0004,2025-03-07 00:00:00,25.33,2.7
DWLR0004,2025-03-10 00:00:00,25.5,2.8
DWLR0004,2025-03-13 00:00:00,25.7,2.9
DWLR0004,2025-03-16 00:00:00,25.79,1.1
DWLR0004,2025-03-19 00:00:00,25.95,4.0
DWLR0004,2025-03-22 00:00:00,26.07,4.0
DWLR0004,2025-03-25 00:00:00,26.23,1.9
DWLR0004,2025-03-28 00:00:00,26.44,1.4
DWLR0004,2025-03-31 00:00:00,26.65,0.1
DWLR0004,2025-04-03 00:00:00,26.86,2.6
DWLR0004,2025-04-06 00:00:00,27.05,4.9
DWLR0004,2025-04-09 00:00:00,27.13,1.0
DWLR0004,2025-04-12 00:00:00,27.28,2.8
DWLR0004,2025-04-15 00:00:00,27.51,2.3
DWLR0004,2025-04-18 00:00:00,27.61,2.5
DWLR0004,2025-04-21 00:00:00,27.74,4.0
DWLR0004,2025-04-24 00:00:00,27.82,1.7
DWLR0004,2025-04-27 00:00:00,28.03,1.3
DWLR0004,2025-04-30 00:00:00,28.16,2.1
DWLR0004,2025-05-03 00:00:00,28.28,2.0
DWLR0004,2025-05-06 00:00:00,28.43,1.1
DWLR0004,2025-05-09 00:00:00,28.57,3.7
DWLR0004,2025-05-12 00:00:00,28.7,4.2
DWLR0004,2025-05-15 00:00:00,28.83,2.5
DWLR0004,2025-05-18 00:00:00,28.95,1.6
DWLR0004,2025-05-21 00:00:00,29.11,3.8
DWLR0004,2025-05-24 00:00:00,29.28,2.1
DWLR0004,2025-05-27 00:00:00,29.47,2.3
DWLR0004,2025-05-30 00:00:00,29.57,1.9
DWLR0004,2025-06-02 00:00:00,29.63,10.8
DWLR0004,2025-06-05 00:00:00,29.68,30.1
DWLR0004,2025-06-08 00:00:00,29.76,27.4
DWLR0004,2025-06-11 00:00:00,29.91,7.8
DWLR0004,2025-06-14 00:00:00,29.98,5.4
DWLR0004,2025-06-17 00:00:00,30.07,10.0
DWLR0004,2025-06-20 00:00:00,30.09,10.2
DWLR0004,2025-06-23 00:00:00,30.18,22.3
DWLR0004,2025-06-26 00:00:00,30.27,24.2
DWLR0004,2025-06-29 00:00:00,30.31,13.0
DWLR0004,2025-07-02 00:00:00,30.37,18.6
DWLR0004,2025-07-05 00:00:00,30.47,24.5
DWLR0004,2025-07-08 00:00:00,30.45,26.1
DWLR0004,2025-07-11 00:00:00,30.54,37.6
DWLR0004,2025-07-14 00:00:00,30.64,5.0
DWLR0004,2025-07-17 00:00:00,30.66,15.9
DWLR0004,2025-07-20 00:00:00,30.7,21.0
DWLR0004,2025-07-23 00:00:00,30.85,15.6
DWLR0004,2025-07-26 00:00:00,30.87,6.8
DWLR0004,2025-07-29 00:00:00,30.91,34.8
DWLR0004,2025-08-01 00:00:00,30.97,23.6
DWLR0004,2025-08-04 00:00:00,31.07,21.4
DWLR0004,2025-08-07 00:00:00,31.11,16.5
DWLR0004,2025-08-10 00:00:00,31.1,11.5
DWLR0004,2025-08-13 00:00:00,31.13,30.6
DWLR0004,2025-08-16 00:00:00,31.21,35.3
DWLR0004,2025-08-19 00:00:00,31.3,8.8
DWLR0004,2025-08-22 00:00:00,31.33,27.8
DWLR0004,2025-08-25 00:00:00,31.32,2.7
DWLR0004,2025-08-28 00:00:00,31.35,19.7
DWLR0004,2025-08-31 00:00:00,31.48,11.3
DWLR0004,2025-09-03 00:00:00,31.39,8.7
DWLR0004,2025-09-06 00:00:00,31.46,1.3
DWLR0004,2025-09-09 00:00:00,31.42,21.7
DWLR0004,2025-09-12 00:00:00,31.36,39.0
DWLR0004,2025-09-15 00:00:00,31.53,8.0
DWLR0004,2025-09-18 00:00:00,31.61,38.4
DWLR0004,2025-09-21 00:00:00,31.73,4.9
DWLR0004,2025-09-24 00:00:00,31.78,38.9
DWLR0004,2025-09-27 00:00:00,31.77,15.8
DWLR0004,2025-09-30 00:00:00,31.82,6.2
DWLR0004,2025-10-03 00:00:00,31.97,4.8
DWLR0004,2025-10-06 00:00:00,32.12,0.5
DWLR0004,2025-10-09 00:00:00,32.25,4.5
DWLR0004,2025-10-12 00:00:00,32.38,0.2
DWLR0004,2025-10-15 00:00:00,32.55,2.7
DWLR0004,2025-10-18 00:00:00,32.74,0.8
DWLR0004,2025-10-21 00:00:00,32.91,3.9
DWLR0004,2025-10-24 00:00:00,33.08,3.1
DWLR0004,2025-10-27 00:00:00,33.22,3.4
DWLR0004,2025-10-30 00:00:00,33.34,0.5
DWLR0004,2025-11-02 00:00:00,33.5,0.5
DWLR0004,2025-11-05 00:00:00,33.62,3.1
DWLR0004,2025-11-08 00:00:00,33.69,4.6
DWLR0004,2025-11-11 00:00:00,33.89,1.8
DWLR0004,2025-11-14 00:00:00,34.05,3.1
DWLR0004,2025-11-17 00:00:00,34.19,2.6
DWLR0004,2025-11-20 00:00:00,34.3,2.9
DWLR0004,2025-11-23 00:00:00,34.52,2.9
DWLR0004,2025-11-26 00:00:00,34.7,2.7
DWLR0005,2024-06-01 00:00:00,15.75,22.0
DWLR0005,2024-06-04 00:00:00,15.9,12.9
DWLR0005,2024-06-07 00:00:00,15.97,14.4
DWLR0005,2024-06-10 00:00:00,15.98,0.7
DWLR0005,2024-06-13 00:00:00,15.95,12.6
DWLR0005,2024-06-16 00:00:00,16.09,22.8
DWLR0005,2024-06-19 00:00:00,16.16,35.6
DWLR0005,2024-06-22 00:00:00,16.2,8.7
DWLR0005,2024-06-25 00:00:00,16.28,28.1
DWLR0005,2024-06-28 00:00:00,16.44,15.3
DWLR0005,2024-07-01 00:00:00,16.53,37.2
DWLR0005,2024-07-04 00:00:00,16.64,25.4
DWLR0005,2024-07-07 00:00:00,16.74,13.1
DWLR0005,2024-07-10 00:00:00,16.91,30.1
DWLR0005,2024-07-13 00:00:00,16.96,13.4
DWLR0005,2024-07-16 00:00:00,17.04,17.4
DWLR0005,2024-07-19 00:00:00,17.13,22.9
DWLR0005,2024-07-22 00:00:00,17.19,17.2
DWLR0005,2024-07-25 00:00:00,17.24,7.6
DWLR0005,2024-07-28 00:00:00,17.32,32.9
DWLR0005,2024-07-31 00:00:00,17.4,27.4
DWLR0005,2024-08-03 00:00:00,17.39,24.8
DWLR0005,2024-08-06 00:00:00,17.44,12.2
DWLR0005,2024-08-09 00:00:00,17.55,30.0
DWLR0005,2024-08-12 00:00:00,17.71,15.1
DWLR0005,2024-08-15 00:00:00,17.77,27.9
DWLR0005,2024-08-18 00:00:00,17.9,26.5
DWLR0005,2024-08-21 00:00:00,18.02,15.5
DWLR0005,2024-08-24 00:00:00,18.17,23.9
DWLR0005,2024-08-27 00:00:00,18.28,1.6
DWLR0005,2024-08-30 00:00:00,18.35,27.4
DWLR0005,2024-09-02 00:00:00,18.45,2.5
DWLR0005,2024-09-05 00:00:00,18.6,38.0
DWLR0005,2024-09-08 00:00:00,18.67,20.8
DWLR0005,2024-09-11 00:00:00,18.8,17.1
DWLR0005,2024-09-14 00:00:00,18.87,23.2
DWLR0005,2024-09-17 00:00:00,18.98,36.4
DWLR0005,2024-09-20 00:00:00,19.09,6.3
DWLR0005,2024-09-23 00:00:00,19.18,5.8
DWLR0005,2024-09-26 00:00:00,19.25,29.8
DWLR0005,2024-09-29 00:00:00,19.35,5.3
DWLR0005,2024-10-02 00:00:00,19.47,3.0
DWLR0005,2024-10-05 00:00:00,19.54,4.2
DWLR0005,2024-10-08 00:00:00,19.68,0.8
DWLR0005,2024-10-11 00:00:00,19.91,1.1
DWLR0005,2024-10-14 00:00:00,20.12,2.2
DWLR0005,2024-10-17 00:00:00,20.33,3.9
DWLR0005,2024-10-20 00:00:00,20.58,2.9
DWLR0005,2024-10-23 00:00:00,20.74,2.3
DWLR0005,2024-10-26 00:00:00,20.98,0.2
DWLR0005,2024-10-29 00:00:00,21.18,4.4
DWLR0005,2024-11-01 00:00:00,21.39,3.4
DWLR0005,2024-11-04 00:00:00,21.61,0.9
DWLR0005,2024-11-07 00:00:00,21.78,0.1
DWLR0005,2024-11-10 00:00:00,21.95,1.6
DWLR0005,2024-11-13 00:00:00,22.06,3.5
DWLR0005,2024-11-16 00:00:00,22.32,3.1
DWLR0005,2024-11-19 00:00:00,22.39,4.4
DWLR0005,2024-11-22 00:00:00,22.52,1.5
DWLR0005,2024-11-25 00:00:00,22.74,4.8
DWLR0005,2024-11-28 00:00:00,22.81,4.0
DWLR0005,2024-12-01 00:00:00,22.96,2.2
DWLR0005,2024-12-04 00:00:00,23.2,4.1
DWLR0005,2024-12-07 00:00:00,23.26,0.2
DWLR0005,2024-12-10 00:00:00,23.39,5.0
DWLR0005,2024-12-13 00:00:00,23.55,2.8
DWLR0005,2024-12-16 00:00:00,23.78,1.6
DWLR0005,2024-12-19 00:00:00,23.98,2.4
DWLR0005,2024-12-22 00:00:00,24.07,1.0
DWLR0005,2024-12-25 00:00:00,24.2,3.6
DWLR0005,2024-12-28 00:00:00,24.44,1.3
DWLR0005,2024-12-31 00:00:00,24.66,3.6
DWLR0005,2025-01-03 00:00:00,24.85,1.0
DWLR0005,2025-01-06 00:00:00,24.99,3.1
DWLR0005,2025-01-09 00:00:00,25.11,3.2
DWLR0005,2025-01-12 00:00:00,25.26,3.8
DWLR0005,2025-01-15 00:00:00,25.43,4.2
DWLR0005,2025-01-18 00:00:00,25.62,0.2
DWLR0005,2025-01-21 00:00:00,25.79,2.3
DWLR0005,2025-01-24 00:00:00,25.95,3.4
DWLR0005,2025-01-27 00:00:00,26.18,4.0
DWLR0005,2025-01-30 00:00:00,26.33,2.7
DWLR0005,2025-02-02 00:00:00,26.47,1.5
DWLR0005,2025-02-05 00:00:00,26.69,1.9
DWLR0005,2025-02-08 00:00:00,26.89,0.2
DWLR0005,2025-02-11 00:00:00,27.07,0.8
DWLR0005,2025-02-14 00:00:00,27.25,3.8
DWLR0005,2025-02-17 00:00:00,27.36,0.2
DWLR0005,2025-02-20 00:00:00,27.43,4.2
DWLR0005,2025-02-23 00:00:00,27.71,3.7
DWLR0005,2025-02-26 00:00:00,27.82,1.4
DWLR0005,2025-03-01 00:00:00,27.98,0.6
DWLR0005,2025-03-04 00:00:00,28.16,1.4
DWLR0005,2025-03-07 00:00:00,28.37,4.5
DWLR0005,2025-03-10 00:00:00,28.45,1.9
DWLR0005,2025-03-13 00:00:00,28.62,3.5
DWLR0005,2025-03-16 00:00:00,28.79,4.0
DWLR0005,2025-03-19 00:00:00,28.91,4.0
DWLR0005,2025-03-22 00:00:00,29.11,2.4
DWLR0005,2025-03-25 00:00:00,29.36,0.9
DWLR0005,2025-03-28 00:00:00,29.6,0.3
DWLR0005,2025-03-31 00:00:00,29.76,2.9
DWLR0005,2025-04-03 00:00:00,29.96,0.4
DWLR0005,2025-04-06 00:00:00,30.1,0.8
DWLR0005,2025-04-09 00:00:00,30.23,4.9
DWLR0005,2025-04-12 00:00:00,30.45,3.7
DWLR0005,2025-04-15 00:00:00,30.59,0.5
DWLR0005,2025-04-18 00:00:00,30.76,3.0
DWLR0005,2025-04-21 00:00:00,30.95,0.7
DWLR0005,2025-04-24 00:00:00,31.18,2.3
DWLR0005,2025-04-27 00:00:00,31.37,1.5
DWLR0005,2025-04-30 00:00:00,31.63,4.6
DWLR0005,2025-05-03 00:00:00,31.9,4.3
DWLR0005,2025-05-06 00:00:00,32.08,4.9
DWLR0005,2025-05-09 00:00:00,32.18,3.1
DWLR0005,2025-05-12 00:00:00,32.33,0.7
DWLR0005,2025-05-15 00:00:00,32.48,4.4
DWLR0005,2025-05-18 00:00:00,32.67,3.3
DWLR0005,2025-05-21 00:00:00,32.89,4.5
DWLR0005,2025-05-24 00:00:00,33.08,4.1
DWLR0005,2025-05-27 00:00:00,33.24,3.7
DWLR0005,2025-05-30 00:00:00,33.43,0.2
DWLR0005,2025-06-02 00:00:00,33.5,29.2
DWLR0005,2025-06-05 00:00:00,33.62,20.9
DWLR0005,2025-06-08 00:00:00,33.74,27.4
DWLR0005,2025-06-11 00:00:00,33.84,0.4
DWLR0005,2025-06-14 00:00:00,33.91,39.1
DWLR0005,2025-06-17 00:00:00,33.98,31.4
DWLR0005,2025-06-20 00:00:00,34.06,11.7
DWLR0005,2025-06-23 00:00:00,34.12,31.4
DWLR0005,2025-06-26 00:00:00,34.18,24.2
DWLR0005,2025-06-29 00:00:00,34.29,31.3
DWLR0005,2025-07-02 00:00:00,34.4,38.7
DWLR0005,2025-07-05 00:00:00,34.51,15.3
DWLR0005,2025-07-08 00:00:00,34.61,2.2
DWLR0005,2025-07-11 00:00:00,34.63,19.1
DWLR0005,2025-07-14 00:00:00,34.72,10.5
DWLR0005,2025-07-17 00:00:00,34.77,12.6
DWLR0005,2025-07-20 00:00:00,34.8,33.8
DWLR0005,2025-07-23 00:00:00,34.9,10.2
DWLR0005,2025-07-26 00:00:00,35.03,30.8
DWLR0005,2025-07-29 00:00:00,35.11,0.3
DWLR0005,2025-08-01 00:00:00,35.14,29.0
DWLR0005,2025-08-04 00:00:00,35.22,35.8
DWLR0005,2025-08-07 00:00:00,35.2,24.2
DWLR0005,2025-08-10 00:00:00,35.25,4.4
DWLR0005,2025-08-13 00:00:00,35.31,39.8
DWLR0005,2025-08-16 00:00:00,35.42,31.2
DWLR0005,2025-08-19 00:00:00,35.44,32.5
DWLR0005,2025-08-22 00:00:00,35.53,25.8
DWLR0005,2025-08-25 00:00:00,35.53,17.7
DWLR0005,2025-08-28 00:00:00,35.57,0.8
DWLR0005,2025-08-31 00:00:00,35.59,6.1
DWLR0005,2025-09-03 00:00:00,35.64,19.1
DWLR0005,2025-09-06 00:00:00,35.71,15.4
DWLR0005,2025-09-09 00:00:00,35.83,13.3
DWLR0005,2025-09-12 00:00:00,35.93,34.1
DWLR0005,2025-09-15 00:00:00,35.99,22.2
DWLR0005,2025-09-18 00:00:00,36.06,27.6
DWLR0005,2025-09-21 00:00:00,36.09,1.0
DWLR0005,2025-09-24 00:00:00,36.23,20.0
DWLR0005,2025-09-27 00:00:00,36.39,13.5
DWLR0005,2025-09-30 00:00:00,36.46,37.6
DWLR0005,2025-10-03 00:00:00,36.66,3.7
DWLR0005,2025-10-06 00:00:00,36.84,3.2
DWLR0005,2025-10-09 00:00:00,36.97,3.1
DWLR0005,2025-10-12 00:00:00,37.21,3.1
DWLR0005,2025-10-15 00:00:00,37.35,2.0
DWLR0005,2025-10-18 00:00:00,37.54,1.1
DWLR0005,2025-10-21 00:00:00,37.65,0.8
DWLR0005,2025-10-24 00:00:00,37.75,4.0
DWLR0005,2025-10-27 00:00:00,37.86,0.0
DWLR0005,2025-10-30 00:00:00,38.1,4.0
DWLR0005,2025-11-02 00:00:00,38.23,1.2
DWLR0005,2025-11-05 00:00:00,38.39,0.4
DWLR0005,2025-11-08 00:00:00,38.56,4.9
DWLR0005,2025-11-11 00:00:00,38.82,2.3
DWLR0005,2025-11-14 00:00:00,38.92,4.2
DWLR0005,2025-11-17 00:00:00,39.06,1.8
DWLR0005,2025-11-20 00:00:00,39.21,0.5
DWLR0005,2025-11-23 00:00:00,39.3,0.4
DWLR0005,2025-11-26 00:00:00,39.48,4.5
DWLR0006,2024-06-01 00:00:00,9.51,35.7
DWLR0006,2024-06-04 00:00:00,9.33,24.4
DWLR0006,2024-06-07 00:00:00,9.22,10.8
DWLR0006,2024-06-10 00:00:00,9.11,18.6
DWLR0006,2024-06-13 00:00:00,8.97,31.8
DWLR0006,2024-06-16 00:00:00,8.94,16.5
DWLR0006,2024-06-19 00:00:00,8.84,0.6
DWLR0006,2024-06-22 00:00:00,8.72,37.1
DWLR0006,2024-06-25 00:00:00,8.7,39.7
DWLR0006,2024-06-28 00:00:00,8.68,27.9
DWLR0006,2024-07-01 00:00:00,8.56,16.3
DWLR0006,2024-07-04 00:00:00,8.39,26.8
DWLR0006,2024-07-07 00:00:00,8.35,18.6
DWLR0006,2024-07-10 00:00:00,8.23,28.2
DWLR0006,2024-07-13 00:00:00,8.11,11.9
DWLR0006,2024-07-16 00:00:00,8.06,27.4
DWLR0006,2024-07-19 00:00:00,8.09,14.6
DWLR0006,2024-07-22 00:00:00,7.97,25.9
DWLR0006,2024-07-25 00:00:00,7.93,21.6
DWLR0006,2024-07-28 00:00:00,7.93,30.1
DWLR0006,2024-07-31 00:00:00,7.93,2.2
DWLR0006,2024-08-03 00:00:00,7.85,21.3
DWLR0006,2024-08-06 00:00:00,7.83,27.7
DWLR0006,2024-08-09 00:00:00,7.74,15.6
DWLR0006,2024-08-12 00:00:00,7.57,5.9
DWLR0006,2024-08-15 00:00:00,7.51,27.3
DWLR0006,2024-08-18 00:00:00,7.43,7.6
DWLR0006,2024-08-21 00:00:00,7.34,23.1
DWLR0006,2024-08-24 00:00:00,7.29,21.9
DWLR0006,2024-08-27 00:00:00,7.3,9.1
DWLR0006,2024-08-30 00:00:00,7.23,38.2
DWLR0006,2024-09-02 00:00:00,7.15,28.3
DWLR0006,2024-09-05 00:00:00,7.15,23.0
DWLR0006,2024-09-08 00:00:00,7.07,39.1
DWLR0006,2024-09-11 00:00:00,6.98,1.0
DWLR0006,2024-09-14 00:00:00,6.97,38.8
DWLR0006,2024-09-17 00:00:00,6.96,38.8
DWLR0006,2024-09-20 00:00:00,6.97,36.9
DWLR0006,2024-09-23 00:00:00,6.9,4.7
DWLR0006,2024-09-26 00:00:00,6.75,24.3
DWLR0006,2024-09-29 00:00:00,6.65,3.3
DWLR0006,2024-10-02 00:00:00,6.72,2.5
DWLR0006,2024-10-05 00:00:00,6.7,3.6
DWLR0006,2024-10-08 00:00:00,6.66,2.2
DWLR0006,2024-10-11 00:00:00,6.72,2.2
DWLR0006,2024-10-14 00:00:00,6.74,4.2
DWLR0006,2024-10-17 00:00:00,6.76,1.7
DWLR0006,2024-10-20 00:00:00,6.84,1.4
DWLR0006,2024-10-23 00:00:00,6.81,4.2
DWLR0006,2024-10-26 00:00:00,6.86,2.5
DWLR0006,2024-10-29 00:00:00,6.92,3.2
DWLR0006,2024-11-01 00:00:00,6.94,4.5
DWLR0006,2024-11-04 00:00:00,7.06,3.0
DWLR0006,2024-11-07 00:00:00,7.08,4.9
DWLR0006,2024-11-10 00:00:00,7.14,2.9
DWLR0006,2024-11-13 00:00:00,7.11,1.8
DWLR0006,2024-11-16 00:00:00,7.12,0.4
DWLR0006,2024-11-19 00:00:00,7.11,1.6
DWLR0006,2024-11-22 00:00:00,7.17,1.8
DWLR0006,2024-11-25 00:00:00,7.14,3.9
DWLR0006,2024-11-28 00:00:00,7.12,4.2
DWLR0006,2024-12-01 00:00:00,7.24,3.6
DWLR0006,2024-12-04 00:00:00,7.24,0.7
DWLR0006,2024-12-07 00:00:00,7.23,4.9
DWLR0006,2024-12-10 00:00:00,7.25,0.6
DWLR0006,2024-12-13 00:00:00,7.23,4.9
DWLR0006,2024-12-16 00:00:00,7.21,2.2
DWLR0006,2024-12-19 00:00:00,7.22,4.5
DWLR0006,2024-12-22 00:00:00,7.11,3.0
DWLR0006,2024-12-25 00:00:00,7.13,3.7
DWLR0006,2024-12-28 00:00:00,7.15,3.1
DWLR0006,2024-12-31 00:00:00,7.21,3.6
DWLR0006,2025-01-03 00:00:00,7.34,4.6
DWLR0006,2025-01-06 00:00:00,7.37,3.4
DWLR0006,2025-01-09 00:00:00,7.41,2.0
DWLR0006,2025-01-12 00:00:00,7.46,1.8
DWLR0006,2025-01-15 00:00:00,7.41,2.3
DWLR0006,2025-01-18 00:00:00,7.49,4.9
DWLR0006,2025-01-21 00:00:00,7.59,1.8
DWLR0006,2025-01-24 00:00:00,7.59,3.4
DWLR0006,2025-01-27 00:00:00,7.62,4.5
DWLR0006,2025-01-30 00:00:00,7.62,2.0
DWLR0006,2025-02-02 00:00:00,7.65,3.0
DWLR0006,2025-02-05 00:00:00,7.76,4.8
DWLR0006,2025-02-08 00:00:00,7.76,2.4
DWLR0006,2025-02-11 00:00:00,7.75,2.5
DWLR0006,2025-02-14 00:00:00,7.72,3.1
DWLR0006,2025-02-17 00:00:00,7.77,1.5
DWLR0006,2025-02-20 00:00:00,7.81,0.1
DWLR0006,2025-02-23 00:00:00,7.9,4.3
DWLR0006,2025-02-26 00:00:00,7.91,4.4
DWLR0006,2025-03-01 00:00:00,7.91,2.8
DWLR0006,2025-03-04 00:00:00,7.95,0.8
DWLR0006,2025-03-07 00:00:00,7.96,3.8
DWLR0006,2025-03-10 00:00:00,7.96,4.0
DWLR0006,2025-03-13 00:00:00,8.0,5.0
DWLR0006,2025-03-16 00:00:00,7.98,0.4
DWLR0006,2025-03-19 00:00:00,7.99,0.2
DWLR0006,2025-03-22 00:00:00,7.99,2.3
DWLR0006,2025-03-25 00:00:00,7.93,2.4
DWLR0006,2025-03-28 00:00:00,7.99,0.8
DWLR0006,2025-03-31 00:00:00,8.02,0.4
DWLR0006,2025-04-03 00:00:00,8.07,4.0
DWLR0006,2025-04-06 00:00:00,8.14,1.4
DWLR0006,2025-04-09 00:00:00,8.12,4.1
DWLR0006,2025-04-12 00:00:00,8.16,1.3
DWLR0006,2025-04-15 00:00:00,8.2,2.6
DWLR0006,2025-04-18 00:00:00,8.26,1.3
DWLR0006,2025-04-21 00:00:00,8.38,3.6
DWLR0006,2025-04-24 00:00:00,8.38,3.8
DWLR0006,2025-04-27 00:00:00,8.49,4.2
DWLR0006,2025-04-30 00:00:00,8.44,1.2
DWLR0006,2025-05-03 00:00:00,8.46,5.0
DWLR0006,2025-05-06 00:00:00,8.4,3.9
DWLR0006,2025-05-09 00:00:00,8.44,3.9
DWLR0006,2025-05-12 00:00:00,8.36,4.8
DWLR0006,2025-05-15 00:00:00,8.5,4.2
DWLR0006,2025-05-18 00:00:00,8.52,2.9
DWLR0006,2025-05-21 00:00:00,8.59,3.9
DWLR0006,2025-05-24 00:00:00,8.64,4.7
DWLR0006,2025-05-27 00:00:00,8.6,4.3
DWLR0006,2025-05-30 00:00:00,8.61,2.4
DWLR0006,2025-06-02 00:00:00,8.58,14.7
DWLR0006,2025-06-05 00:00:00,8.56,32.0
DWLR0006,2025-06-08 00:00:00,8.46,25.6
DWLR0006,2025-06-11 00:00:00,8.41,17.7
DWLR0006,2025-06-14 00:00:00,8.32,37.5
DWLR0006,2025-06-17 00:00:00,8.31,12.7
DWLR0006,2025-06-20 00:00:00,8.27,31.2
DWLR0006,2025-06-23 00:00:00,8.24,36.7
DWLR0006,2025-06-26 00:00:00,8.11,29.2
DWLR0006,2025-06-29 00:00:00,8.08,7.3
DWLR0006,2025-07-02 00:00:00,7.94,23.0
DWLR0006,2025-07-05 00:00:00,7.88,5.2
DWLR0006,2025-07-08 00:00:00,7.91,5.3
DWLR0006,2025-07-11 00:00:00,7.75,14.7
DWLR0006,2025-07-14 00:00:00,7.67,0.9
DWLR0006,2025-07-17 00:00:00,7.58,10.5
DWLR0006,2025-07-20 00:00:00,7.53,38.3
DWLR0006,2025-07-23 00:00:00,7.41,37.1
DWLR0006,2025-07-26 00:00:00,7.4,32.5
DWLR0006,2025-07-29 00:00:00,7.27,8.6
DWLR0006,2025-08-01 00:00:00,7.24,1.2
DWLR0006,2025-08-04 00:00:00,7.23,25.9
DWLR0006,2025-08-07 00:00:00,7.15,8.5
DWLR0006,2025-08-10 00:00:00,7.09,2.1
DWLR0006,2025-08-13 00:00:00,7.07,32.1
DWLR0006,2025-08-16 00:00:00,6.97,39.1
DWLR0006,2025-08-19 00:00:00,6.93,6.8
DWLR0006,2025-08-22 00:00:00,6.89,17.3
DWLR0006,2025-08-25 00:00:00,6.9,11.2
DWLR0006,2025-08-28 00:00:00,6.89,37.1
DWLR0006,2025-08-31 00:00:00,6.8,38.0
DWLR0006,2025-09-03 00:00:00,6.72,2.2
DWLR0006,2025-09-06 00:00:00,6.56,35.8
DWLR0006,2025-09-09 00:00:00,6.54,4.5
DWLR0006,2025-09-12 00:00:00,6.46,33.4
DWLR0006,2025-09-15 00:00:00,6.4,39.9
DWLR0006,2025-09-18 00:00:00,6.23,19.9
DWLR0006,2025-09-21 00:00:00,6.07,14.9
DWLR0006,2025-09-24 00:00:00,6.03,28.3
DWLR0006,2025-09-27 00:00:00,5.92,1.8
DWLR0006,2025-09-30 00:00:00,5.96,31.9
DWLR0006,2025-10-03 00:00:00,6.01,3.7
DWLR0006,2025-10-06 00:00:00,5.97,3.9
DWLR0006,2025-10-09 00:00:00,5.95,3.2
DWLR0006,2025-10-12 00:00:00,6.03,4.6
DWLR0006,2025-10-15 00:00:00,6.07,1.0
DWLR0006,2025-10-18 00:00:00,6.03,2.1
DWLR0006,2025-10-21 00:00:00,6.05,4.9
DWLR0006,2025-10-24 00:00:00,6.12,3.2
DWLR0006,2025-10-27 00:00:00,6.05,4.9
DWLR0006,2025-10-30 00:00:00,6.07,2.8
DWLR0006,2025-11-02 00:00:00,6.14,3.6
DWLR0006,2025-11-05 00:00:00,6.16,3.7
DWLR0006,2025-11-08 00:00:00,6.21,3.5
DWLR0006,2025-11-11 00:00:00,6.28,1.7
DWLR0006,2025-11-14 00:00:00,6.36,1.3
DWLR0006,2025-11-17 00:00:00,6.31,3.3
DWLR0006,2025-11-20 00:00:00,6.37,1.5
DWLR0006,2025-11-23 00:00:00,6.47,4.0
DWLR0006,2025-11-26 00:00:00,6.44,0.9
DWLR0007,2024-06-01 00:00:00,7.92,21.5
DWLR0007,2024-06-04 00:00:00,7.75,36.1
DWLR0007,2024-06-07 00:00:00,7.72,9.7
DWLR0007,2024-06-10 00:00:00,7.6,33.9
DWLR0007,2024-06-13 00:00:00,7.57,40.0
DWLR0007,2024-06-16 00:00:00,7.52,36.2
DWLR0007,2024-06-19 00:00:00,7.47,22.1
DWLR0007,2024-06-22 00:00:00,7.45,25.8
DWLR0007,2024-06-25 00:00:00,7.35,17.5
DWLR0007,2024-06-28 00:00:00,7.36,28.6
DWLR0007,2024-07-01 00:00:00,7.32,37.6
DWLR0007,2024-07-04 00:00:00,7.25,8.3
DWLR0007,2024-07-07 00:00:00,7.18,19.7
DWLR0007,2024-07-10 00:00:00,7.17,40.0
DWLR0007,2024-07-13 00:00:00,7.16,20.1
DWLR0007,2024-07-16 00:00:00,7.1,19.5
DWLR0007,2024-07-19 00:00:00,7.14,35.9
DWLR0007,2024-07-22 00:00:00,7.09,37.9
DWLR0007,2024-07-25 00:00:00,7.12,24.4
DWLR0007,2024-07-28 00:00:00,7.08,4.7
DWLR0007,2024-07-31 00:00:00,7.05,19.9
DWLR0007,2024-08-03 00:00:00,6.99,8.1
DWLR0007,2024-08-06 00:00:00,6.93,11.5
DWLR0007,2024-08-09 00:00:00,6.88,9.8
DWLR0007,2024-08-12 00:00:00,6.88,36.7
DWLR0007,2024-08-15 00:00:00,6.92,17.7
DWLR0007,2024-08-18 00:00:00,6.88,16.1
DWLR0007,2024-08-21 00:00:00,6.89,6.0
DWLR0007,2024-08-24 00:00:00,6.93,38.9
DWLR0007,2024-08-27 00:00:00,6.92,12.5
DWLR0007,2024-08-30 00:00:00,6.86,16.2
DWLR0007,2024-09-02 00:00:00,6.83,13.8
DWLR0007,2024-09-05 00:00:00,6.79,21.5
DWLR0007,2024-09-08 00:00:00,6.78,8.5
DWLR0007,2024-09-11 00:00:00,6.66,35.6
DWLR0007,2024-09-14 00:00:00,6.64,20.2
DWLR0007,2024-09-17 00:00:00,6.56,30.3
DWLR0007,2024-09-20 00:00:00,6.54,9.4
DWLR0007,2024-09-23 00:00:00,6.55,33.8
DWLR0007,2024-09-26 00:00:00,6.5,5.6
DWLR0007,2024-09-29 00:00:00,6.37,31.1
DWLR0007,2024-10-02 00:00:00,6.33,2.1
DWLR0007,2024-10-05 00:00:00,6.28,2.8
DWLR0007,2024-10-08 00:00:00,6.4,3.4
DWLR0007,2024-10-11 00:00:00,6.48,2.4
DWLR0007,2024-10-14 00:00:00,6.54,2.3
DWLR0007,2024-10-17 00:00:00,6.5,4.3
DWLR0007,2024-10-20 00:00:00,6.44,1.5
DWLR0007,2024-10-23 00:00:00,6.45,2.1
DWLR0007,2024-10-26 00:00:00,6.54,0.0
DWLR0007,2024-10-29 00:00:00,6.52,2.3
DWLR0007,2024-11-01 00:00:00,6.54,0.7
DWLR0007,2024-11-04 00:00:00,6.63,0.4
DWLR0007,2024-11-07 00:00:00,6.66,0.2
DWLR0007,2024-11-10 00:00:00,6.66,0.1
DWLR0007,2024-11-13 00:00:00,6.71,0.4
DWLR0007,2024-11-16 00:00:00,6.82,3.8
DWLR0007,2024-11-19 00:00:00,6.92,1.4
DWLR0007,2024-11-22 00:00:00,6.93,2.7
DWLR0007,2024-11-25 00:00:00,6.93,0.9
DWLR0007,2024-11-28 00:00:00,6.96,2.7
DWLR0007,2024-12-01 00:00:00,7.05,3.4
DWLR0007,2024-12-04 00:00:00,7.0,0.5
DWLR0007,2024-12-07 00:00:00,7.02,0.3
DWLR0007,2024-12-10 00:00:00,7.0,4.7
DWLR0007,2024-12-13 00:00:00,6.98,3.2
DWLR0007,2024-12-16 00:00:00,7.03,3.8
DWLR0007,2024-12-19 00:00:00,7.12,2.5
DWLR0007,2024-12-22 00:00:00,7.17,4.8
DWLR0007,2024-12-25 00:00:00,7.26,3.1
DWLR0007,2024-12-28 00:00:00,7.25,1.3
DWLR0007,2024-12-31 00:00:00,7.37,1.4
DWLR0007,2025-01-03 00:00:00,7.36,4.2
DWLR0007,2025-01-06 00:00:00,7.46,4.0
DWLR0007,2025-01-09 00:00:00,7.57,1.4
DWLR0007,2025-01-12 00:00:00,7.58,4.6
DWLR0007,2025-01-15 00:00:00,7.55,0.9
DWLR0007,2025-01-18 00:00:00,7.55,4.4
DWLR0007,2025-01-21 00:00:00,7.64,0.6
DWLR0007,2025-01-24 00:00:00,7.77,4.1
DWLR0007,2025-01-27 00:00:00,7.8,3.7
DWLR0007,2025-01-30 00:00:00,7.92,3.1
DWLR0007,2025-02-02 00:00:00,7.99,2.5
DWLR0007,2025-02-05 00:00:00,8.01,0.6
DWLR0007,2025-02-08 00:00:00,8.02,3.4
DWLR0007,2025-02-11 00:00:00,8.04,4.7
DWLR0007,2025-02-14 00:00:00,8.18,0.1
DWLR0007,2025-02-17 00:00:00,8.31,0.0
DWLR0007,2025-02-20 00:00:00,8.35,4.2
DWLR0007,2025-02-23 00:00:00,8.38,0.2
DWLR0007,2025-02-26 00:00:00,8.47,2.0
DWLR0007,2025-03-01 00:00:00,8.49,3.4
DWLR0007,2025-03-04 00:00:00,8.5,3.1
DWLR0007,2025-03-07 00:00:00,8.49,4.2
DWLR0007,2025-03-10 00:00:00,8.59,2.6
DWLR0007,2025-03-13 00:00:00,8.57,2.2
DWLR0007,2025-03-16 00:00:00,8.65,3.5
DWLR0007,2025-03-19 00:00:00,8.76,2.2
DWLR0007,2025-03-22 00:00:00,8.71,3.1
DWLR0007,2025-03-25 00:00:00,8.76,2.3
DWLR0007,2025-03-28 00:00:00,8.78,0.1
DWLR0007,2025-03-31 00:00:00,8.8,3.0
DWLR0007,2025-04-03 00:00:00,8.82,2.4
DWLR0007,2025-04-06 00:00:00,8.8,2.9
DWLR0007,2025-04-09 00:00:00,8.83,0.7
DWLR0007,2025-04-12 00:00:00,8.85,3.3
DWLR0007,2025-04-15 00:00:00,8.84,1.7
DWLR0007,2025-04-18 00:00:00,8.87,2.4
DWLR0007,2025-04-21 00:00:00,8.95,1.7
DWLR0007,2025-04-24 00:00:00,8.98,2.5
DWLR0007,2025-04-27 00:00:00,9.05,2.4
DWLR0007,2025-04-30 00:00:00,9.14,4.1
DWLR0007,2025-05-03 00:00:00,9.08,2.2
DWLR0007,2025-05-06 00:00:00,9.09,1.4
DWLR0007,2025-05-09 00:00:00,9.04,1.0
DWLR0007,2025-05-12 00:00:00,8.97,3.3
DWLR0007,2025-05-15 00:00:00,9.01,1.9
DWLR0007,2025-05-18 00:00:00,9.04,3.6
DWLR0007,2025-05-21 00:00:00,9.01,3.5
DWLR0007,2025-05-24 00:00:00,9.07,2.9
DWLR0007,2025-05-27 00:00:00,9.12,1.4
DWLR0007,2025-05-30 00:00:00,9.16,3.9
DWLR0007,2025-06-02 00:00:00,9.17,30.0
DWLR0007,2025-06-05 00:00:00,9.08,19.3
DWLR0007,2025-06-08 00:00:00,9.11,26.0
DWLR0007,2025-06-11 00:00:00,9.0,17.0
DWLR0007,2025-06-14 00:00:00,8.93,30.1
DWLR0007,2025-06-17 00:00:00,8.84,13.5
DWLR0007,2025-06-20 00:00:00,8.75,1.0
DWLR0007,2025-06-23 00:00:00,8.63,20.1
DWLR0007,2025-06-26 00:00:00,8.52,14.4
DWLR0007,2025-06-29 00:00:00,8.52,30.7
DWLR0007,2025-07-02 00:00:00,8.55,28.6
DWLR0007,2025-07-05 00:00:00,8.52,39.9
DWLR0007,2025-07-08 00:00:00,8.55,39.6
DWLR0007,2025-07-11 00:00:00,8.49,9.3
DWLR0007,2025-07-14 00:00:00,8.43,3.4
DWLR0007,2025-07-17 00:00:00,8.45,34.1
DWLR0007,2025-07-20 00:00:00,8.42,20.0
DWLR0007,2025-07-23 00:00:00,8.38,30.5
DWLR0007,2025-07-26 00:00:00,8.31,5.6
DWLR0007,2025-07-29 00:00:00,8.36,23.0
DWLR0007,2025-08-01 00:00:00,8.33,19.0
DWLR0007,2025-08-04 00:00:00,8.25,27.0
DWLR0007,2025-08-07 00:00:00,8.15,36.5
DWLR0007,2025-08-10 00:00:00,8.06,14.7
DWLR0007,2025-08-13 00:00:00,8.05,5.2
DWLR0007,2025-08-16 00:00:00,7.95,34.8
DWLR0007,2025-08-19 00:00:00,7.91,12.4
DWLR0007,2025-08-22 00:00:00,7.87,17.8
DWLR0007,2025-08-25 00:00:00,7.84,19.6
DWLR0007,2025-08-28 00:00:00,7.78,13.9
DWLR0007,2025-08-31 00:00:00,7.79,16.6
DWLR0007,2025-09-03 00:00:00,7.72,27.9
DWLR0007,2025-09-06 00:00:00,7.55,35.3
DWLR0007,2025-09-09 00:00:00,7.5,36.3
DWLR0007,2025-09-12 00:00:00,7.43,20.2
DWLR0007,2025-09-15 00:00:00,7.33,1.1
DWLR0007,2025-09-18 00:00:00,7.28,7.8
DWLR0007,2025-09-21 00:00:00,7.22,18.6
DWLR0007,2025-09-24 00:00:00,7.18,18.8
DWLR0007,2025-09-27 00:00:00,7.11,5.0
DWLR0007,2025-09-30 00:00:00,7.08,17.6
DWLR0007,2025-10-03 00:00:00,7.12,0.2
DWLR0007,2025-10-06 00:00:00,7.15,3.5
DWLR0007,2025-10-09 00:00:00,7.11,1.2
DWLR0007,2025-10-12 00:00:00,7.09,4.1
DWLR0007,2025-10-15 00:00:00,7.23,3.3
DWLR0007,2025-10-18 00:00:00,7.28,3.1
DWLR0007,2025-10-21 00:00:00,7.29,0.5
DWLR0007,2025-10-24 00:00:00,7.3,1.1
DWLR0007,2025-10-27 00:00:00,7.41,2.1
DWLR0007,2025-10-30 00:00:00,7.55,4.6
DWLR0007,2025-11-02 00:00:00,7.57,1.9
DWLR0007,2025-11-05 00:00:00,7.64,3.4
DWLR0007,2025-11-08 00:00:00,7.73,2.2
DWLR0007,2025-11-11 00:00:00,7.72,0.1
DWLR0007,2025-11-14 00:00:00,7.74,0.4
DWLR0007,2025-11-17 00:00:00,7.73,1.2
DWLR0007,2025-11-20 00:00:00,7.75,1.6
DWLR0007,2025-11-23 00:00:00,7.88,3.8
DWLR0007,2025-11-26 00:00:00,7.83,4.6
DWLR0008,2024-06-01 00:00:00,18.92,7.3
DWLR0008,2024-06-04 00:00:00,18.83,39.7
DWLR0008,2024-06-07 00:00:00,18.83,8.2
DWLR0008,2024-06-10 00:00:00,18.74,17.0
DWLR0008,2024-06-13 00:00:00,18.68,34.5
DWLR0008,2024-06-16 00:00:00,18.62,16.9
DWLR0008,2024-06-19 00:00:00,18.54,30.5
DWLR0008,2024-06-22 00:00:00,18.53,22.1
DWLR0008,2024-06-25 00:00:00,18.44,19.2
DWLR0008,2024-06-28 00:00:00,18.29,34.5
DWLR0008,2024-07-01 00:00:00,18.24,29.7
DWLR0008,2024-07-04 00:00:00,18.27,39.7
DWLR0008,2024-07-07 00:00:00,18.2,30.9
DWLR0008,2024-07-10 00:00:00,18.18,2.3
DWLR0008,2024-07-13 00:00:00,18.14,14.5
DWLR0008,2024-07-16 00:00:00,18.14,37.8
DWLR0008,2024-07-19 00:00:00,18.03,4.7
DWLR0008,2024-07-22 00:00:00,17.97,3.2
DWLR0008,2024-07-25 00:00:00,17.95,20.0
DWLR0008,2024-07-28 00:00:00,17.94,37.0
DWLR0008,2024-07-31 00:00:00,17.97,10.8
DWLR0008,2024-08-03 00:00:00,17.88,19.7
DWLR0008,2024-08-06 00:00:00,17.76,17.2
DWLR0008,2024-08-09 00:00:00,17.64,4.4
DWLR0008,2024-08-12 00:00:00,17.6,7.7
DWLR0008,2024-08-15 00:00:00,17.55,25.5
DWLR0008,2024-08-18 00:00:00,17.38,9.4
DWLR0008,2024-08-21 00:00:00,17.32,26.6
DWLR0008,2024-08-24 00:00:00,17.26,20.8
DWLR0008,2024-08-27 00:00:00,17.27,13.5
DWLR0008,2024-08-30 00:00:00,17.21,15.9
DWLR0008,2024-09-02 00:00:00,17.16,34.8
DWLR0008,2024-09-05 00:00:00,17.1,21.2
DWLR0008,2024-09-08 00:00:00,17.09,34.8
DWLR0008,2024-09-11 00:00:00,17.04,12.9
DWLR0008,2024-09-14 00:00:00,17.07,9.3
DWLR0008,2024-09-17 00:00:00,17.09,37.7
DWLR0008,2024-09-20 00:00:00,17.05,24.3
DWLR0008,2024-09-23 00:00:00,17.08,1.3
DWLR0008,2024-09-26 00:00:00,17.11,18.7
DWLR0008,2024-09-29 00:00:00,17.08,6.8
DWLR0008,2024-10-02 00:00:00,17.04,4.6
DWLR0008,2024-10-05 00:00:00,17.06,4.8
DWLR0008,2024-10-08 00:00:00,17.16,4.0
DWLR0008,2024-10-11 00:00:00,17.15,1.7
DWLR0008,2024-10-14 00:00:00,17.28,4.8
DWLR0008,2024-10-17 00:00:00,17.26,1.7
DWLR0008,2024-10-20 00:00:00,17.31,1.6
DWLR0008,2024-10-23 00:00:00,17.29,1.9
DWLR0008,2024-10-26 00:00:00,17.32,3.3
DWLR0008,2024-10-29 00:00:00,17.3,4.1
DWLR0008,2024-11-01 00:00:00,17.32,3.7
DWLR0008,2024-11-04 00:00:00,17.35,3.4
DWLR0008,2024-11-07 00:00:00,17.35,1.5
DWLR0008,2024-11-10 00:00:00,17.49,4.2
DWLR0008,2024-11-13 00:00:00,17.62,4.3
DWLR0008,2024-11-16 00:00:00,17.68,0.1
DWLR0008,2024-11-19 00:00:00,17.7,0.4
DWLR0008,2024-11-22 00:00:00,17.81,0.5
DWLR0008,2024-11-25 00:00:00,17.92,1.5
DWLR0008,2024-11-28 00:00:00,18.01,1.0
DWLR0008,2024-12-01 00:00:00,18.13,0.5
DWLR0008,2024-12-04 00:00:00,18.2,0.8
DWLR0008,2024-12-07 00:00:00,18.16,2.6
DWLR0008,2024-12-10 00:00:00,18.12,0.6
DWLR0008,2024-12-13 00:00:00,18.19,3.9
DWLR0008,2024-12-16 00:00:00,18.27,1.9
DWLR0008,2024-12-19 00:00:00,18.24,3.2
DWLR0008,2024-12-22 00:00:00,18.33,3.5
DWLR0008,2024-12-25 00:00:00,18.34,1.5
DWLR0008,2024-12-28 00:00:00,18.36,2.0
DWLR0008,2024-12-31 00:00:00,18.46,0.3
DWLR0008,2025-01-03 00:00:00,18.59,1.0
DWLR0008,2025-01-06 00:00:00,18.64,2.2
DWLR0008,2025-01-09 00:00:00,18.63,1.3
DWLR0008,2025-01-12 00:00:00,18.7,0.9
DWLR0008,2025-01-15 00:00:00,18.81,4.5
DWLR0008,2025-01-18 00:00:00,18.78,4.6
DWLR0008,2025-01-21 00:00:00,18.88,0.2
DWLR0008,2025-01-24 00:00:00,18.88,2.8
DWLR0008,2025-01-27 00:00:00,18.96,1.3
DWLR0008,2025-01-30 00:00:00,19.03,4.7
DWLR0008,2025-02-02 00:00:00,19.06,3.2
DWLR0008,2025-02-05 00:00:00,19.1,4.1
DWLR0008,2025-02-08 00:00:00,19.09,1.4
DWLR0008,2025-02-11 00:00:00,19.08,4.5
DWLR0008,2025-02-14 00:00:00,19.14,4.9
DWLR0008,2025-02-17 00:00:00,19.18,4.4
DWLR0008,2025-02-20 00:00:00,19.2,1.4
DWLR0008,2025-02-23 00:00:00,19.2,0.9
DWLR0008,2025-02-26 00:00:00,19.34,2.0
DWLR0008,2025-03-01 00:00:00,19.42,0.7
DWLR0008,2025-03-04 00:00:00,19.5,3.9
DWLR0008,2025-03-07 00:00:00,19.54,2.3
DWLR0008,2025-03-10 00:00:00,19.6,1.1
DWLR0008,2025-03-13 00:00:00,19.67,3.2
DWLR0008,2025-03-16 00:00:00,19.59,1.4
DWLR0008,2025-03-19 00:00:00,19.64,4.7
DWLR0008,2025-03-22 00:00:00,19.67,0.6
DWLR0008,2025-03-25 00:00:00,19.69,2.7
DWLR0008,2025-03-28 00:00:00,19.78,4.7
DWLR0008,2025-03-31 00:00:00,19.88,3.8
DWLR0008,2025-04-03 00:00:00,19.93,0.3
DWLR0008,2025-04-06 00:00:00,20.04,4.2
DWLR0008,2025-04-09 00:00:00,20.07,0.0
DWLR0008,2025-04-12 00:00:00,20.21,2.6
DWLR0008,2025-04-15 00:00:00,20.29,0.0
DWLR0008,2025-04-18 00:00:00,20.31,2.0
DWLR0008,2025-04-21 00:00:00,20.31,2.1
DWLR0008,2025-04-24 00:00:00,20.41,1.9
DWLR0008,2025-04-27 00:00:00,20.49,3.3
DWLR0008,2025-04-30 00:00:00,20.59,3.5
DWLR0008,2025-05-03 00:00:00,20.54,0.2
DWLR0008,2025-05-06 00:00:00,20.61,2.4
DWLR0008,2025-05-09 00:00:00,20.64,2.0
DWLR0008,2025-05-12 00:00:00,20.78,4.0
DWLR0008,2025-05-15 00:00:00,20.69,4.1
DWLR0008,2025-05-18 00:00:00,20.65,0.4
DWLR0008,2025-05-21 00:00:00,20.69,0.6
DWLR0008,2025-05-24 00:00:00,20.72,3.9
DWLR0008,2025-05-27 00:00:00,20.77,3.1
DWLR0008,2025-05-30 00:00:00,20.73,0.7
DWLR0008,2025-06-02 00:00:00,20.71,28.0
DWLR0008,2025-06-05 00:00:00,20.69,2.1
DWLR0008,2025-06-08 00:00:00,20.62,35.8
DWLR0008,2025-06-11 00:00:00,20.54,11.2
DWLR0008,2025-06-14 00:00:00,20.46,4.5
DWLR0008,2025-06-17 00:00:00,20.44,32.4
DWLR0008,2025-06-20 00:00:00,20.4,23.4
DWLR0008,2025-06-23 00:00:00,20.28,38.7
DWLR0008,2025-06-26 00:00:00,20.2,37.7
DWLR0008,2025-06-29 00:00:00,20.16,6.1
DWLR0008,2025-07-02 00:00:00,20.12,33.8
DWLR0008,2025-07-05 00:00:00,20.03,17.4
DWLR0008,2025-07-08 00:00:00,19.99,11.0
DWLR0008,2025-07-11 00:00:00,20.08,7.6
DWLR0008,2025-07-14 00:00:00,20.02,17.5
DWLR0008,2025-07-17 00:00:00,19.93,0.1
DWLR0008,2025-07-20 00:00:00,19.84,20.2
DWLR0008,2025-07-23 00:00:00,19.83,4.8
DWLR0008,2025-07-26 00:00:00,19.78,11.1
DWLR0008,2025-07-29 00:00:00,19.7,8.4
DWLR0008,2025-08-01 00:00:00,19.6,37.9
DWLR0008,2025-08-04 00:00:00,19.54,39.4
DWLR0008,2025-08-07 00:00:00,19.46,10.2
DWLR0008,2025-08-10 00:00:00,19.41,28.9
DWLR0008,2025-08-13 00:00:00,19.37,8.2
DWLR0008,2025-08-16 00:00:00,19.32,15.8
DWLR0008,2025-08-19 00:00:00,19.26,19.8
DWLR0008,2025-08-22 00:00:00,19.22,7.2
DWLR0008,2025-08-25 00:00:00,19.2,7.5
DWLR0008,2025-08-28 00:00:00,19.1,29.0
DWLR0008,2025-08-31 00:00:00,18.96,4.4
DWLR0008,2025-09-03 00:00:00,18.93,10.7
DWLR0008,2025-09-06 00:00:00,18.98,21.7
DWLR0008,2025-09-09 00:00:00,18.95,35.7
DWLR0008,2025-09-12 00:00:00,18.94,10.7
DWLR0008,2025-09-15 00:00:00,18.81,35.5
DWLR0008,2025-09-18 00:00:00,18.71,14.1
DWLR0008,2025-09-21 00:00:00,18.68,36.1
DWLR0008,2025-09-24 00:00:00,18.58,3.1
DWLR0008,2025-09-27 00:00:00,18.51,6.0
DWLR0008,2025-09-30 00:00:00,18.46,27.5
DWLR0008,2025-10-03 00:00:00,18.56,1.8
DWLR0008,2025-10-06 00:00:00,18.64,4.9
DWLR0008,2025-10-09 00:00:00,18.7,4.9
DWLR0008,2025-10-12 00:00:00,18.73,1.6
DWLR0008,2025-10-15 00:00:00,18.72,4.9
DWLR0008,2025-10-18 00:00:00,18.78,1.9
DWLR0008,2025-10-21 00:00:00,18.8,0.4
DWLR0008,2025-10-24 00:00:00,18.86,0.4
DWLR0008,2025-10-27 00:00:00,18.92,0.7
DWLR0008,2025-10-30 00:00:00,18.93,0.7
DWLR0008,2025-11-02 00:00:00,18.97,1.1
DWLR0008,2025-11-05 00:00:00,18.91,3.7
DWLR0008,2025-11-08 00:00:00,18.93,2.4
DWLR0008,2025-11-11 00:00:00,18.92,0.1
DWLR0008,2025-11-14 00:00:00,18.99,2.6
DWLR0008,2025-11-17 00:00:00,19.11,0.1
DWLR0008,2025-11-20 00:00:00,19.09,0.8
DWLR0008,2025-11-23 00:00:00,19.19,1.3
DWLR0008,2025-11-26 00:00:00,19.19,0.5
DWLR0009,2024-06-01 00:00:00,19.82,32.9
DWLR0009,2024-06-04 00:00:00,19.75,26.1
DWLR0009,2024-06-07 00:00:00,19.62,10.8
DWLR0009,2024-06-10 00:00:00,19.51,6.5
DWLR0009,2024-06-13 00:00:00,19.32,8.1
DWLR0009,2024-06-16 00:00:00,19.2,39.5
DWLR0009,2024-06-19 00:00:00,19.13,30.1
DWLR0009,2024-06-22 00:00:00,19.07,5.2
DWLR0009,2024-06-25 00:00:00,19.05,31.0
DWLR0009,2024-06-28 00:00:00,18.88,6.4
DWLR0009,2024-07-01 00:00:00,18.82,8.6
DWLR0009,2024-07-04 00:00:00,18.78,39.7
DWLR0009,2024-07-07 00:00:00,18.71,11.6
DWLR0009,2024-07-10 00:00:00,18.62,9.6
DWLR0009,2024-07-13 00:00:00,18.69,3.9
DWLR0009,2024-07-16 00:00:00,18.58,35.8
DWLR0009,2024-07-19 00:00:00,18.43,23.1
DWLR0009,2024-07-22 00:00:00,18.41,39.1
DWLR0009,2024-07-25 00:00:00,18.46,19.5
DWLR0009,2024-07-28 00:00:00,18.38,17.6
DWLR0009,2024-07-31 00:00:00,18.28,18.0
DWLR0009,2024-08-03 00:00:00,18.15,31.6
DWLR0009,2024-08-06 00:00:00,18.05,22.8
DWLR0009,2024-08-09 00:00:00,18.04,18.7
DWLR0009,2024-08-12 00:00:00,17.89,38.4
DWLR0009,2024-08-15 00:00:00,17.78,24.2
DWLR0009,2024-08-18 00:00:00,17.64,37.9
DWLR0009,2024-08-21 00:00:00,17.57,2.5
DWLR0009,2024-08-24 00:00:00,17.55,0.9
DWLR0009,2024-08-27 00:00:00,17.44,11.0
DWLR0009,2024-08-30 00:00:00,17.29,35.7
DWLR0009,2024-09-02 00:00:00,17.27,11.9
DWLR0009,2024-09-05 00:00:00,17.19,38.6
DWLR0009,2024-09-08 00:00:00,17.13,35.8
DWLR0009,2024-09-11 00:00:00,17.05,32.9
DWLR0009,2024-09-14 00:00:00,17.06,37.4
DWLR0009,2024-09-17 00:00:00,16.99,28.9
DWLR0009,2024-09-20 00:00:00,17.02,23.1
DWLR0009,2024-09-23 00:00:00,16.89,24.0
DWLR0009,2024-09-26 00:00:00,16.81,14.8
DWLR0009,2024-09-29 00:00:00,16.66,20.0
DWLR0009,2024-10-02 00:00:00,16.68,4.9
DWLR0009,2024-10-05 00:00:00,16.68,0.8
DWLR0009,2024-10-08 00:00:00,16.72,3.5
DWLR0009,2024-10-11 00:00:00,16.77,0.4
DWLR0009,2024-10-14 00:00:00,16.71,2.7
DWLR0009,2024-10-17 00:00:00,16.81,1.1
DWLR0009,2024-10-20 00:00:00,16.86,1.8
DWLR0009,2024-10-23 00:00:00,16.98,2.0
DWLR0009,2024-10-26 00:00:00,17.05,1.5
DWLR0009,2024-10-29 00:00:00,17.17,0.2
DWLR0009,2024-11-01 00:00:00,17.2,1.6
DWLR0009,2024-11-04 00:00:00,17.16,3.1
DWLR0009,2024-11-07 00:00:00,17.26,2.0
DWLR0009,2024-11-10 00:00:00,17.25,3.6
DWLR0009,2024-11-13 00:00:00,17.26,4.6
DWLR0009,2024-11-16 00:00:00,17.25,0.1
DWLR0009,2024-11-19 00:00:00,17.35,2.9
DWLR0009,2024-11-22 00:00:00,17.4,0.9
DWLR0009,2024-11-25 00:00:00,17.42,4.0
DWLR0009,2024-11-28 00:00:00,17.34,0.1
DWLR0009,2024-12-01 00:00:00,17.33,0.7
DWLR0009,2024-12-04 00:00:00,17.32,1.0
DWLR0009,2024-12-07 00:00:00,17.31,1.1
DWLR0009,2024-12-10 00:00:00,17.29,1.5
DWLR0009,2024-12-13 00:00:00,17.33,1.7
DWLR0009,2024-12-16 00:00:00,17.34,1.3
DWLR0009,2024-12-19 00:00:00,17.35,1.1
DWLR0009,2024-12-22 00:00:00,17.26,3.5
DWLR0009,2024-12-25 00:00:00,17.23,3.3
DWLR0009,2024-12-28 00:00:00,17.28,1.3
DWLR0009,2024-12-31 00:00:00,17.25,4.0
DWLR0009,2025-01-03 00:00:00,17.24,2.2
DWLR0009,2025-01-06 00:00:00,17.24,1.0
DWLR0009,2025-01-09 00:00:00,17.31,4.8
DWLR0009,2025-01-12 00:00:00,17.36,2.7
DWLR0009,2025-01-15 00:00:00,17.36,1.2
DWLR0009,2025-01-18 00:00:00,17.27,3.4
DWLR0009,2025-01-21 00:00:00,17.28,0.3
DWLR0009,2025-01-24 00:00:00,17.27,4.7
DWLR0009,2025-01-27 00:00:00,17.35,2.2
DWLR0009,2025-01-30 00:00:00,17.3,1.4
DWLR0009,2025-02-02 00:00:00,17.27,0.1
DWLR0009,2025-02-05 00:00:00,17.24,0.7
DWLR0009,2025-02-08 00:00:00,17.29,0.1
DWLR0009,2025-02-11 00:00:00,17.27,1.7
DWLR0009,2025-02-14 00:00:00,17.23,4.9
DWLR0009,2025-02-17 00:00:00,17.33,0.5
DWLR0009,2025-02-20 00:00:00,17.32,3.6
DWLR0009,2025-02-23 00:00:00,17.36,2.7
DWLR0009,2025-02-26 00:00:00,17.24,0.2
DWLR0009,2025-03-01 00:00:00,17.24,3.5
DWLR0009,2025-03-04 00:00:00,17.23,2.9
DWLR0009,2025-03-07 00:00:00,17.3,1.2
DWLR0009,2025-03-10 00:00:00,17.29,0.5
DWLR0009,2025-03-13 00:00:00,17.29,3.2
DWLR0009,2025-03-16 00:00:00,17.27,3.4
DWLR0009,2025-03-19 00:00:00,17.31,3.8
DWLR0009,2025-03-22 00:00:00,17.39,4.2
DWLR0009,2025-03-25 00:00:00,17.41,3.1
DWLR0009,2025-03-28 00:00:00,17.37,4.8
DWLR0009,2025-03-31 00:00:00,17.35,0.1
DWLR0009,2025-04-03 00:00:00,17.35,0.6
DWLR0009,2025-04-06 00:00:00,17.33,1.7
DWLR0009,2025-04-09 00:00:00,17.34,1.0
DWLR0009,2025-04-12 00:00:00,17.31,0.5
DWLR0009,2025-04-15 00:00:00,17.28,2.9
DWLR0009,2025-04-18 00:00:00,17.27,2.0
DWLR0009,2025-04-21 00:00:00,17.3,0.9
DWLR0009,2025-04-24 00:00:00,17.26,0.9
DWLR0009,2025-04-27 00:00:00,17.36,0.9
DWLR0009,2025-04-30 00:00:00,17.43,3.3
DWLR0009,2025-05-03 00:00:00,17.45,3.8
DWLR0009,2025-05-06 00:00:00,17.45,2.4
DWLR0009,2025-05-09 00:00:00,17.41,2.5
DWLR0009,2025-05-12 00:00:00,17.4,2.5
DWLR0009,2025-05-15 00:00:00,17.41,4.1
DWLR0009,2025-05-18 00:00:00,17.45,4.2
DWLR0009,2025-05-21 00:00:00,17.43,2.1
DWLR0009,2025-05-24 00:00:00,17.41,3.5
DWLR0009,2025-05-27 00:00:00,17.37,0.5
DWLR0009,2025-05-30 00:00:00,17.42,4.4
DWLR0009,2025-06-02 00:00:00,17.34,37.8
DWLR0009,2025-06-05 00:00:00,17.28,4.9
DWLR0009,2025-06-08 00:00:00,17.23,0.3
DWLR0009,2025-06-11 00:00:00,17.19,22.3
DWLR0009,2025-06-14 00:00:00,17.04,8.7
DWLR0009,2025-06-17 00:00:00,16.98,33.4
DWLR0009,2025-06-20 00:00:00,16.9,38.3
DWLR0009,2025-06-23 00:00:00,16.88,17.3
DWLR0009,2025-06-26 00:00:00,16.78,27.1
DWLR0009,2025-06-29 00:00:00,16.77,23.9
DWLR0009,2025-07-02 00:00:00,16.67,30.7
DWLR0009,2025-07-05 00:00:00,16.52,37.1
DWLR0009,2025-07-08 00:00:00,16.43,21.1
DWLR0009,2025-07-11 00:00:00,16.38,18.7
DWLR0009,2025-07-14 00:00:00,16.42,3.5
DWLR0009,2025-07-17 00:00:00,16.33,24.8
DWLR0009,2025-07-20 00:00:00,16.21,26.8
DWLR0009,2025-07-23 00:00:00,16.1,10.8
DWLR0009,2025-07-26 00:00:00,16.09,27.6
DWLR0009,2025-07-29 00:00:00,16.08,28.1
DWLR0009,2025-08-01 00:00:00,16.1,25.6
DWLR0009,2025-08-04 00:00:00,16.04,24.9
DWLR0009,2025-08-07 00:00:00,15.9,9.9
DWLR0009,2025-08-10 00:00:00,15.83,12.0
DWLR0009,2025-08-13 00:00:00,15.71,24.5
DWLR0009,2025-08-16 00:00:00,15.54,5.7
DWLR0009,2025-08-19 00:00:00,15.47,19.2
DWLR0009,2025-08-22 00:00:00,15.36,15.4
DWLR0009,2025-08-25 00:00:00,15.32,4.8
DWLR0009,2025-08-28 00:00:00,15.21,17.8
DWLR0009,2025-08-31 00:00:00,15.14,0.4
DWLR0009,2025-09-03 00:00:00,15.11,21.0
DWLR0009,2025-09-06 00:00:00,15.0,18.4
DWLR0009,2025-09-09 00:00:00,15.04,2.7
DWLR0009,2025-09-12 00:00:00,15.01,28.3
DWLR0009,2025-09-15 00:00:00,14.93,23.2
DWLR0009,2025-09-18 00:00:00,14.84,9.3
DWLR0009,2025-09-21 00:00:00,14.77,30.9
DWLR0009,2025-09-24 00:00:00,14.73,15.4
DWLR0009,2025-09-27 00:00:00,14.61,30.0
DWLR0009,2025-09-30 00:00:00,14.51,4.3
DWLR0009,2025-10-03 00:00:00,14.51,2.5
DWLR0009,2025-10-06 00:00:00,14.57,4.0
DWLR0009,2025-10-09 00:00:00,14.54,0.7
DWLR0009,2025-10-12 00:00:00,14.5,3.4
DWLR0009,2025-10-15 00:00:00,14.54,4.1
DWLR0009,2025-10-18 00:00:00,14.62,2.2
DWLR0009,2025-10-21 00:00:00,14.66,0.5
DWLR0009,2025-10-24 00:00:00,14.71,1.4
DWLR0009,2025-10-27 00:00:00,14.72,1.4
DWLR0009,2025-10-30 00:00:00,14.72,3.1
DWLR0009,2025-11-02 00:00:00,14.8,3.3
DWLR0009,2025-11-05 00:00:00,14.69,1.0
DWLR0009,2025-11-08 00:00:00,14.72,2.5
DWLR0009,2025-11-11 00:00:00,14.81,1.7
DWLR0009,2025-11-14 00:00:00,14.85,2.4
DWLR0009,2025-11-17 00:00:00,14.76,1.8
DWLR0009,2025-11-20 00:00:00,14.86,0.1
DWLR0009,2025-11-23 00:00:00,14.93,0.1
DWLR0009,2025-11-26 00:00:00,14.95,2.7
DWLR0010,2024-06-01 00:00:00,17.28,2.3
DWLR0010,2024-06-04 00:00:00,17.2,31.7
DWLR0010,2024-06-07 00:00:00,17.13,3.1
DWLR0010,2024-06-10 00:00:00,17.0,9.8
DWLR0010,2024-06-13 00:00:00,16.87,10.0
DWLR0010,2024-06-16 00:00:00,16.87,8.8
DWLR0010,2024-06-19 00:00:00,16.87,21.1
DWLR0010,2024-06-22 00:00:00,16.82,28.2
DWLR0010,2024-06-25 00:00:00,16.79,9.2
DWLR0010,2024-06-28 00:00:00,16.7,39.1
DWLR0010,2024-07-01 00:00:00,16.65,1.4
DWLR0010,2024-07-04 00:00:00,16.58,24.4
DWLR0010,2024-07-07 00:00:00,16.47,7.4
DWLR0010,2024-07-10 00:00:00,16.36,1.0
DWLR0010,2024-07-13 00:00:00,16.38,23.6
DWLR0010,2024-07-16 00:00:00,16.37,29.2
DWLR0010,2024-07-19 00:00:00,16.31,27.1
DWLR0010,2024-07-22 00:00:00,16.29,20.8
DWLR0010,2024-07-25 00:00:00,16.18,0.6
DWLR0010,2024-07-28 00:00:00,16.1,13.5
DWLR0010,2024-07-31 00:00:00,16.04,32.4
DWLR0010,2024-08-03 00:00:00,15.97,7.2
DWLR0010,2024-08-06 00:00:00,15.9,33.8
DWLR0010,2024-08-09 00:00:00,15.86,12.6
DWLR0010,2024-08-12 00:00:00,15.82,5.1
DWLR0010,2024-08-15 00:00:00,15.74,1.5
DWLR0010,2024-08-18 00:00:00,15.72,2.4
DWLR0010,2024-08-21 00:00:00,15.69,14.1
DWLR0010,2024-08-24 00:00:00,15.63,20.4
DWLR0010,2024-08-27 00:00:00,15.52,25.7
DWLR0010,2024-08-30 00:00:00,15.46,16.3
DWLR0010,2024-09-02 00:00:00,15.42,1.8
DWLR0010,2024-09-05 00:00:00,15.38,20.4
DWLR0010,2024-09-08 00:00:00,15.33,33.2
DWLR0010,2024-09-11 00:00:00,15.16,3.1
DWLR0010,2024-09-14 00:00:00,15.14,16.7
DWLR0010,2024-09-17 00:00:00,15.1,21.0
DWLR0010,2024-09-20 00:00:00,15.04,9.7
DWLR0010,2024-09-23 00:00:00,14.96,9.6
DWLR0010,2024-09-26 00:00:00,14.91,36.6
DWLR0010,2024-09-29 00:00:00,14.86,33.1
DWLR0010,2024-10-02 00:00:00,14.85,0.7
DWLR0010,2024-10-05 00:00:00,14.83,4.9
DWLR0010,2024-10-08 00:00:00,14.93,0.1
DWLR0010,2024-10-11 00:00:00,14.94,0.6
DWLR0010,2024-10-14 00:00:00,14.9,4.3
DWLR0010,2024-10-17 00:00:00,14.96,3.6
DWLR0010,2024-10-20 00:00:00,15.0,5.0
DWLR0010,2024-10-23 00:00:00,14.96,2.2
DWLR0010,2024-10-26 00:00:00,14.98,3.8
DWLR0010,2024-10-29 00:00:00,15.02,1.8
DWLR0010,2024-11-01 00:00:00,15.06,4.7
DWLR0010,2024-11-04 00:00:00,15.07,2.9
DWLR0010,2024-11-07 00:00:00,15.08,0.7
DWLR0010,2024-11-10 00:00:00,15.19,2.9
DWLR0010,2024-11-13 00:00:00,15.18,2.2
DWLR0010,2024-11-16 00:00:00,15.31,4.6
DWLR0010,2024-11-19 00:00:00,15.35,0.1
DWLR0010,2024-11-22 00:00:00,15.37,4.2
DWLR0010,2024-11-25 00:00:00,15.42,2.6
DWLR0010,2024-11-28 00:00:00,15.47,2.2
DWLR0010,2024-12-01 00:00:00,15.55,0.6
DWLR0010,2024-12-04 00:00:00,15.57,2.5
DWLR0010,2024-12-07 00:00:00,15.6,1.6
DWLR0010,2024-12-10 00:00:00,15.69,4.2
DWLR0010,2024-12-13 00:00:00,15.64,0.7
DWLR0010,2024-12-16 00:00:00,15.63,4.1
DWLR0010,2024-12-19 00:00:00,15.7,4.3
DWLR0010,2024-12-22 00:00:00,15.67,0.9
DWLR0010,2024-12-25 00:00:00,15.69,2.4
DWLR0010,2024-12-28 00:00:00,15.69,2.4
DWLR0010,2024-12-31 00:00:00,15.69,0.6
DWLR0010,2025-01-03 00:00:00,15.72,3.3
DWLR0010,2025-01-06 00:00:00,15.71,3.5
DWLR0010,2025-01-09 00:00:00,15.78,1.2
DWLR0010,2025-01-12 00:00:00,15.78,3.9
DWLR0010,2025-01-15 00:00:00,15.76,4.6
DWLR0010,2025-01-18 00:00:00,15.73,2.0
DWLR0010,2025-01-21 00:00:00,15.78,3.1
DWLR0010,2025-01-24 00:00:00,15.77,0.5
DWLR0010,2025-01-27 00:00:00,15.86,2.6
DWLR0010,2025-01-30 00:00:00,15.87,1.1
DWLR0010,2025-02-02 00:00:00,15.93,4.7
DWLR0010,2025-02-05 00:00:00,15.95,2.4
DWLR0010,2025-02-08 00:00:00,15.89,1.4
DWLR0010,2025-02-11 00:00:00,15.91,1.3
DWLR0010,2025-02-14 00:00:00,15.91,0.1
DWLR0010,2025-02-17 00:00:00,15.96,1.0
DWLR0010,2025-02-20 00:00:00,15.93,1.4
DWLR0010,2025-02-23 00:00:00,15.93,0.5
DWLR0010,2025-02-26 00:00:00,16.0,1.2
DWLR0010,2025-03-01 00:00:00,15.97,0.5
DWLR0010,2025-03-04 00:00:00,1014.95,2.8
DWLR0010,2025-03-07 00:00:00,1014.98,0.8
DWLR0010,2025-03-10 00:00:00,1015.02,2.4
DWLR0010,2025-03-13 00:00:00,1015.02,1.6
DWLR0010,2025-03-16 00:00:00,1015.0,0.0
DWLR0010,2025-03-19 00:00:00,1015.06,3.3
DWLR0010,2025-03-22 00:00:00,1015.12,0.4
DWLR0010,2025-03-25 00:00:00,17.31,3.7
DWLR0010,2025-03-28 00:00:00,17.31,0.9
DWLR0010,2025-03-31 00:00:00,17.31,1.5
DWLR0010,2025-04-03 00:00:00,17.31,3.1
DWLR0010,2025-04-06 00:00:00,17.31,3.1
DWLR0010,2025-04-09 00:00:00,17.31,4.6
DWLR0010,2025-04-12 00:00:00,17.31,0.0
DWLR0010,2025-04-15 00:00:00,17.31,0.9
DWLR0010,2025-04-18 00:00:00,17.31,0.8
DWLR0010,2025-04-21 00:00:00,17.31,1.4
DWLR0010,2025-04-24 00:00:00,17.31,2.0
DWLR0010,2025-04-27 00:00:00,17.31,3.7
DWLR0010,2025-04-30 00:00:00,17.31,3.8
DWLR0010,2025-05-03 00:00:00,17.31,4.4
DWLR0010,2025-05-06 00:00:00,17.31,0.5
DWLR0010,2025-05-09 00:00:00,17.31,4.5
DWLR0010,2025-05-12 00:00:00,17.31,2.5
DWLR0010,2025-05-15 00:00:00,17.31,1.6
DWLR0010,2025-05-18 00:00:00,17.31,4.7
DWLR0010,2025-05-21 00:00:00,17.31,3.9
DWLR0010,2025-05-24 00:00:00,17.31,1.8
DWLR0010,2025-05-27 00:00:00,17.31,5.0
DWLR0010,2025-05-30 00:00:00,17.31,2.2
DWLR0010,2025-06-02 00:00:00,17.31,10.2
DWLR0010,2025-06-05 00:00:00,17.31,1.8
DWLR0010,2025-06-08 00:00:00,17.31,34.5
DWLR0010,2025-06-11 00:00:00,17.31,35.0
DWLR0010,2025-06-14 00:00:00,17.31,6.1
DWLR0010,2025-06-17 00:00:00,17.31,2.2
DWLR0010,2025-06-20 00:00:00,17.31,7.8
DWLR0010,2025-06-23 00:00:00,17.31,28.4
DWLR0010,2025-06-26 00:00:00,17.31,16.1
DWLR0010,2025-06-29 00:00:00,17.31,29.2
DWLR0010,2025-07-02 00:00:00,17.31,6.9
DWLR0010,2025-07-05 00:00:00,17.31,13.7
DWLR0010,2025-07-08 00:00:00,17.31,3.6
DWLR0010,2025-07-11 00:00:00,17.31,31.5
DWLR0010,2025-07-14 00:00:00,17.31,33.5
DWLR0010,2025-07-17 00:00:00,17.31,2.1
DWLR0010,2025-07-20 00:00:00,17.31,7.5
DWLR0010,2025-07-23 00:00:00,17.31,19.6
DWLR0010,2025-07-26 00:00:00,17.31,33.3
DWLR0010,2025-07-29 00:00:00,17.31,28.1
DWLR0010,2025-08-01 00:00:00,17.31,20.2
DWLR0010,2025-08-04 00:00:00,17.31,18.7
DWLR0010,2025-08-07 00:00:00,17.31,23.5
DWLR0010,2025-08-10 00:00:00,17.31,25.2
DWLR0010,2025-08-13 00:00:00,17.31,4.0
DWLR0010,2025-08-16 00:00:00,17.31,32.4
DWLR0010,2025-08-19 00:00:00,17.31,10.1
DWLR0010,2025-08-22 00:00:00,17.31,35.1
DWLR0010,2025-08-25 00:00:00,17.31,38.2
DWLR0010,2025-08-28 00:00:00,17.31,38.6
DWLR0010,2025-08-31 00:00:00,17.31,13.3
DWLR0010,2025-09-03 00:00:00,17.31,18.3
DWLR0010,2025-09-06 00:00:00,17.31,3.2
DWLR0010,2025-09-09 00:00:00,17.31,33.8
DWLR0010,2025-09-12 00:00:00,17.31,28.0
DWLR0010,2025-09-15 00:00:00,17.31,3.8
DWLR0010,2025-09-18 00:00:00,17.31,32.8
DWLR0010,2025-09-21 00:00:00,17.31,29.6
DWLR0010,2025-09-24 00:00:00,17.31,13.6
DWLR0010,2025-09-27 00:00:00,17.31,5.5
DWLR0010,2025-09-30 00:00:00,17.31,17.0
DWLR0010,2025-10-03 00:00:00,17.31,2.1
DWLR0010,2025-10-06 00:00:00,17.31,3.4
DWLR0010,2025-10-09 00:00:00,17.31,2.9
DWLR0010,2025-10-12 00:00:00,17.31,3.9
DWLR0010,2025-10-15 00:00:00,17.31,2.3
DWLR0010,2025-10-18 00:00:00,17.31,3.9
DWLR0010,2025-10-21 00:00:00,17.31,1.7
DWLR0010,2025-10-24 00:00:00,17.31,2.3
DWLR0010,2025-10-27 00:00:00,17.31,4.4
DWLR0010,2025-10-30 00:00:00,17.31,2.7
DWLR0010,2025-11-02 00:00:00,17.31,3.0
DWLR0010,2025-11-05 00:00:00,17.31,0.5
DWLR0010,2025-11-08 00:00:00,17.31,3.4
DWLR0010,2025-11-11 00:00:00,17.31,2.3
DWLR0010,2025-11-14 00:00:00,17.31,4.4
DWLR0010,2025-11-17 00:00:00,17.31,2.1
DWLR0010,2025-11-20 00:00:00,17.31,4.2
DWLR0010,2025-11-23 00:00:00,17.31,2.6
DWLR0010,2025-11-26 00:00:00,17.31,3.8
DWLR0011,2024-06-01 00:00:00,20.56,36.4
DWLR0011,2024-06-04 00:00:00,20.51,5.2
DWLR0011,2024-06-07 00:00:00,20.45,0.7
DWLR0011,2024-06-10 00:00:00,20.39,23.5
DWLR0011,2024-06-13 00:00:00,20.29,13.6
DWLR0011,2024-06-16 00:00:00,20.18,27.9
DWLR0011,2024-06-19 00:00:00,20.15,25.3
DWLR0011,2024-06-22 00:00:00,20.06,11.7
DWLR0011,2024-06-25 00:00:00,19.9,14.1
DWLR0011,2024-06-28 00:00:00,19.8,19.6
DWLR0011,2024-07-01 00:00:00,19.71,3.9
DWLR0011,2024-07-04 00:00:00,19.6,31.1
DWLR0011,2024-07-07 00:00:00,19.56,24.0
DWLR0011,2024-07-10 00:00:00,19.49,30.5
DWLR0011,2024-07-13 00:00:00,19.41,18.6
DWLR0011,2024-07-16 00:00:00,19.4,21.3
DWLR0011,2024-07-19 00:00:00,19.29,26.1
DWLR0011,2024-07-22 00:00:00,19.26,24.8
DWLR0011,2024-07-25 00:00:00,19.26,10.0
DWLR0011,2024-07-28 00:00:00,19.19,35.3
DWLR0011,2024-07-31 00:00:00,19.16,14.8
DWLR0011,2024-08-03 00:00:00,19.17,11.7
DWLR0011,2024-08-06 00:00:00,19.16,39.6
DWLR0011,2024-08-09 00:00:00,19.14,13.3
DWLR0011,2024-08-12 00:00:00,19.08,1.3
DWLR0011,2024-08-15 00:00:00,19.05,16.7
DWLR0011,2024-08-18 00:00:00,18.94,21.4
DWLR0011,2024-08-21 00:00:00,18.85,32.9
DWLR0011,2024-08-24 00:00:00,18.86,17.1
DWLR0011,2024-08-27 00:00:00,18.77,4.5
DWLR0011,2024-08-30 00:00:00,18.7,8.4
DWLR0011,2024-09-02 00:00:00,18.56,9.8
DWLR0011,2024-09-05 00:00:00,18.49,22.7
DWLR0011,2024-09-08 00:00:00,18.39,14.8
DWLR0011,2024-09-11 00:00:00,18.37,19.0
DWLR0011,2024-09-14 00:00:00,18.3,11.7
DWLR0011,2024-09-17 00:00:00,18.17,23.4
DWLR0011,2024-09-20 00:00:00,18.11,24.7
DWLR0011,2024-09-23 00:00:00,17.97,15.0
DWLR0011,2024-09-26 00:00:00,17.88,35.9
DWLR0011,2024-09-29 00:00:00,17.73,11.1
DWLR0011,2024-10-02 00:00:00,17.78,4.6
DWLR0011,2024-10-05 00:00:00,17.89,1.1
DWLR0011,2024-10-08 00:00:00,17.87,0.3
DWLR0011,2024-10-11 00:00:00,17.98,0.3
DWLR0011,2024-10-14 00:00:00,18.02,3.3
DWLR0011,2024-10-17 00:00:00,18.03,2.8
DWLR0011,2024-10-20 00:00:00,18.1,2.6
DWLR0011,2024-10-23 00:00:00,18.1,2.7
DWLR0011,2024-10-26 00:00:00,18.14,0.4
DWLR0011,2024-10-29 00:00:00,18.12,2.9
DWLR0011,2024-11-01 00:00:00,18.2,4.0
DWLR0011,2024-11-04 00:00:00,18.21,2.5
DWLR0011,2024-11-07 00:00:00,18.19,4.3
DWLR0011,2024-11-10 00:00:00,18.2,4.9
DWLR0011,2024-11-13 00:00:00,18.26,0.8
DWLR0011,2024-11-16 00:00:00,18.22,3.2
DWLR0011,2024-11-19 00:00:00,18.26,2.5
DWLR0011,2024-11-22 00:00:00,18.25,2.9
DWLR0011,2024-11-25 00:00:00,18.31,3.1
DWLR0011,2024-11-28 00:00:00,18.39,3.9
DWLR0011,2024-12-01 00:00:00,18.38,0.7
DWLR0011,2024-12-04 00:00:00,18.42,2.0
DWLR0011,2024-12-07 00:00:00,18.42,4.0
DWLR0011,2024-12-10 00:00:00,18.42,3.6
DWLR0011,2024-12-13 00:00:00,18.4,2.8
DWLR0011,2024-12-16 00:00:00,18.37,1.2
DWLR0011,2024-12-19 00:00:00,18.46,0.2
DWLR0011,2024-12-22 00:00:00,18.53,3.0
DWLR0011,2024-12-25 00:00:00,18.55,4.6
DWLR0011,2024-12-28 00:00:00,18.6,2.1
DWLR0011,2024-12-31 00:00:00,18.54,1.2
DWLR0011,2025-01-03 00:00:00,18.54,0.1
DWLR0011,2025-01-06 00:00:00,18.61,4.3
DWLR0011,2025-01-09 00:00:00,18.72,2.3
DWLR0011,2025-01-12 00:00:00,18.78,0.1
DWLR0011,2025-01-15 00:00:00,18.72,2.6
DWLR0011,2025-01-18 00:00:00,18.71,2.5
DWLR0011,2025-01-21 00:00:00,18.78,3.7
DWLR0011,2025-01-24 00:00:00,18.88,4.2
DWLR0011,2025-01-27 00:00:00,18.91,3.8
DWLR0011,2025-01-30 00:00:00,18.96,3.3
DWLR0011,2025-02-02 00:00:00,18.96,4.1
DWLR0011,2025-02-05 00:00:00,19.02,0.1
DWLR0011,2025-02-08 00:00:00,19.03,1.6
DWLR0011,2025-02-11 00:00:00,19.07,4.4
DWLR0011,2025-02-14 00:00:00,19.14,0.1
DWLR0011,2025-02-17 00:00:00,19.26,1.6
DWLR0011,2025-02-20 00:00:00,19.24,1.4
DWLR0011,2025-02-23 00:00:00,19.34,2.2
DWLR0011,2025-02-26 00:00:00,19.43,1.9
DWLR0011,2025-03-01 00:00:00,19.46,0.5
DWLR0011,2025-03-04 00:00:00,19.51,0.6
DWLR0011,2025-03-07 00:00:00,19.54,4.9
DWLR0011,2025-03-10 00:00:00,19.57,0.0
DWLR0011,2025-03-13 00:00:00,19.72,4.2
DWLR0011,2025-03-16 00:00:00,19.69,3.2
DWLR0011,2025-03-19 00:00:00,19.77,1.6
DWLR0011,2025-03-22 00:00:00,19.74,3.5
DWLR0011,2025-03-25 00:00:00,19.85,1.9
DWLR0011,2025-03-28 00:00:00,19.89,3.7
DWLR0011,2025-03-31 00:00:00,19.96,2.5
DWLR0011,2025-04-03 00:00:00,20.0,3.9
DWLR0011,2025-04-06 00:00:00,20.01,0.2
DWLR0011,2025-04-09 00:00:00,19.99,4.5
DWLR0011,2025-04-12 00:00:00,19.99,4.3
DWLR0011,2025-04-15 00:00:00,20.02,2.3
DWLR0011,2025-04-18 00:00:00,20.13,3.6
DWLR0011,2025-04-21 00:00:00,20.17,0.6
DWLR0011,2025-04-24 00:00:00,20.19,4.4
DWLR0011,2025-04-27 00:00:00,20.14,4.9
DWLR0011,2025-04-30 00:00:00,20.23,0.7
DWLR0011,2025-05-03 00:00:00,20.21,4.5
DWLR0011,2025-05-06 00:00:00,20.17,0.2
DWLR0011,2025-05-09 00:00:00,20.22,1.7
DWLR0011,2025-05-12 00:00:00,20.24,3.1
DWLR0011,2025-05-15 00:00:00,20.3,1.7
DWLR0011,2025-05-18 00:00:00,20.41,3.3
DWLR0011,2025-05-21 00:00:00,20.46,3.2
DWLR0011,2025-05-24 00:00:00,20.47,2.8
DWLR0011,2025-05-27 00:00:00,20.51,0.4
DWLR0011,2025-05-30 00:00:00,20.63,1.0
DWLR0011,2025-06-02 00:00:00,20.57,24.0
DWLR0011,2025-06-05 00:00:00,20.47,9.2
DWLR0011,2025-06-08 00:00:00,20.42,25.4
DWLR0011,2025-06-11 00:00:00,20.44,24.4
DWLR0011,2025-06-14 00:00:00,20.45,36.0
DWLR0011,2025-06-17 00:00:00,20.48,0.0
DWLR0011,2025-06-20 00:00:00,20.39,38.4
DWLR0011,2025-06-23 00:00:00,20.29,32.3
DWLR0011,2025-06-26 00:00:00,20.29,7.7
DWLR0011,2025-06-29 00:00:00,20.36,4.9
DWLR0011,2025-07-02 00:00:00,20.31,30.4
DWLR0011,2025-07-05 00:00:00,20.2,18.8
DWLR0011,2025-07-08 00:00:00,20.12,2.8
DWLR0011,2025-07-11 00:00:00,20.14,15.3
DWLR0011,2025-07-14 00:00:00,20.16,27.7
DWLR0011,2025-07-17 00:00:00,20.16,24.1
DWLR0011,2025-07-20 00:00:00,20.19,38.5
DWLR0011,2025-07-23 00:00:00,20.18,11.0
DWLR0011,2025-07-26 00:00:00,20.14,3.3
DWLR0011,2025-07-29 00:00:00,20.03,26.6
DWLR0011,2025-08-01 00:00:00,19.99,15.0
DWLR0011,2025-08-04 00:00:00,19.94,31.7
DWLR0011,2025-08-07 00:00:00,19.87,26.9
DWLR0011,2025-08-10 00:00:00,19.83,31.5
DWLR0011,2025-08-13 00:00:00,19.85,25.1
DWLR0011,2025-08-16 00:00:00,19.73,37.8
DWLR0011,2025-08-19 00:00:00,19.7,10.1
DWLR0011,2025-08-22 00:00:00,19.71,1.9
DWLR0011,2025-08-25 00:00:00,19.6,30.8
DWLR0011,2025-08-28 00:00:00,19.57,33.8
DWLR0011,2025-08-31 00:00:00,19.6,9.1
DWLR0011,2025-09-03 00:00:00,19.58,19.9
DWLR0011,2025-09-06 00:00:00,19.46,32.2
DWLR0011,2025-09-09 00:00:00,19.45,23.3
DWLR0011,2025-09-12 00:00:00,19.44,15.9
DWLR0011,2025-09-15 00:00:00,19.41,16.2
DWLR0011,2025-09-18 00:00:00,19.37,4.1
DWLR0011,2025-09-21 00:00:00,19.41,3.3
DWLR0011,2025-09-24 00:00:00,19.38,11.0
DWLR0011,2025-09-27 00:00:00,19.34,25.9
DWLR0011,2025-09-30 00:00:00,19.24,33.5
DWLR0011,2025-10-03 00:00:00,19.31,2.9
DWLR0011,2025-10-06 00:00:00,19.43,4.9
DWLR0011,2025-10-09 00:00:00,19.52,1.6
DWLR0011,2025-10-12 00:00:00,19.56,1.2
DWLR0011,2025-10-15 00:00:00,19.65,2.4
DWLR0011,2025-10-18 00:00:00,19.69,3.2
DWLR0011,2025-10-21 00:00:00,19.69,3.1
DWLR0011,2025-10-24 00:00:00,19.77,2.8
DWLR0011,2025-10-27 00:00:00,19.82,0.3
DWLR0011,2025-10-30 00:00:00,19.94,2.5
DWLR0011,2025-11-02 00:00:00,20.04,2.7
DWLR0011,2025-11-05 00:00:00,20.14,0.7
DWLR0011,2025-11-08 00:00:00,20.18,3.6
DWLR0011,2025-11-11 00:00:00,20.25,3.7
DWLR0011,2025-11-14 00:00:00,20.28,0.9
DWLR0011,2025-11-17 00:00:00,20.34,2.9
DWLR0011,2025-11-20 00:00:00,20.38,1.7
DWLR0011,2025-11-23 00:00:00,20.39,0.9
DWLR0011,2025-11-26 00:00:00,20.45,3.8
DWLR0012,2024-06-01 00:00:00,17.06,0.1
DWLR0012,2024-06-04 00:00:00,17.04,22.7
DWLR0012,2024-06-07 00:00:00,16.92,21.4
DWLR0012,2024-06-10 00:00:00,16.9,7.1
DWLR0012,2024-06-13 00:00:00,16.88,17.8
DWLR0012,2024-06-16 00:00:00,16.82,37.4
DWLR0012,2024-06-19 00:00:00,16.78,4.0
DWLR0012,2024-06-22 00:00:00,16.68,26.3
DWLR0012,2024-06-25 00:00:00,16.64,9.8
DWLR0012,2024-06-28 00:00:00,16.49,2.3
DWLR0012,2024-07-01 00:00:00,16.52,23.6
DWLR0012,2024-07-04 00:00:00,16.51,28.1
DWLR0012,2024-07-07 00:00:00,16.41,30.5
DWLR0012,2024-07-10 00:00:00,16.31,19.6
DWLR0012,2024-07-13 00:00:00,16.23,11.5
DWLR0012,2024-07-16 00:00:00,16.17,35.7
DWLR0012,2024-07-19 00:00:00,16.04,1.1
DWLR0012,2024-07-22 00:00:00,16.04,27.4
DWLR0012,2024-07-25 00:00:00,16.01,1.8
DWLR0012,2024-07-28 00:00:00,15.86,28.6
DWLR0012,2024-07-31 00:00:00,15.78,36.0
DWLR0012,2024-08-03 00:00:00,15.75,13.2
DWLR0012,2024-08-06 00:00:00,15.61,6.2
DWLR0012,2024-08-09 00:00:00,15.54,28.4
DWLR0012,2024-08-12 00:00:00,15.59,16.4
DWLR0012,2024-08-15 00:00:00,15.43,31.2
DWLR0012,2024-08-18 00:00:00,15.38,5.2
DWLR0012,2024-08-21 00:00:00,15.31,2.7
DWLR0012,2024-08-24 00:00:00,15.29,27.8
DWLR0012,2024-08-27 00:00:00,15.26,15.8
DWLR0012,2024-08-30 00:00:00,15.15,20.7
DWLR0012,2024-09-02 00:00:00,14.98,3.3
DWLR0012,2024-09-05 00:00:00,14.94,17.7
DWLR0012,2024-09-08 00:00:00,14.93,29.0
DWLR0012,2024-09-11 00:00:00,14.75,7.0
DWLR0012,2024-09-14 00:00:00,14.67,20.2
DWLR0012,2024-09-17 00:00:00,14.51,17.6
DWLR0012,2024-09-20 00:00:00,14.45,12.7
DWLR0012,2024-09-23 00:00:00,14.36,29.0
DWLR0012,2024-09-26 00:00:00,14.26,0.1
DWLR0012,2024-09-29 00:00:00,14.18,1.4
DWLR0012,2024-10-02 00:00:00,14.21,1.9
DWLR0012,2024-10-05 00:00:00,14.28,1.3
DWLR0012,2024-10-08 00:00:00,14.34,4.4
DWLR0012,2024-10-11 00:00:00,14.34,1.3
DWLR0012,2024-10-14 00:00:00,14.27,2.1
DWLR0012,2024-10-17 00:00:00,14.39,1.0
DWLR0012,2024-10-20 00:00:00,14.44,2.3
DWLR0012,2024-10-23 00:00:00,14.38,3.6
DWLR0012,2024-10-26 00:00:00,14.41,2.3
DWLR0012,2024-10-29 00:00:00,14.44,2.4
DWLR0012,2024-11-01 00:00:00,14.54,2.1
DWLR0012,2024-11-04 00:00:00,14.61,2.2
DWLR0012,2024-11-07 00:00:00,14.61,4.9
DWLR0012,2024-11-10 00:00:00,14.68,0.8
DWLR0012,2024-11-13 00:00:00,14.71,3.1
DWLR0012,2024-11-16 00:00:00,14.72,0.3
DWLR0012,2024-11-19 00:00:00,14.69,4.7
DWLR0012,2024-11-22 00:00:00,14.69,3.1
DWLR0012,2024-11-25 00:00:00,14.65,1.5
DWLR0012,2024-11-28 00:00:00,14.7,4.6
DWLR0012,2024-12-01 00:00:00,14.7,4.2
DWLR0012,2024-12-04 00:00:00,14.69,0.2
DWLR0012,2024-12-07 00:00:00,14.75,4.9
DWLR0012,2024-12-10 00:00:00,14.72,2.5
DWLR0012,2024-12-13 00:00:00,14.72,0.9
DWLR0012,2024-12-16 00:00:00,14.84,4.8
DWLR0012,2024-12-19 00:00:00,14.83,1.8
DWLR0012,2024-12-22 00:00:00,14.96,1.8
DWLR0012,2024-12-25 00:00:00,14.95,1.6
DWLR0012,2024-12-28 00:00:00,15.0,1.7
DWLR0012,2024-12-31 00:00:00,15.0,0.2
DWLR0012,2025-01-03 00:00:00,14.98,1.0
DWLR0012,2025-01-06 00:00:00,15.0,1.8
DWLR0012,2025-01-09 00:00:00,14.97,1.7
DWLR0012,2025-01-12 00:00:00,14.94,3.4
DWLR0012,2025-01-15 00:00:00,14.98,0.6
DWLR0012,2025-01-18 00:00:00,14.99,1.2
DWLR0012,2025-01-21 00:00:00,14.98,4.5
DWLR0012,2025-01-24 00:00:00,15.01,1.7
DWLR0012,2025-01-27 00:00:00,15.04,4.6
DWLR0012,2025-01-30 00:00:00,15.0,1.1
DWLR0012,2025-02-02 00:00:00,15.09,3.5
DWLR0012,2025-02-05 00:00:00,15.11,4.3
DWLR0012,2025-02-08 00:00:00,15.05,4.4
DWLR0012,2025-02-11 00:00:00,15.01,4.2
DWLR0012,2025-02-14 00:00:00,15.02,2.1
DWLR0012,2025-02-17 00:00:00,15.0,0.0
DWLR0012,2025-02-20 00:00:00,14.99,2.5
DWLR0012,2025-02-23 00:00:00,15.09,4.5
DWLR0012,2025-02-26 00:00:00,15.15,4.6
DWLR0012,2025-03-01 00:00:00,15.25,1.6
DWLR0012,2025-03-04 00:00:00,15.24,2.7
DWLR0012,2025-03-07 00:00:00,15.24,4.4
DWLR0012,2025-03-10 00:00:00,15.32,2.3
DWLR0012,2025-03-13 00:00:00,15.33,3.9
DWLR0012,2025-03-16 00:00:00,15.29,4.1
DWLR0012,2025-03-19 00:00:00,1014.35,2.4
DWLR0012,2025-03-22 00:00:00,1014.37,4.3
DWLR0012,2025-03-25 00:00:00,1014.37,4.3
DWLR0012,2025-03-28 00:00:00,1014.42,3.5
DWLR0012,2025-03-31 00:00:00,1014.42,2.5
DWLR0012,2025-04-03 00:00:00,1014.48,3.1
DWLR0012,2025-04-06 00:00:00,1014.51,0.6
DWLR0012,2025-04-09 00:00:00,17.12,4.7
DWLR0012,2025-04-12 00:00:00,17.12,2.4
DWLR0012,2025-04-15 00:00:00,17.12,4.8
DWLR0012,2025-04-18 00:00:00,17.12,4.1
DWLR0012,2025-04-21 00:00:00,17.12,1.9
DWLR0012,2025-04-24 00:00:00,17.12,4.7
DWLR0012,2025-04-27 00:00:00,17.12,3.6
DWLR0012,2025-04-30 00:00:00,17.12,1.8
DWLR0012,2025-05-03 00:00:00,17.12,1.6
DWLR0012,2025-05-06 00:00:00,17.12,3.0
DWLR0012,2025-05-09 00:00:00,17.12,1.2
DWLR0012,2025-05-12 00:00:00,17.12,1.5
DWLR0012,2025-05-15 00:00:00,17.12,5.0
DWLR0012,2025-05-18 00:00:00,17.12,4.7
DWLR0012,2025-05-21 00:00:00,17.12,1.6
DWLR0012,2025-05-24 00:00:00,17.12,4.2
DWLR0012,2025-05-27 00:00:00,17.12,3.1
DWLR0012,2025-05-30 00:00:00,17.12,2.6
DWLR0012,2025-06-02 00:00:00,17.12,4.1
DWLR0012,2025-06-05 00:00:00,17.12,3.2
DWLR0012,2025-06-08 00:00:00,17.12,31.6
DWLR0012,2025-06-11 00:00:00,17.12,30.5
DWLR0012,2025-06-14 00:00:00,17.12,25.7
DWLR0012,2025-06-17 00:00:00,17.12,38.2
DWLR0012,2025-06-20 00:00:00,17.12,20.4
DWLR0012,2025-06-23 00:00:00,17.12,8.0
DWLR0012,2025-06-26 00:00:00,17.12,35.3
DWLR0012,2025-06-29 00:00:00,17.12,25.1
DWLR0012,2025-07-02 00:00:00,17.12,30.2
DWLR0012,2025-07-05 00:00:00,17.12,18.1
DWLR0012,2025-07-08 00:00:00,17.12,4.5
DWLR0012,2025-07-11 00:00:00,17.12,29.4
DWLR0012,2025-07-14 00:00:00,17.12,18.6
DWLR0012,2025-07-17 00:00:00,17.12,1.0
DWLR0012,2025-07-20 00:00:00,17.12,15.5
DWLR0012,2025-07-23 00:00:00,17.12,22.4
DWLR0012,2025-07-26 00:00:00,17.12,35.4
DWLR0012,2025-07-29 00:00:00,17.12,12.1
DWLR0012,2025-08-01 00:00:00,17.12,7.6
DWLR0012,2025-08-04 00:00:00,17.12,30.8
DWLR0012,2025-08-07 00:00:00,17.12,32.0
DWLR0012,2025-08-10 00:00:00,17.12,37.2
DWLR0012,2025-08-13 00:00:00,17.12,23.2
DWLR0012,2025-08-16 00:00:00,17.12,6.1
DWLR0012,2025-08-19 00:00:00,17.12,16.5
DWLR0012,2025-08-22 00:00:00,17.12,11.2
DWLR0012,2025-08-25 00:00:00,17.12,34.9
DWLR0012,2025-08-28 00:00:00,17.12,33.4
DWLR0012,2025-08-31 00:00:00,17.12,1.9
DWLR0012,2025-09-03 00:00:00,17.12,26.3
DWLR0012,2025-09-06 00:00:00,17.12,7.0
DWLR0012,2025-09-09 00:00:00,17.12,30.1
DWLR0012,2025-09-12 00:00:00,17.12,35.4
DWLR0012,2025-09-15 00:00:00,17.12,6.6
DWLR0012,2025-09-18 00:00:00,17.12,21.6
DWLR0012,2025-09-21 00:00:00,17.12,8.2
DWLR0012,2025-09-24 00:00:00,17.12,1.7
DWLR0012,2025-09-27 00:00:00,17.12,9.1
DWLR0012,2025-09-30 00:00:00,17.12,21.9
DWLR0012,2025-10-03 00:00:00,17.12,3.4
DWLR0012,2025-10-06 00:00:00,17.12,3.8
DWLR0012,2025-10-09 00:00:00,17.12,4.6
DWLR0012,2025-10-12 00:00:00,17.12,3.2
DWLR0012,2025-10-15 00:00:00,17.12,4.1
DWLR0012,2025-10-18 00:00:00,17.12,3.3
DWLR0012,2025-10-21 00:00:00,17.12,3.1
DWLR0012,2025-10-24 00:00:00,17.12,2.5
DWLR0012,2025-10-27 00:00:00,17.12,3.8
DWLR0012,2025-10-30 00:00:00,17.12,5.0
DWLR0012,2025-11-02 00:00:00,17.12,0.5
DWLR0012,2025-11-05 00:00:00,17.12,1.7
DWLR0012,2025-11-08 00:00:00,17.12,2.3
DWLR0012,2025-11-11 00:00:00,17.12,0.1
DWLR0012,2025-11-14 00:00:00,17.12,4.0
DWLR0012,2025-11-17 00:00:00,17.12,0.9
DWLR0012,2025-11-20 00:00:00,17.12,3.4
DWLR0012,2025-11-23 00:00:00,17.12,3.7
DWLR0012,2025-11-26 00:00:00,17.12,4.3
DWLR0013,2024-06-01 00:00:00,19.27,6.6
DWLR0013,2024-06-04 00:00:00,19.33,31.8
DWLR0013,2024-06-07 00:00:00,19.45,16.7
DWLR0013,2024-06-10 00:00:00,19.47,35.1
DWLR0013,2024-06-13 00:00:00,19.61,5.5
DWLR0013,2024-06-16 00:00:00,19.63,21.8
DWLR0013,2024-06-19 00:00:00,19.78,4.6
DWLR0013,2024-06-22 00:00:00,19.79,14.9
DWLR0013,2024-06-25 00:00:00,19.88,12.1
DWLR0013,2024-06-28 00:00:00,19.94,26.6
DWLR0013,2024-07-01 00:00:00,20.0,34.3
DWLR0013,2024-07-04 00:00:00,20.1,19.1
DWLR0013,2024-07-07 00:00:00,20.2,25.0
DWLR0013,2024-07-10 00:00:00,20.27,12.8
DWLR0013,2024-07-13 00:00:00,20.36,33.5
DWLR0013,2024-07-16 00:00:00,20.42,16.3
DWLR0013,2024-07-19 00:00:00,20.51,3.0
DWLR0013,2024-07-22 00:00:00,20.64,30.9
DWLR0013,2024-07-25 00:00:00,20.71,13.7
DWLR0013,2024-07-28 00:00:00,20.86,19.5
DWLR0013,2024-07-31 00:00:00,21.0,24.0
DWLR0013,2024-08-03 00:00:00,21.14,21.3
DWLR0013,2024-08-06 00:00:00,21.29,23.8
DWLR0013,2024-08-09 00:00:00,21.3,38.9
DWLR0013,2024-08-12 00:00:00,21.38,26.8
DWLR0013,2024-08-15 00:00:00,21.48,7.6
DWLR0013,2024-08-18 00:00:00,21.59,20.8
DWLR0013,2024-08-21 00:00:00,21.62,25.3
DWLR0013,2024-08-24 00:00:00,21.71,28.7
DWLR0013,2024-08-27 00:00:00,21.78,5.0
DWLR0013,2024-08-30 00:00:00,21.87,10.2
DWLR0013,2024-09-02 00:00:00,21.96,16.8
DWLR0013,2024-09-05 00:00:00,22.0,17.5
DWLR0013,2024-09-08 00:00:00,22.07,1.6
DWLR0013,2024-09-11 00:00:00,22.08,29.7
DWLR0013,2024-09-14 00:00:00,22.13,39.1
DWLR0013,2024-09-17 00:00:00,22.22,30.1
DWLR0013,2024-09-20 00:00:00,22.33,30.5
DWLR0013,2024-09-23 00:00:00,22.33,6.4
DWLR0013,2024-09-26 00:00:00,22.43,9.8
DWLR0013,2024-09-29 00:00:00,22.55,11.2
DWLR0013,2024-10-02 00:00:00,22.68,2.2
DWLR0013,2024-10-05 00:00:00,22.78,4.4
DWLR0013,2024-10-08 00:00:00,22.91,3.4
DWLR0013,2024-10-11 00:00:00,23.07,1.9
DWLR0013,2024-10-14 00:00:00,23.23,3.4
DWLR0013,2024-10-17 00:00:00,23.32,3.6
DWLR0013,2024-10-20 00:00:00,23.6,2.8
DWLR0013,2024-10-23 00:00:00,23.81,1.8
DWLR0013,2024-10-26 00:00:00,23.93,1.7
DWLR0013,2024-10-29 00:00:00,24.03,2.9
DWLR0013,2024-11-01 00:00:00,24.16,0.2
DWLR0013,2024-11-04 00:00:00,24.28,1.3
DWLR0013,2024-11-07 00:00:00,24.42,4.4
DWLR0013,2024-11-10 00:00:00,24.56,3.1
DWLR0013,2024-11-13 00:00:00,24.81,1.4
DWLR0013,2024-11-16 00:00:00,24.99,3.0
DWLR0013,2024-11-19 00:00:00,25.1,3.9
DWLR0013,2024-11-22 00:00:00,25.22,3.9
DWLR0013,2024-11-25 00:00:00,25.35,4.5
DWLR0013,2024-11-28 00:00:00,25.49,3.0
DWLR0013,2024-12-01 00:00:00,25.67,3.6
DWLR0013,2024-12-04 00:00:00,25.73,1.4
DWLR0013,2024-12-07 00:00:00,25.95,4.4
DWLR0013,2024-12-10 00:00:00,26.13,4.2
DWLR0013,2024-12-13 00:00:00,26.38,0.6
DWLR0013,2024-12-16 00:00:00,26.52,4.5
DWLR0013,2024-12-19 00:00:00,26.66,1.1
DWLR0013,2024-12-22 00:00:00,26.88,0.7
DWLR0013,2024-12-25 00:00:00,27.09,1.3
DWLR0013,2024-12-28 00:00:00,27.2,4.8
DWLR0013,2024-12-31 00:00:00,27.35,1.8
DWLR0013,2025-01-03 00:00:00,27.58,4.1
DWLR0013,2025-01-06 00:00:00,27.77,1.7
DWLR0013,2025-01-09 00:00:00,27.9,2.8
DWLR0013,2025-01-12 00:00:00,28.04,1.7
DWLR0013,2025-01-15 00:00:00,28.24,2.9
DWLR0013,2025-01-18 00:00:00,28.46,2.7
DWLR0013,2025-01-21 00:00:00,28.74,1.7
DWLR0013,2025-01-24 00:00:00,28.98,1.0
DWLR0013,2025-01-27 00:00:00,29.09,0.7
DWLR0013,2025-01-30 00:00:00,29.28,2.8
DWLR0013,2025-02-02 00:00:00,29.5,3.6
DWLR0013,2025-02-05 00:00:00,29.76,0.6
DWLR0013,2025-02-08 00:00:00,29.93,2.3
DWLR0013,2025-02-11 00:00:00,30.18,3.2
DWLR0013,2025-02-14 00:00:00,30.35,1.4
DWLR0013,2025-02-17 00:00:00,30.51,1.6
DWLR0013,2025-02-20 00:00:00,30.75,1.5
DWLR0013,2025-02-23 00:00:00,30.96,4.4
DWLR0013,2025-02-26 00:00:00,31.15,2.1
DWLR0013,2025-03-01 00:00:00,31.31,4.7
DWLR0013,2025-03-04 00:00:00,31.53,2.2
DWLR0013,2025-03-07 00:00:00,31.66,2.4
DWLR0013,2025-03-10 00:00:00,31.87,1.2
DWLR0013,2025-03-13 00:00:00,32.01,4.3
DWLR0013,2025-03-16 00:00:00,32.16,4.5
DWLR0013,2025-03-19 00:00:00,32.35,2.4
DWLR0013,2025-03-22 00:00:00,32.56,3.5
DWLR0013,2025-03-25 00:00:00,32.67,5.0
DWLR0013,2025-03-28 00:00:00,32.79,4.5
DWLR0013,2025-03-31 00:00:00,33.0,0.4
DWLR0013,2025-04-03 00:00:00,33.15,3.9
DWLR0013,2025-04-06 00:00:00,33.29,1.7
DWLR0013,2025-04-09 00:00:00,33.41,3.3
DWLR0013,2025-04-12 00:00:00,33.69,3.3
DWLR0013,2025-04-15 00:00:00,33.81,4.4
DWLR0013,2025-04-18 00:00:00,33.89,1.7
DWLR0013,2025-04-21 00:00:00,34.09,3.3
DWLR0013,2025-04-24 00:00:00,34.3,3.3
DWLR0013,2025-04-27 00:00:00,34.48,4.0
DWLR0013,2025-04-30 00:00:00,34.67,4.3
DWLR0013,2025-05-03 00:00:00,34.88,4.8
DWLR0013,2025-05-06 00:00:00,35.01,1.3
DWLR0013,2025-05-09 00:00:00,35.09,2.6
DWLR0013,2025-05-12 00:00:00,35.19,0.0
DWLR0013,2025-05-15 00:00:00,35.32,3.9
DWLR0013,2025-05-18 00:00:00,35.55,3.7
DWLR0013,2025-05-21 00:00:00,35.74,1.0
DWLR0013,2025-05-24 00:00:00,35.91,1.5
DWLR0013,2025-05-27 00:00:00,36.12,4.8
DWLR0013,2025-05-30 00:00:00,36.28,2.9
DWLR0013,2025-06-02 00:00:00,36.45,34.1
DWLR0013,2025-06-05 00:00:00,36.52,9.2
DWLR0013,2025-06-08 00:00:00,36.51,3.0
DWLR0013,2025-06-11 00:00:00,36.62,34.7
DWLR0013,2025-06-14 00:00:00,36.77,19.9
DWLR0013,2025-06-17 00:00:00,36.9,37.0
DWLR0013,2025-06-20 00:00:00,36.89,17.2
DWLR0013,2025-06-23 00:00:00,37.0,29.2
DWLR0013,2025-06-26 00:00:00,37.02,29.2
DWLR0013,2025-06-29 00:00:00,37.09,25.6
DWLR0013,2025-07-02 00:00:00,37.14,2.6
DWLR0013,2025-07-05 00:00:00,37.26,13.5
DWLR0013,2025-07-08 00:00:00,37.34,24.6
DWLR0013,2025-07-11 00:00:00,37.45,21.8
DWLR0013,2025-07-14 00:00:00,37.58,3.5
DWLR0013,2025-07-17 00:00:00,37.59,19.1
DWLR0013,2025-07-20 00:00:00,37.7,17.3
DWLR0013,2025-07-23 00:00:00,37.81,19.3
DWLR0013,2025-07-26 00:00:00,37.99,37.4
DWLR0013,2025-07-29 00:00:00,38.08,36.0
DWLR0013,2025-08-01 00:00:00,38.14,14.9
DWLR0013,2025-08-04 00:00:00,38.16,5.4
DWLR0013,2025-08-07 00:00:00,38.23,22.1
DWLR0013,2025-08-10 00:00:00,38.31,25.5
DWLR0013,2025-08-13 00:00:00,38.32,37.6
DWLR0013,2025-08-16 00:00:00,38.49,11.2
DWLR0013,2025-08-19 00:00:00,38.66,29.5
DWLR0013,2025-08-22 00:00:00,38.67,5.5
DWLR0013,2025-08-25 00:00:00,38.77,30.7
DWLR0013,2025-08-28 00:00:00,38.8,2.0
DWLR0013,2025-08-31 00:00:00,38.85,28.5
DWLR0013,2025-09-03 00:00:00,39.0,4.0
DWLR0013,2025-09-06 00:00:00,39.01,13.3
DWLR0013,2025-09-09 00:00:00,39.03,35.7
DWLR0013,2025-09-12 00:00:00,39.02,37.6
DWLR0013,2025-09-15 00:00:00,39.17,28.0
DWLR0013,2025-09-18 00:00:00,39.18,29.5
DWLR0013,2025-09-21 00:00:00,39.29,35.0
DWLR0013,2025-09-24 00:00:00,39.39,17.2
DWLR0013,2025-09-27 00:00:00,39.48,38.9
DWLR0013,2025-09-30 00:00:00,39.57,28.3
DWLR0013,2025-10-03 00:00:00,39.68,3.7
DWLR0013,2025-10-06 00:00:00,39.95,1.2
DWLR0013,2025-10-09 00:00:00,40.08,2.0
DWLR0013,2025-10-12 00:00:00,40.23,0.6
DWLR0013,2025-10-15 00:00:00,40.38,3.2
DWLR0013,2025-10-18 00:00:00,40.56,1.4
DWLR0013,2025-10-21 00:00:00,40.69,3.3
DWLR0013,2025-10-24 00:00:00,40.86,0.0
DWLR0013,2025-10-27 00:00:00,41.07,1.4
DWLR0013,2025-10-30 00:00:00,41.19,0.1
DWLR0013,2025-11-02 00:00:00,41.41,2.2
DWLR0013,2025-11-05 00:00:00,41.57,1.1
DWLR0013,2025-11-08 00:00:00,41.73,4.7
DWLR0013,2025-11-11 00:00:00,41.87,3.4
DWLR0013,2025-11-14 00:00:00,42.0,2.8
DWLR0013,2025-11-17 00:00:00,42.22,3.3
DWLR0013,2025-11-20 00:00:00,42.4,2.5
DWLR0013,2025-11-23 00:00:00,42.56,2.1
DWLR0013,2025-11-26 00:00:00,42.71,2.1
DWLR0014,2024-06-01 00:00:00,8.98,22.6
DWLR0014,2024-06-04 00:00:00,8.82,13.4
DWLR0014,2024-06-07 00:00:00,8.79,0.7
DWLR0014,2024-06-10 00:00:00,8.62,18.7
DWLR0014,2024-06-13 00:00:00,8.54,28.7
DWLR0014,2024-06-16 00:00:00,8.4,23.5
DWLR0014,2024-06-19 00:00:00,8.29,13.6
DWLR0014,2024-06-22 00:00:00,8.25,25.2
DWLR0014,2024-06-25 00:00:00,8.26,27.8
DWLR0014,2024-06-28 00:00:00,8.18,13.2
DWLR0014,2024-07-01 00:00:00,8.13,14.0
DWLR0014,2024-07-04 00:00:00,8.04,25.1
DWLR0014,2024-07-07 00:00:00,7.94,29.3
DWLR0014,2024-07-10 00:00:00,7.84,9.0
DWLR0014,2024-07-13 00:00:00,7.8,35.2
DWLR0014,2024-07-16 00:00:00,7.74,18.9
DWLR0014,2024-07-19 00:00:00,7.68,4.3
DWLR0014,2024-07-22 00:00:00,7.6,32.5
DWLR0014,2024-07-25 00:00:00,7.58,37.3
DWLR0014,2024-07-28 00:00:00,7.58,39.9
DWLR0014,2024-07-31 00:00:00,7.59,31.8
DWLR0014,2024-08-03 00:00:00,7.52,0.8
DWLR0014,2024-08-06 00:00:00,7.5,4.6
DWLR0014,2024-08-09 00:00:00,7.49,4.5
DWLR0014,2024-08-12 00:00:00,7.41,20.7
DWLR0014,2024-08-15 00:00:00,7.32,24.3
DWLR0014,2024-08-18 00:00:00,7.32,10.4
DWLR0014,2024-08-21 00:00:00,7.26,8.2
DWLR0014,2024-08-24 00:00:00,7.26,2.9
DWLR0014,2024-08-27 00:00:00,7.23,11.1
DWLR0014,2024-08-30 00:00:00,7.27,27.6
DWLR0014,2024-09-02 00:00:00,7.24,25.5
DWLR0014,2024-09-05 00:00:00,7.14,35.8
DWLR0014,2024-09-08 00:00:00,7.07,6.0
DWLR0014,2024-09-11 00:00:00,6.98,30.1
DWLR0014,2024-09-14 00:00:00,6.94,19.1
DWLR0014,2024-09-17 00:00:00,6.88,20.1
DWLR0014,2024-09-20 00:00:00,6.85,1.8
DWLR0014,2024-09-23 00:00:00,6.81,3.5
DWLR0014,2024-09-26 00:00:00,6.71,16.5
DWLR0014,2024-09-29 00:00:00,6.69,12.4
DWLR0014,2024-10-02 00:00:00,6.65,2.3
DWLR0014,2024-10-05 00:00:00,6.68,1.8
DWLR0014,2024-10-08 00:00:00,6.84,2.6
DWLR0014,2024-10-11 00:00:00,6.91,1.3
DWLR0014,2024-10-14 00:00:00,6.97,3.7
DWLR0014,2024-10-17 00:00:00,7.1,1.2
DWLR0014,2024-10-20 00:00:00,7.06,1.2
DWLR0014,2024-10-23 00:00:00,7.13,2.6
DWLR0014,2024-10-26 00:00:00,7.12,4.4
DWLR0014,2024-10-29 00:00:00,7.2,0.5
DWLR0014,2024-11-01 00:00:00,7.27,4.7
DWLR0014,2024-11-04 00:00:00,7.35,4.4
DWLR0014,2024-11-07 00:00:00,7.39,0.9
DWLR0014,2024-11-10 00:00:00,7.42,1.5
DWLR0014,2024-11-13 00:00:00,7.49,4.6
DWLR0014,2024-11-16 00:00:00,7.46,2.6
DWLR0014,2024-11-19 00:00:00,7.57,3.5
DWLR0014,2024-11-22 00:00:00,7.66,1.5
DWLR0014,2024-11-25 00:00:00,7.68,2.6
DWLR0014,2024-11-28 00:00:00,7.72,4.0
DWLR0014,2024-12-01 00:00:00,7.76,0.6
DWLR0014,2024-12-04 00:00:00,7.74,2.5
DWLR0014,2024-12-07 00:00:00,7.79,0.2
DWLR0014,2024-12-10 00:00:00,7.81,4.8
DWLR0014,2024-12-13 00:00:00,7.97,3.6
DWLR0014,2024-12-16 00:00:00,8.01,4.1
DWLR0014,2024-12-19 00:00:00,8.09,2.6
DWLR0014,2024-12-22 00:00:00,8.06,3.6
DWLR0014,2024-12-25 00:00:00,8.22,4.4
DWLR0014,2024-12-28 00:00:00,8.33,0.4
DWLR0014,2024-12-31 00:00:00,8.42,0.5
DWLR0014,2025-01-03 00:00:00,8.4,0.7
DWLR0014,2025-01-06 00:00:00,8.49,3.0
DWLR0014,2025-01-09 00:00:00,8.43,1.3
DWLR0014,2025-01-12 00:00:00,8.45,4.7
DWLR0014,2025-01-15 00:00:00,8.37,4.7
DWLR0014,2025-01-18 00:00:00,8.39,3.7
DWLR0014,2025-01-21 00:00:00,8.5,0.3
DWLR0014,2025-01-24 00:00:00,8.6,3.8
DWLR0014,2025-01-27 00:00:00,8.56,4.8
DWLR0014,2025-01-30 00:00:00,8.61,2.8
DWLR0014,2025-02-02 00:00:00,8.68,3.2
DWLR0014,2025-02-05 00:00:00,8.71,0.2
DWLR0014,2025-02-08 00:00:00,8.67,1.0
DWLR0014,2025-02-11 00:00:00,8.75,0.7
DWLR0014,2025-02-14 00:00:00,8.68,3.3
DWLR0014,2025-02-17 00:00:00,8.72,2.8
DWLR0014,2025-02-20 00:00:00,8.71,5.0
DWLR0014,2025-02-23 00:00:00,8.78,3.1
DWLR0014,2025-02-26 00:00:00,8.87,1.5
DWLR0014,2025-03-01 00:00:00,8.95,4.9
DWLR0014,2025-03-04 00:00:00,8.95,1.9
DWLR0014,2025-03-07 00:00:00,8.97,2.5
DWLR0014,2025-03-10 00:00:00,9.01,1.0
DWLR0014,2025-03-13 00:00:00,9.01,4.8
DWLR0014,2025-03-16 00:00:00,9.1,5.0
DWLR0014,2025-03-19 00:00:00,9.15,0.2
DWLR0014,2025-03-22 00:00:00,9.19,2.6
DWLR0014,2025-03-25 00:00:00,9.19,4.8
DWLR0014,2025-03-28 00:00:00,9.26,4.1
DWLR0014,2025-03-31 00:00:00,9.35,3.5
DWLR0014,2025-04-03 00:00:00,9.37,3.0
DWLR0014,2025-04-06 00:00:00,9.42,1.9
DWLR0014,2025-04-09 00:00:00,9.35,2.4
DWLR0014,2025-04-12 00:00:00,9.37,2.6
DWLR0014,2025-04-15 00:00:00,9.41,1.3
DWLR0014,2025-04-18 00:00:00,9.49,3.1
DWLR0014,2025-04-21 00:00:00,9.5,0.0
DWLR0014,2025-04-24 00:00:00,9.52,0.3
DWLR0014,2025-04-27 00:00:00,9.61,4.1
DWLR0014,2025-04-30 00:00:00,9.63,2.6
DWLR0014,2025-05-03 00:00:00,9.7,1.6
DWLR0014,2025-05-06 00:00:00,9.81,4.7
DWLR0014,2025-05-09 00:00:00,9.83,1.4
DWLR0014,2025-05-12 00:00:00,9.87,4.7
DWLR0014,2025-05-15 00:00:00,9.94,0.7
DWLR0014,2025-05-18 00:00:00,9.97,2.4
DWLR0014,2025-05-21 00:00:00,9.98,3.8
DWLR0014,2025-05-24 00:00:00,9.95,1.0
DWLR0014,2025-05-27 00:00:00,9.99,3.6
DWLR0014,2025-05-30 00:00:00,10.05,0.4
DWLR0014,2025-06-02 00:00:00,9.98,24.1
DWLR0014,2025-06-05 00:00:00,9.9,26.8
DWLR0014,2025-06-08 00:00:00,9.79,8.7
DWLR0014,2025-06-11 00:00:00,9.63,38.4
DWLR0014,2025-06-14 00:00:00,9.58,38.9
DWLR0014,2025-06-17 00:00:00,9.51,10.0
DWLR0014,2025-06-20 00:00:00,9.38,31.6
DWLR0014,2025-06-23 00:00:00,9.28,3.7
DWLR0014,2025-06-26 00:00:00,9.25,10.4
DWLR0014,2025-06-29 00:00:00,9.28,31.4
DWLR0014,2025-07-02 00:00:00,9.25,32.9
DWLR0014,2025-07-05 00:00:00,9.22,16.3
DWLR0014,2025-07-08 00:00:00,9.15,28.1
DWLR0014,2025-07-11 00:00:00,9.06,19.1
DWLR0014,2025-07-14 00:00:00,8.97,32.3
DWLR0014,2025-07-17 00:00:00,8.94,26.4
DWLR0014,2025-07-20 00:00:00,8.8,15.7
DWLR0014,2025-07-23 00:00:00,8.81,4.2
DWLR0014,2025-07-26 00:00:00,8.79,7.0
DWLR0014,2025-07-29 00:00:00,8.82,38.2
DWLR0014,2025-08-01 00:00:00,8.81,21.7
DWLR0014,2025-08-04 00:00:00,8.87,34.0
DWLR0014,2025-08-07 00:00:00,8.91,17.3
DWLR0014,2025-08-10 00:00:00,8.87,11.9
DWLR0014,2025-08-13 00:00:00,8.8,3.4
DWLR0014,2025-08-16 00:00:00,8.76,1.4
DWLR0014,2025-08-19 00:00:00,8.77,17.9
DWLR0014,2025-08-22 00:00:00,8.81,18.1
DWLR0014,2025-08-25 00:00:00,8.78,18.5
DWLR0014,2025-08-28 00:00:00,8.75,17.5
DWLR0014,2025-08-31 00:00:00,8.73,7.8
DWLR0014,2025-09-03 00:00:00,8.75,15.9
DWLR0014,2025-09-06 00:00:00,8.62,1.2
DWLR0014,2025-09-09 00:00:00,8.67,27.4
DWLR0014,2025-09-12 00:00:00,8.6,31.1
DWLR0014,2025-09-15 00:00:00,8.49,23.7
DWLR0014,2025-09-18 00:00:00,8.46,25.4
DWLR0014,2025-09-21 00:00:00,8.37,34.7
DWLR0014,2025-09-24 00:00:00,8.45,13.6
DWLR0014,2025-09-27 00:00:00,8.38,13.5
DWLR0014,2025-09-30 00:00:00,8.39,23.0
DWLR0014,2025-10-03 00:00:00,8.46,3.9
DWLR0014,2025-10-06 00:00:00,8.54,2.0
DWLR0014,2025-10-09 00:00:00,8.56,4.3
DWLR0014,2025-10-12 00:00:00,8.59,1.3
DWLR0014,2025-10-15 00:00:00,8.63,4.1
DWLR0014,2025-10-18 00:00:00,8.63,1.0
DWLR0014,2025-10-21 00:00:00,8.64,1.8
DWLR0014,2025-10-24 00:00:00,8.68,1.0
DWLR0014,2025-10-27 00:00:00,8.7,3.6
DWLR0014,2025-10-30 00:00:00,8.79,0.1
DWLR0014,2025-11-02 00:00:00,8.84,1.4
DWLR0014,2025-11-05 00:00:00,8.93,2.6
DWLR0014,2025-11-08 00:00:00,9.03,4.2
DWLR0014,2025-11-11 00:00:00,9.08,2.8
DWLR0014,2025-11-14 00:00:00,9.19,4.6
DWLR0014,2025-11-17 00:00:00,9.32,2.1
DWLR0014,2025-11-20 00:00:00,9.32,3.5
DWLR0014,2025-11-23 00:00:00,9.42,3.7
DWLR0014,2025-11-26 00:00:00,9.52,1.4
DWLR0015,2024-06-01 00:00:00,17.29,39.4
DWLR0015,2024-06-04 00:00:00,17.08,12.3
DWLR0015,2024-06-07 00:00:00,17.03,25.7
DWLR0015,2024-06-10 00:00:00,16.94,8.3
DWLR0015,2024-06-13 00:00:00,16.84,29.5
DWLR0015,2024-06-16 00:00:00,16.78,15.4
DWLR0015,2024-06-19 00:00:00,16.7,37.5
DWLR0015,2024-06-22 00:00:00,16.63,16.5
DWLR0015,2024-06-25 00:00:00,16.64,36.8
DWLR0015,2024-06-28 00:00:00,16.53,28.3
DWLR0015,2024-07-01 00:00:00,16.41,24.3
DWLR0015,2024-07-04 00:00:00,16.35,29.5
DWLR0015,2024-07-07 00:00:00,16.28,22.1
DWLR0015,2024-07-10 00:00:00,16.24,26.6
DWLR0015,2024-07-13 00:00:00,16.09,38.9
DWLR0015,2024-07-16 00:00:00,16.0,1.3
DWLR0015,2024-07-19 00:00:00,15.94,15.3
DWLR0015,2024-07-22 00:00:00,15.88,28.7
DWLR0015,2024-07-25 00:00:00,15.8,17.7
DWLR0015,2024-07-28 00:00:00,15.72,33.5
DWLR0015,2024-07-31 00:00:00,15.61,8.6
DWLR0015,2024-08-03 00:00:00,15.47,34.2
DWLR0015,2024-08-06 00:00:00,15.4,13.0
DWLR0015,2024-08-09 00:00:00,15.35,12.8
DWLR0015,2024-08-12 00:00:00,15.28,29.7
DWLR0015,2024-08-15 00:00:00,15.14,13.3
DWLR0015,2024-08-18 00:00:00,15.18,4.7
DWLR0015,2024-08-21 00:00:00,15.13,22.8
DWLR0015,2024-08-24 00:00:00,15.04,30.4
DWLR0015,2024-08-27 00:00:00,15.01,5.5
DWLR0015,2024-08-30 00:00:00,14.94,27.0
DWLR0015,2024-09-02 00:00:00,14.92,2.2
DWLR0015,2024-09-05 00:00:00,14.77,32.4
DWLR0015,2024-09-08 00:00:00,14.71,27.3
DWLR0015,2024-09-11 00:00:00,14.68,9.5
DWLR0015,2024-09-14 00:00:00,14.67,32.5
DWLR0015,2024-09-17 00:00:00,14.59,3.3
DWLR0015,2024-09-20 00:00:00,14.49,34.9
DWLR0015,2024-09-23 00:00:00,14.43,31.2
DWLR0015,2024-09-26 00:00:00,14.44,26.6
DWLR0015,2024-09-29 00:00:00,14.31,2.3
DWLR0015,2024-10-02 00:00:00,14.29,3.4
DWLR0015,2024-10-05 00:00:00,14.29,3.7
DWLR0015,2024-10-08 00:00:00,14.35,2.1
DWLR0015,2024-10-11 00:00:00,14.37,0.6
DWLR0015,2024-10-14 00:00:00,14.43,0.2
DWLR0015,2024-10-17 00:00:00,14.43,1.2
DWLR0015,2024-10-20 00:00:00,14.43,1.9
DWLR0015,2024-10-23 00:00:00,14.4,1.5
DWLR0015,2024-10-26 00:00:00,14.41,0.1
DWLR0015,2024-10-29 00:00:00,14.47,2.9
DWLR0015,2024-11-01 00:00:00,14.43,4.1
DWLR0015,2024-11-04 00:00:00,14.46,4.0
DWLR0015,2024-11-07 00:00:00,14.48,2.8
DWLR0015,2024-11-10 00:00:00,14.51,1.1
DWLR0015,2024-11-13 00:00:00,14.5,2.7
DWLR0015,2024-11-16 00:00:00,14.45,0.4
DWLR0015,2024-11-19 00:00:00,14.41,0.6
DWLR0015,2024-11-22 00:00:00,14.41,3.1
DWLR0015,2024-11-25 00:00:00,14.39,2.1
DWLR0015,2024-11-28 00:00:00,14.33,1.6
DWLR0015,2024-12-01 00:00:00,14.38,3.5
DWLR0015,2024-12-04 00:00:00,14.38,4.5
DWLR0015,2024-12-07 00:00:00,14.46,3.9
DWLR0015,2024-12-10 00:00:00,14.49,1.4
DWLR0015,2024-12-13 00:00:00,14.48,4.1
DWLR0015,2024-12-16 00:00:00,14.41,3.9
DWLR0015,2024-12-19 00:00:00,14.41,1.1
DWLR0015,2024-12-22 00:00:00,14.46,0.2
DWLR0015,2024-12-25 00:00:00,14.41,3.0
DWLR0015,2024-12-28 00:00:00,14.41,2.5
DWLR0015,2024-12-31 00:00:00,14.35,4.8
DWLR0015,2025-01-03 00:00:00,14.45,1.0
DWLR0015,2025-01-06 00:00:00,14.42,1.7
DWLR0015,2025-01-09 00:00:00,14.48,2.5
DWLR0015,2025-01-12 00:00:00,14.48,3.9
DWLR0015,2025-01-15 00:00:00,14.58,4.2
DWLR0015,2025-01-18 00:00:00,14.56,1.2
DWLR0015,2025-01-21 00:00:00,14.47,2.1
DWLR0015,2025-01-24 00:00:00,14.42,0.6
DWLR0015,2025-01-27 00:00:00,14.38,3.7
DWLR0015,2025-01-30 00:00:00,14.43,2.8
DWLR0015,2025-02-02 00:00:00,14.47,3.3
DWLR0015,2025-02-05 00:00:00,14.49,0.2
DWLR0015,2025-02-08 00:00:00,14.56,3.9
DWLR0015,2025-02-11 00:00:00,14.55,2.2
DWLR0015,2025-02-14 00:00:00,14.5,4.5
DWLR0015,2025-02-17 00:00:00,14.56,2.9
DWLR0015,2025-02-20 00:00:00,14.55,3.4
DWLR0015,2025-02-23 00:00:00,14.51,3.1
DWLR0015,2025-02-26 00:00:00,14.63,4.2
DWLR0015,2025-03-01 00:00:00,14.66,4.5
DWLR0015,2025-03-04 00:00:00,14.72,3.3
DWLR0015,2025-03-07 00:00:00,14.77,2.7
DWLR0015,2025-03-10 00:00:00,14.83,2.6
DWLR0015,2025-03-13 00:00:00,14.9,0.4
DWLR0015,2025-03-16 00:00:00,14.95,1.4
DWLR0015,2025-03-19 00:00:00,15.02,2.0
DWLR0015,2025-03-22 00:00:00,15.02,4.4
DWLR0015,2025-03-25 00:00:00,15.06,1.9
DWLR0015,2025-03-28 00:00:00,15.09,2.1
DWLR0015,2025-03-31 00:00:00,15.09,2.8
DWLR0015,2025-04-03 00:00:00,15.15,2.6
DWLR0015,2025-04-06 00:00:00,15.17,2.8
DWLR0015,2025-04-09 00:00:00,15.26,4.7
DWLR0015,2025-04-12 00:00:00,15.22,0.6
DWLR0015,2025-04-15 00:00:00,15.28,2.5
DWLR0015,2025-04-18 00:00:00,15.33,2.8
DWLR0015,2025-04-21 00:00:00,15.31,4.0
DWLR0015,2025-04-24 00:00:00,15.3,3.0
DWLR0015,2025-04-27 00:00:00,15.35,3.6
DWLR0015,2025-04-30 00:00:00,15.35,2.2
DWLR0015,2025-05-03 00:00:00,15.36,2.9
DWLR0015,2025-05-06 00:00:00,15.28,4.8
DWLR0015,2025-05-09 00:00:00,15.34,1.1
DWLR0015,2025-05-12 00:00:00,15.33,4.9
DWLR0015,2025-05-15 00:00:00,15.34,0.4
DWLR0015,2025-05-18 00:00:00,15.32,1.2
DWLR0015,2025-05-21 00:00:00,15.4,1.0
DWLR0015,2025-05-24 00:00:00,15.36,0.9
DWLR0015,2025-05-27 00:00:00,15.32,3.9
DWLR0015,2025-05-30 00:00:00,15.37,2.5
DWLR0015,2025-06-02 00:00:00,15.34,27.9
DWLR0015,2025-06-05 00:00:00,15.23,29.6
DWLR0015,2025-06-08 00:00:00,15.17,23.8
DWLR0015,2025-06-11 00:00:00,15.1,0.1
DWLR0015,2025-06-14 00:00:00,14.98,16.5
DWLR0015,2025-06-17 00:00:00,14.88,15.8
DWLR0015,2025-06-20 00:00:00,14.8,36.6
DWLR0015,2025-06-23 00:00:00,14.75,20.3
DWLR0015,2025-06-26 00:00:00,14.73,39.2
DWLR0015,2025-06-29 00:00:00,14.66,7.2
DWLR0015,2025-07-02 00:00:00,14.71,35.6
DWLR0015,2025-07-05 00:00:00,14.62,9.1
DWLR0015,2025-07-08 00:00:00,14.55,9.9
DWLR0015,2025-07-11 00:00:00,14.47,24.0
DWLR0015,2025-07-14 00:00:00,14.34,32.3
DWLR0015,2025-07-17 00:00:00,14.27,39.9
DWLR0015,2025-07-20 00:00:00,14.27,17.3
DWLR0015,2025-07-23 00:00:00,14.21,37.3
DWLR0015,2025-07-26 00:00:00,14.12,1.2
DWLR0015,2025-07-29 00:00:00,14.04,20.3
DWLR0015,2025-08-01 00:00:00,13.93,16.2
DWLR0015,2025-08-04 00:00:00,13.84,11.6
DWLR0015,2025-08-07 00:00:00,13.78,0.4
DWLR0015,2025-08-10 00:00:00,13.75,7.2
DWLR0015,2025-08-13 00:00:00,13.77,12.4
DWLR0015,2025-08-16 00:00:00,13.58,11.2
DWLR0015,2025-08-19 00:00:00,13.62,10.0
DWLR0015,2025-08-22 00:00:00,13.67,21.5
DWLR0015,2025-08-25 00:00:00,13.61,22.4
DWLR0015,2025-08-28 00:00:00,13.5,37.2
DWLR0015,2025-08-31 00:00:00,13.46,31.7
DWLR0015,2025-09-03 00:00:00,13.38,6.6
DWLR0015,2025-09-06 00:00:00,13.29,17.2
DWLR0015,2025-09-09 00:00:00,13.27,14.0
DWLR0015,2025-09-12 00:00:00,13.24,5.1
DWLR0015,2025-09-15 00:00:00,13.13,31.9
DWLR0015,2025-09-18 00:00:00,13.04,26.1
DWLR0015,2025-09-21 00:00:00,13.0,3.1
DWLR0015,2025-09-24 00:00:00,12.92,21.5
DWLR0015,2025-09-27 00:00:00,12.89,39.3
DWLR0015,2025-09-30 00:00:00,12.82,25.8
DWLR0015,2025-10-03 00:00:00,12.86,2.7
DWLR0015,2025-10-06 00:00:00,12.88,2.7
DWLR0015,2025-10-09 00:00:00,12.99,1.3
DWLR0015,2025-10-12 00:00:00,13.07,1.6
DWLR0015,2025-10-15 00:00:00,13.05,1.1
DWLR0015,2025-10-18 00:00:00,13.1,0.5
DWLR0015,2025-10-21 00:00:00,13.07,0.3
DWLR0015,2025-10-24 00:00:00,13.08,1.8
DWLR0015,2025-10-27 00:00:00,13.11,3.4
DWLR0015,2025-10-30 00:00:00,13.08,3.2
DWLR0015,2025-11-02 00:00:00,13.15,0.6
DWLR0015,2025-11-05 00:00:00,13.18,1.9
DWLR0015,2025-11-08 00:00:00,13.29,4.4
DWLR0015,2025-11-11 00:00:00,13.31,3.5
DWLR0015,2025-11-14 00:00:00,13.37,1.2
DWLR0015,2025-11-17 00:00:00,13.51,3.6
DWLR0015,2025-11-20 00:00:00,13.44,2.2
DWLR0015,2025-11-23 00:00:00,13.45,3.2
DWLR0015,2025-11-26 00:00:00,13.55,1.1
DWLR0016,2024-06-01 00:00:00,23.47,5.8
DWLR0016,2024-06-04 00:00:00,23.38,2.5
DWLR0016,2024-06-07 00:00:00,23.37,33.7
DWLR0016,2024-06-10 00:00:00,23.49,4.9
DWLR0016,2024-06-13 00:00:00,23.46,2.5
DWLR0016,2024-06-16 00:00:00,23.48,37.7
DWLR0016,2024-06-19 00:00:00,23.59,30.7
DWLR0016,2024-06-22 00:00:00,23.67,12.7
DWLR0016,2024-06-25 00:00:00,23.73,18.3
DWLR0016,2024-06-28 00:00:00,23.73,13.2
DWLR0016,2024-07-01 00:00:00,23.87,1.8
DWLR0016,2024-07-04 00:00:00,23.85,36.2
DWLR0016,2024-07-07 00:00:00,23.94,35.7
DWLR0016,2024-07-10 00:00:00,23.96,16.0
DWLR0016,2024-07-13 00:00:00,23.97,24.6
DWLR0016,2024-07-16 00:00:00,23.94,22.2
DWLR0016,2024-07-19 00:00:00,23.96,18.4
DWLR0016,2024-07-22 00:00:00,23.99,22.6
DWLR0016,2024-07-25 00:00:00,24.06,14.6
DWLR0016,2024-07-28 00:00:00,24.02,18.2
DWLR0016,2024-07-31 00:00:00,23.98,17.3
DWLR0016,2024-08-03 00:00:00,24.04,22.4
DWLR0016,2024-08-06 00:00:00,24.14,30.4
DWLR0016,2024-08-09 00:00:00,24.3,14.4
DWLR0016,2024-08-12 00:00:00,24.29,3.6
DWLR0016,2024-08-15 00:00:00,24.3,21.7
DWLR0016,2024-08-18 00:00:00,24.36,16.1
DWLR0016,2024-08-21 00:00:00,24.33,20.5
DWLR0016,2024-08-24 00:00:00,24.39,28.8
DWLR0016,2024-08-27 00:00:00,24.4,14.9
DWLR0016,2024-08-30 00:00:00,24.42,23.1
DWLR0016,2024-09-02 00:00:00,24.43,37.5
DWLR0016,2024-09-05 00:00:00,24.39,11.0
DWLR0016,2024-09-08 00:00:00,24.46,39.7
DWLR0016,2024-09-11 00:00:00,24.55,11.2
DWLR0016,2024-09-14 00:00:00,24.57,6.4
DWLR0016,2024-09-17 00:00:00,24.5,37.7
DWLR0016,2024-09-20 00:00:00,24.53,31.5
DWLR0016,2024-09-23 00:00:00,24.61,14.9
DWLR0016,2024-09-26 00:00:00,24.65,26.3
DWLR0016,2024-09-29 00:00:00,24.68,37.9
DWLR0016,2024-10-02 00:00:00,24.81,2.3
DWLR0016,2024-10-05 00:00:00,24.99,4.5
DWLR0016,2024-10-08 00:00:00,25.18,3.6
DWLR0016,2024-10-11 00:00:00,25.35,2.1
DWLR0016,2024-10-14 00:00:00,25.53,1.4
DWLR0016,2024-10-17 00:00:00,25.71,3.6
DWLR0016,2024-10-20 00:00:00,25.86,1.1
DWLR0016,2024-10-23 00:00:00,25.94,3.9
DWLR0016,2024-10-26 00:00:00,26.14,1.1
DWLR0016,2024-10-29 00:00:00,26.33,4.1
DWLR0016,2024-11-01 00:00:00,26.47,4.9
DWLR0016,2024-11-04 00:00:00,26.57,3.6
DWLR0016,2024-11-07 00:00:00,26.66,0.9
DWLR0016,2024-11-10 00:00:00,26.92,1.5
DWLR0016,2024-11-13 00:00:00,27.11,4.6
DWLR0016,2024-11-16 00:00:00,27.22,4.8
DWLR0016,2024-11-19 00:00:00,27.29,4.7
DWLR0016,2024-11-22 00:00:00,27.4,0.1
DWLR0016,2024-11-25 00:00:00,27.61,2.3
DWLR0016,2024-11-28 00:00:00,27.71,4.0
DWLR0016,2024-12-01 00:00:00,27.82,3.2
DWLR0016,2024-12-04 00:00:00,28.03,1.3
DWLR0016,2024-12-07 00:00:00,28.28,0.9
DWLR0016,2024-12-10 00:00:00,28.54,0.1
DWLR0016,2024-12-13 00:00:00,28.71,1.7
DWLR0016,2024-12-16 00:00:00,28.95,3.4
DWLR0016,2024-12-19 00:00:00,29.12,0.2
DWLR0016,2024-12-22 00:00:00,29.25,3.0
DWLR0016,2024-12-25 00:00:00,29.37,4.6
DWLR0016,2024-12-28 00:00:00,29.46,3.4
DWLR0016,2024-12-31 00:00:00,29.63,0.6
DWLR0016,2025-01-03 00:00:00,29.64,3.1
DWLR0016,2025-01-06 00:00:00,29.79,0.5
DWLR0016,2025-01-09 00:00:00,29.91,2.7
DWLR0016,2025-01-12 00:00:00,30.05,0.2
DWLR0016,2025-01-15 00:00:00,30.21,0.1
DWLR0016,2025-01-18 00:00:00,30.34,0.4
DWLR0016,2025-01-21 00:00:00,30.48,5.0
DWLR0016,2025-01-24 00:00:00,30.55,1.0
DWLR0016,2025-01-27 00:00:00,30.77,0.1
DWLR0016,2025-01-30 00:00:00,30.9,0.0
DWLR0016,2025-02-02 00:00:00,31.0,1.6
DWLR0016,2025-02-05 00:00:00,31.05,2.9
DWLR0016,2025-02-08 00:00:00,31.18,1.1
DWLR0016,2025-02-11 00:00:00,31.25,3.2
DWLR0016,2025-02-14 00:00:00,31.39,4.8
DWLR0016,2025-02-17 00:00:00,31.55,0.6
DWLR0016,2025-02-20 00:00:00,31.65,4.5
DWLR0016,2025-02-23 00:00:00,31.84,2.8
DWLR0016,2025-02-26 00:00:00,31.96,0.9
DWLR0016,2025-03-01 00:00:00,32.07,4.2
DWLR0016,2025-03-04 00:00:00,32.18,2.3
DWLR0016,2025-03-07 00:00:00,32.32,3.5
DWLR0016,2025-03-10 00:00:00,32.41,1.1
DWLR0016,2025-03-13 00:00:00,32.5,3.2
DWLR0016,2025-03-16 00:00:00,32.6,0.6
DWLR0016,2025-03-19 00:00:00,32.66,0.5
DWLR0016,2025-03-22 00:00:00,32.76,3.7
DWLR0016,2025-03-25 00:00:00,32.89,3.5
DWLR0016,2025-03-28 00:00:00,33.06,4.6
DWLR0016,2025-03-31 00:00:00,33.17,4.9
DWLR0016,2025-04-03 00:00:00,33.32,2.5
DWLR0016,2025-04-06 00:00:00,33.53,0.7
DWLR0016,2025-04-09 00:00:00,33.6,1.5
DWLR0016,2025-04-12 00:00:00,33.79,0.3
DWLR0016,2025-04-15 00:00:00,33.96,4.6
DWLR0016,2025-04-18 00:00:00,34.13,2.9
DWLR0016,2025-04-21 00:00:00,34.32,0.6
DWLR0016,2025-04-24 00:00:00,34.41,4.3
DWLR0016,2025-04-27 00:00:00,34.52,0.5
DWLR0016,2025-04-30 00:00:00,34.68,2.1
DWLR0016,2025-05-03 00:00:00,34.89,0.3
DWLR0016,2025-05-06 00:00:00,35.08,2.0
DWLR0016,2025-05-09 00:00:00,35.21,3.3
DWLR0016,2025-05-12 00:00:00,35.46,0.4
DWLR0016,2025-05-15 00:00:00,35.54,4.8
DWLR0016,2025-05-18 00:00:00,35.64,2.7
DWLR0016,2025-05-21 00:00:00,35.7,4.3
DWLR0016,2025-05-24 00:00:00,35.82,4.4
DWLR0016,2025-05-27 00:00:00,36.09,4.4
DWLR0016,2025-05-30 00:00:00,36.18,4.0
DWLR0016,2025-06-02 00:00:00,36.27,12.0
DWLR0016,2025-06-05 00:00:00,36.24,30.8
DWLR0016,2025-06-08 00:00:00,36.3,6.7
DWLR0016,2025-06-11 00:00:00,36.33,3.5
DWLR0016,2025-06-14 00:00:00,36.5,29.6
DWLR0016,2025-06-17 00:00:00,36.53,20.6
DWLR0016,2025-06-20 00:00:00,36.57,23.8
DWLR0016,2025-06-23 00:00:00,36.66,29.0
DWLR0016,2025-06-26 00:00:00,36.75,8.8
DWLR0016,2025-06-29 00:00:00,36.88,11.3
DWLR0016,2025-07-02 00:00:00,36.95,9.4
DWLR0016,2025-07-05 00:00:00,37.03,3.1
DWLR0016,2025-07-08 00:00:00,37.06,39.2
DWLR0016,2025-07-11 00:00:00,37.13,27.0
DWLR0016,2025-07-14 00:00:00,37.18,39.6
DWLR0016,2025-07-17 00:00:00,37.26,38.7
DWLR0016,2025-07-20 00:00:00,37.34,29.1
DWLR0016,2025-07-23 00:00:00,37.48,5.1
DWLR0016,2025-07-26 00:00:00,37.39,13.3
DWLR0016,2025-07-29 00:00:00,37.55,7.4
DWLR0016,2025-08-01 00:00:00,37.6,12.1
DWLR0016,2025-08-04 00:00:00,37.71,11.0
DWLR0016,2025-08-07 00:00:00,37.71,4.9
DWLR0016,2025-08-10 00:00:00,37.8,7.8
DWLR0016,2025-08-13 00:00:00,37.9,35.4
DWLR0016,2025-08-16 00:00:00,37.92,18.3
DWLR0016,2025-08-19 00:00:00,37.98,29.2
DWLR0016,2025-08-22 00:00:00,38.05,3.2
DWLR0016,2025-08-25 00:00:00,38.14,8.4
DWLR0016,2025-08-28 00:00:00,38.28,20.2
DWLR0016,2025-08-31 00:00:00,38.34,4.5
DWLR0016,2025-09-03 00:00:00,38.4,27.7
DWLR0016,2025-09-06 00:00:00,38.5,18.5
DWLR0016,2025-09-09 00:00:00,38.5,0.1
DWLR0016,2025-09-12 00:00:00,38.57,14.3
DWLR0016,2025-09-15 00:00:00,38.62,13.0
DWLR0016,2025-09-18 00:00:00,38.62,27.3
DWLR0016,2025-09-21 00:00:00,38.69,7.8
DWLR0016,2025-09-24 00:00:00,38.73,30.8
DWLR0016,2025-09-27 00:00:00,38.77,6.6
DWLR0016,2025-09-30 00:00:00,38.78,20.7
DWLR0016,2025-10-03 00:00:00,38.86,3.2
DWLR0016,2025-10-06 00:00:00,38.97,4.1
DWLR0016,2025-10-09 00:00:00,39.14,3.5
DWLR0016,2025-10-12 00:00:00,39.33,0.9
DWLR0016,2025-10-15 00:00:00,39.49,1.1
DWLR0016,2025-10-18 00:00:00,39.58,0.2
DWLR0016,2025-10-21 00:00:00,39.71,1.9
DWLR0016,2025-10-24 00:00:00,39.91,1.0
DWLR0016,2025-10-27 00:00:00,39.94,4.2
DWLR0016,2025-10-30 00:00:00,40.15,4.8
DWLR0016,2025-11-02 00:00:00,40.32,4.6
DWLR0016,2025-11-05 00:00:00,40.43,2.2
DWLR0016,2025-11-08 00:00:00,40.63,4.9
DWLR0016,2025-11-11 00:00:00,40.71,3.0
DWLR0016,2025-11-14 00:00:00,40.85,0.8
DWLR0016,2025-11-17 00:00:00,41.05,1.8
DWLR0016,2025-11-20 00:00:00,41.16,1.9
DWLR0016,2025-11-23 00:00:00,41.31,4.3
DWLR0016,2025-11-26 00:00:00,41.37,4.0
DWLR0017,2024-06-01 00:00:00,5.14,12.2
DWLR0017,2024-06-04 00:00:00,5.03,31.0
DWLR0017,2024-06-07 00:00:00,5.0,22.8
DWLR0017,2024-06-10 00:00:00,5.0,19.0
DWLR0017,2024-06-13 00:00:00,4.96,2.7
DWLR0017,2024-06-16 00:00:00,4.93,26.9
DWLR0017,2024-06-19 00:00:00,4.94,15.0
DWLR0017,2024-06-22 00:00:00,5.02,2.4
DWLR0017,2024-06-25 00:00:00,5.06,26.7
DWLR0017,2024-06-28 00:00:00,5.04,6.0
DWLR0017,2024-07-01 00:00:00,5.02,24.8
DWLR0017,2024-07-04 00:00:00,5.07,19.0
DWLR0017,2024-07-07 00:00:00,5.11,39.4
DWLR0017,2024-07-10 00:00:00,5.07,13.6
DWLR0017,2024-07-13 00:00:00,5.09,9.5
DWLR0017,2024-07-16 00:00:00,5.17,27.7
DWLR0017,2024-07-19 00:00:00,5.14,1.2
DWLR0017,2024-07-22 00:00:00,5.13,5.8
DWLR0017,2024-07-25 00:00:00,5.08,32.3
DWLR0017,2024-07-28 00:00:00,5.06,0.3
DWLR0017,2024-07-31 00:00:00,5.05,21.8
DWLR0017,2024-08-03 00:00:00,5.06,12.4
DWLR0017,2024-08-06 00:00:00,5.07,39.6
DWLR0017,2024-08-09 00:00:00,4.99,8.8
DWLR0017,2024-08-12 00:00:00,4.95,7.5
DWLR0017,2024-08-15 00:00:00,4.98,22.8
DWLR0017,2024-08-18 00:00:00,4.93,0.3
DWLR0017,2024-08-21 00:00:00,4.95,17.1
DWLR0017,2024-08-24 00:00:00,4.91,34.0
DWLR0017,2024-08-27 00:00:00,4.95,26.3
DWLR0017,2024-08-30 00:00:00,5.0,11.7
DWLR0017,2024-09-02 00:00:00,4.99,4.9
DWLR0017,2024-09-05 00:00:00,5.01,37.8
DWLR0017,2024-09-08 00:00:00,4.95,16.4
DWLR0017,2024-09-11 00:00:00,4.92,9.0
DWLR0017,2024-09-14 00:00:00,4.92,8.7
DWLR0017,2024-09-17 00:00:00,4.96,37.4
DWLR0017,2024-09-20 00:00:00,5.0,17.8
DWLR0017,2024-09-23 00:00:00,5.0,12.1
DWLR0017,2024-09-26 00:00:00,5.01,13.5
DWLR0017,2024-09-29 00:00:00,5.03,12.1
DWLR0017,2024-10-02 00:00:00,5.12,1.1
DWLR0017,2024-10-05 00:00:00,5.17,3.9
DWLR0017,2024-10-08 00:00:00,5.21,3.5
DWLR0017,2024-10-11 00:00:00,5.28,0.0
DWLR0017,2024-10-14 00:00:00,5.35,0.3
DWLR0017,2024-10-17 00:00:00,5.43,1.1
DWLR0017,2024-10-20 00:00:00,5.46,4.5
DWLR0017,2024-10-23 00:00:00,5.53,1.2
DWLR0017,2024-10-26 00:00:00,5.54,1.5
DWLR0017,2024-10-29 00:00:00,5.67,3.3
DWLR0017,2024-11-01 00:00:00,5.79,4.7
DWLR0017,2024-11-04 00:00:00,5.82,2.9
DWLR0017,2024-11-07 00:00:00,5.94,2.2
DWLR0017,2024-11-10 00:00:00,5.96,1.6
DWLR0017,2024-11-13 00:00:00,6.0,0.8
DWLR0017,2024-11-16 00:00:00,6.1,1.7
DWLR0017,2024-11-19 00:00:00,6.2,0.8
DWLR0017,2024-11-22 00:00:00,6.29,0.5
DWLR0017,2024-11-25 00:00:00,6.3,2.2
DWLR0017,2024-11-28 00:00:00,6.45,4.1
DWLR0017,2024-12-01 00:00:00,6.55,4.1
DWLR0017,2024-12-04 00:00:00,6.57,0.4
DWLR0017,2024-12-07 00:00:00,6.71,2.4
DWLR0017,2024-12-10 00:00:00,6.76,0.6
DWLR0017,2024-12-13 00:00:00,6.91,5.0
DWLR0017,2024-12-16 00:00:00,7.08,0.7
DWLR0017,2024-12-19 00:00:00,7.12,4.2
DWLR0017,2024-12-22 00:00:00,7.29,2.4
DWLR0017,2024-12-25 00:00:00,7.45,4.2
DWLR0017,2024-12-28 00:00:00,7.58,1.1
DWLR0017,2024-12-31 00:00:00,7.71,2.5
DWLR0017,2025-01-03 00:00:00,7.88,3.9
DWLR0017,2025-01-06 00:00:00,8.01,3.6
DWLR0017,2025-01-09 00:00:00,8.05,4.7
DWLR0017,2025-01-12 00:00:00,8.1,2.3
DWLR0017,2025-01-15 00:00:00,8.18,4.6
DWLR0017,2025-01-18 00:00:00,8.32,0.2
DWLR0017,2025-01-21 00:00:00,8.38,0.8
DWLR0017,2025-01-24 00:00:00,8.42,1.6
DWLR0017,2025-01-27 00:00:00,8.52,2.5
DWLR0017,2025-01-30 00:00:00,8.55,1.8
DWLR0017,2025-02-02 00:00:00,8.59,4.1
DWLR0017,2025-02-05 00:00:00,8.71,3.7
DWLR0017,2025-02-08 00:00:00,8.78,4.4
DWLR0017,2025-02-11 00:00:00,8.95,4.6
DWLR0017,2025-02-14 00:00:00,9.02,3.4
DWLR0017,2025-02-17 00:00:00,9.08,3.9
DWLR0017,2025-02-20 00:00:00,9.19,3.3
DWLR0017,2025-02-23 00:00:00,9.26,2.3
DWLR0017,2025-02-26 00:00:00,9.33,0.1
DWLR0017,2025-03-01 00:00:00,9.4,0.1
DWLR0017,2025-03-04 00:00:00,9.41,1.6
DWLR0017,2025-03-07 00:00:00,9.55,1.6
DWLR0017,2025-03-10 00:00:00,9.66,4.1
DWLR0017,2025-03-13 00:00:00,9.81,0.9
DWLR0017,2025-03-16 00:00:00,9.87,3.3
DWLR0017,2025-03-19 00:00:00,9.98,4.3
DWLR0017,2025-03-22 00:00:00,10.1,0.3
DWLR0017,2025-03-25 00:00:00,10.15,0.4
DWLR0017,2025-03-28 00:00:00,10.3,0.8
DWLR0017,2025-03-31 00:00:00,10.43,0.5
DWLR0017,2025-04-03 00:00:00,10.51,4.9
DWLR0017,2025-04-06 00:00:00,10.64,2.9
DWLR0017,2025-04-09 00:00:00,10.7,1.6
DWLR0017,2025-04-12 00:00:00,10.82,2.0
DWLR0017,2025-04-15 00:00:00,10.88,3.3
DWLR0017,2025-04-18 00:00:00,10.95,1.0
DWLR0017,2025-04-21 00:00:00,10.93,1.1
DWLR0017,2025-04-24 00:00:00,11.12,3.9
DWLR0017,2025-04-27 00:00:00,11.2,3.8
DWLR0017,2025-04-30 00:00:00,11.32,3.3
DWLR0017,2025-05-03 00:00:00,11.41,2.2
DWLR0017,2025-05-06 00:00:00,11.49,1.7
DWLR0017,2025-05-09 00:00:00,11.51,0.5
DWLR0017,2025-05-12 00:00:00,11.66,4.5
DWLR0017,2025-05-15 00:00:00,11.79,4.2
DWLR0017,2025-05-18 00:00:00,11.86,2.0
DWLR0017,2025-05-21 00:00:00,11.95,1.1
DWLR0017,2025-05-24 00:00:00,12.07,1.9
DWLR0017,2025-05-27 00:00:00,12.21,0.4
DWLR0017,2025-05-30 00:00:00,12.33,4.1
DWLR0017,2025-06-02 00:00:00,12.3,31.1
DWLR0017,2025-06-05 00:00:00,12.19,36.0
DWLR0017,2025-06-08 00:00:00,12.26,9.0
DWLR0017,2025-06-11 00:00:00,12.33,13.0
DWLR0017,2025-06-14 00:00:00,12.44,19.7
DWLR0017,2025-06-17 00:00:00,12.47,6.7
DWLR0017,2025-06-20 00:00:00,12.52,9.9
DWLR0017,2025-06-23 00:00:00,12.46,36.7
DWLR0017,2025-06-26 00:00:00,12.5,9.9
DWLR0017,2025-06-29 00:00:00,12.48,28.6
DWLR0017,2025-07-02 00:00:00,12.53,21.4
DWLR0017,2025-07-05 00:00:00,12.52,17.9
DWLR0017,2025-07-08 00:00:00,12.5,8.9
DWLR0017,2025-07-11 00:00:00,12.52,35.5
DWLR0017,2025-07-14 00:00:00,12.5,24.7
DWLR0017,2025-07-17 00:00:00,12.49,15.9
DWLR0017,2025-07-20 00:00:00,12.5,19.9
DWLR0017,2025-07-23 00:00:00,12.52,38.1
DWLR0017,2025-07-26 00:00:00,12.49,9.7
DWLR0017,2025-07-29 00:00:00,12.57,21.5
DWLR0017,2025-08-01 00:00:00,12.52,11.6
DWLR0017,2025-08-04 00:00:00,12.48,0.4
DWLR0017,2025-08-07 00:00:00,12.57,38.4
DWLR0017,2025-08-10 00:00:00,12.49,21.8
DWLR0017,2025-08-13 00:00:00,12.43,22.3
DWLR0017,2025-08-16 00:00:00,12.46,12.2
DWLR0017,2025-08-19 00:00:00,12.49,34.2
DWLR0017,2025-08-22 00:00:00,12.49,37.0
DWLR0017,2025-08-25 00:00:00,12.4,13.8
DWLR0017,2025-08-28 00:00:00,12.39,14.2
DWLR0017,2025-08-31 00:00:00,12.37,10.4
DWLR0017,2025-09-03 00:00:00,12.48,11.8
DWLR0017,2025-09-06 00:00:00,12.55,26.1
DWLR0017,2025-09-09 00:00:00,12.55,25.2
DWLR0017,2025-09-12 00:00:00,12.53,11.8
DWLR0017,2025-09-15 00:00:00,12.58,11.0
DWLR0017,2025-09-18 00:00:00,12.66,6.6
DWLR0017,2025-09-21 00:00:00,12.72,13.8
DWLR0017,2025-09-24 00:00:00,12.73,7.4
DWLR0017,2025-09-27 00:00:00,12.77,25.9
DWLR0017,2025-09-30 00:00:00,12.77,12.1
DWLR0017,2025-10-03 00:00:00,12.83,0.9
DWLR0017,2025-10-06 00:00:00,12.97,0.4
DWLR0017,2025-10-09 00:00:00,13.04,4.3
DWLR0017,2025-10-12 00:00:00,13.09,0.5
DWLR0017,2025-10-15 00:00:00,13.28,0.7
DWLR0017,2025-10-18 00:00:00,13.43,3.7
DWLR0017,2025-10-21 00:00:00,13.55,0.9
DWLR0017,2025-10-24 00:00:00,13.73,0.5
DWLR0017,2025-10-27 00:00:00,13.79,0.3
DWLR0017,2025-10-30 00:00:00,13.95,1.3
DWLR0017,2025-11-02 00:00:00,13.99,3.9
DWLR0017,2025-11-05 00:00:00,14.07,4.2
DWLR0017,2025-11-08 00:00:00,14.26,2.3
DWLR0017,2025-11-11 00:00:00,14.32,2.6
DWLR0017,2025-11-14 00:00:00,14.41,0.3
DWLR0017,2025-11-17 00:00:00,14.45,4.7
DWLR0017,2025-11-20 00:00:00,14.6,1.8
DWLR0017,2025-11-23 00:00:00,14.64,0.9
DWLR0017,2025-11-26 00:00:00,14.71,4.2
DWLR0018,2024-06-01 00:00:00,9.51,20.5
DWLR0018,2024-06-04 00:00:00,9.61,15.3
DWLR0018,2024-06-07 00:00:00,9.67,15.9
DWLR0018,2024-06-10 00:00:00,9.71,24.2
DWLR0018,2024-06-13 00:00:00,9.83,2.1
DWLR0018,2024-06-16 00:00:00,9.81,23.8
DWLR0018,2024-06-19 00:00:00,9.85,27.4
DWLR0018,2024-06-22 00:00:00,9.87,11.6
DWLR0018,2024-06-25 00:00:00,9.91,20.7
DWLR0018,2024-06-28 00:00:00,10.02,14.8
DWLR0018,2024-07-01 00:00:00,10.04,25.4
DWLR0018,2024-07-04 00:00:00,10.04,23.7
DWLR0018,2024-07-07 00:00:00,10.1,26.4
DWLR0018,2024-07-10 00:00:00,10.15,7.5
DWLR0018,2024-07-13 00:00:00,10.31,30.0
DWLR0018,2024-07-16 00:00:00,10.31,10.6
DWLR0018,2024-07-19 00:00:00,10.5,39.3
DWLR0018,2024-07-22 00:00:00,10.5,13.7
DWLR0018,2024-07-25 00:00:00,10.6,39.4
DWLR0018,2024-07-28 00:00:00,10.7,32.8
DWLR0018,2024-07-31 00:00:00,10.85,25.2
DWLR0018,2024-08-03 00:00:00,10.86,22.4
DWLR0018,2024-08-06 00:00:00,10.88,25.1
DWLR0018,2024-08-09 00:00:00,10.99,38.4
DWLR0018,2024-08-12 00:00:00,10.98,29.8
DWLR0018,2024-08-15 00:00:00,11.01,34.3
DWLR0018,2024-08-18 00:00:00,11.08,14.0
DWLR0018,2024-08-21 00:00:00,11.11,21.4
DWLR0018,2024-08-24 00:00:00,11.05,5.4
DWLR0018,2024-08-27 00:00:00,11.13,31.8
DWLR0018,2024-08-30 00:00:00,11.22,8.7
DWLR0018,2024-09-02 00:00:00,11.24,31.9
DWLR0018,2024-09-05 00:00:00,11.29,30.1
DWLR0018,2024-09-08 00:00:00,11.43,3.4
DWLR0018,2024-09-11 00:00:00,11.48,14.3
DWLR0018,2024-09-14 00:00:00,11.61,24.5
DWLR0018,2024-09-17 00:00:00,11.7,1.1
DWLR0018,2024-09-20 00:00:00,11.77,13.7
DWLR0018,2024-09-23 00:00:00,11.75,32.7
DWLR0018,2024-09-26 00:00:00,11.9,38.4
DWLR0018,2024-09-29 00:00:00,11.94,12.0
DWLR0018,2024-10-02 00:00:00,12.06,2.8
DWLR0018,2024-10-05 00:00:00,12.14,1.0
DWLR0018,2024-10-08 00:00:00,12.27,1.4
DWLR0018,2024-10-11 00:00:00,12.33,0.1
DWLR0018,2024-10-14 00:00:00,12.49,4.3
DWLR0018,2024-10-17 00:00:00,12.72,0.9
DWLR0018,2024-10-20 00:00:00,12.95,4.4
DWLR0018,2024-10-23 00:00:00,13.2,1.6
DWLR0018,2024-10-26 00:00:00,13.4,1.0
DWLR0018,2024-10-29 00:00:00,13.53,0.5
DWLR0018,2024-11-01 00:00:00,13.69,1.0
DWLR0018,2024-11-04 00:00:00,13.92,1.0
DWLR0018,2024-11-07 00:00:00,14.08,1.1
DWLR0018,2024-11-10 00:00:00,14.14,0.0
DWLR0018,2024-11-13 00:00:00,14.3,3.2
DWLR0018,2024-11-16 00:00:00,14.44,3.9
DWLR0018,2024-11-19 00:00:00,14.63,1.2
DWLR0018,2024-11-22 00:00:00,14.73,1.3
DWLR0018,2024-11-25 00:00:00,14.89,3.5
DWLR0018,2024-11-28 00:00:00,14.96,2.8
DWLR0018,2024-12-01 00:00:00,15.14,4.6
DWLR0018,2024-12-04 00:00:00,15.33,2.8
DWLR0018,2024-12-07 00:00:00,15.42,0.9
DWLR0018,2024-12-10 00:00:00,15.57,0.1
DWLR0018,2024-12-13 00:00:00,15.74,2.7
DWLR0018,2024-12-16 00:00:00,15.85,1.9
DWLR0018,2024-12-19 00:00:00,15.98,0.3
DWLR0018,2024-12-22 00:00:00,16.16,2.0
DWLR0018,2024-12-25 00:00:00,16.3,2.7
DWLR0018,2024-12-28 00:00:00,16.36,2.5
DWLR0018,2024-12-31 00:00:00,16.52,1.1
DWLR0018,2025-01-03 00:00:00,16.67,0.5
DWLR0018,2025-01-06 00:00:00,16.8,0.4
DWLR0018,2025-01-09 00:00:00,16.88,4.4
DWLR0018,2025-01-12 00:00:00,17.05,2.8
DWLR0018,2025-01-15 00:00:00,17.17,1.5
DWLR0018,2025-01-18 00:00:00,17.26,4.3
DWLR0018,2025-01-21 00:00:00,17.43,0.7
DWLR0018,2025-01-24 00:00:00,17.58,4.6
DWLR0018,2025-01-27 00:00:00,17.73,4.2
DWLR0018,2025-01-30 00:00:00,17.87,3.1
DWLR0018,2025-02-02 00:00:00,17.99,3.0
DWLR0018,2025-02-05 00:00:00,18.15,1.7
DWLR0018,2025-02-08 00:00:00,18.27,0.5
DWLR0018,2025-02-11 00:00:00,18.52,0.9
DWLR0018,2025-02-14 00:00:00,18.75,4.0
DWLR0018,2025-02-17 00:00:00,18.99,2.6
DWLR0018,2025-02-20 00:00:00,19.08,2.6
DWLR0018,2025-02-23 00:00:00,19.25,2.8
DWLR0018,2025-02-26 00:00:00,19.38,2.8
DWLR0018,2025-03-01 00:00:00,19.48,2.6
DWLR0018,2025-03-04 00:00:00,19.76,3.1
DWLR0018,2025-03-07 00:00:00,19.98,2.2
DWLR0018,2025-03-10 00:00:00,20.14,2.6
DWLR0018,2025-03-13 00:00:00,20.21,5.0
DWLR0018,2025-03-16 00:00:00,20.39,1.8
DWLR0018,2025-03-19 00:00:00,20.51,2.7
DWLR0018,2025-03-22 00:00:00,20.67,3.0
DWLR0018,2025-03-25 00:00:00,20.85,0.4
DWLR0018,2025-03-28 00:00:00,20.97,0.5
DWLR0018,2025-03-31 00:00:00,21.12,1.0
DWLR0018,2025-04-03 00:00:00,21.29,2.3
DWLR0018,2025-04-06 00:00:00,21.41,2.7
DWLR0018,2025-04-09 00:00:00,21.63,5.0
DWLR0018,2025-04-12 00:00:00,21.76,2.9
DWLR0018,2025-04-15 00:00:00,21.91,1.2
DWLR0018,2025-04-18 00:00:00,22.02,3.0
DWLR0018,2025-04-21 00:00:00,22.19,4.0
DWLR0018,2025-04-24 00:00:00,22.34,0.3
DWLR0018,2025-04-27 00:00:00,22.44,1.9
DWLR0018,2025-04-30 00:00:00,22.56,2.0
DWLR0018,2025-05-03 00:00:00,22.65,3.2
DWLR0018,2025-05-06 00:00:00,22.8,0.8
DWLR0018,2025-05-09 00:00:00,22.9,0.0
DWLR0018,2025-05-12 00:00:00,23.09,2.5
DWLR0018,2025-05-15 00:00:00,23.25,4.9
DWLR0018,2025-05-18 00:00:00,23.44,0.0
DWLR0018,2025-05-21 00:00:00,23.57,3.5
DWLR0018,2025-05-24 00:00:00,23.65,3.2
DWLR0018,2025-05-27 00:00:00,23.75,4.4
DWLR0018,2025-05-30 00:00:00,23.83,0.3
DWLR0018,2025-06-02 00:00:00,23.81,35.2
DWLR0018,2025-06-05 00:00:00,24.01,25.1
DWLR0018,2025-06-08 00:00:00,24.03,28.6
DWLR0018,2025-06-11 00:00:00,24.09,30.9
DWLR0018,2025-06-14 00:00:00,24.11,35.0
DWLR0018,2025-06-17 00:00:00,24.21,25.4
DWLR0018,2025-06-20 00:00:00,24.2,14.6
DWLR0018,2025-06-23 00:00:00,24.32,33.8
DWLR0018,2025-06-26 00:00:00,24.46,21.4
DWLR0018,2025-06-29 00:00:00,24.49,26.7
DWLR0018,2025-07-02 00:00:00,24.47,32.4
DWLR0018,2025-07-05 00:00:00,24.64,11.0
DWLR0018,2025-07-08 00:00:00,24.69,21.8
DWLR0018,2025-07-11 00:00:00,24.79,3.2
DWLR0018,2025-07-14 00:00:00,24.78,37.3
DWLR0018,2025-07-17 00:00:00,24.94,5.0
DWLR0018,2025-07-20 00:00:00,24.98,35.1
DWLR0018,2025-07-23 00:00:00,25.1,25.5
DWLR0018,2025-07-26 00:00:00,25.2,31.4
DWLR0018,2025-07-29 00:00:00,25.25,3.5
DWLR0018,2025-08-01 00:00:00,25.3,3.2
DWLR0018,2025-08-04 00:00:00,25.35,13.5
DWLR0018,2025-08-07 00:00:00,25.43,2.6
DWLR0018,2025-08-10 00:00:00,25.48,10.4
DWLR0018,2025-08-13 00:00:00,25.49,3.6
DWLR0018,2025-08-16 00:00:00,25.52,29.0
DWLR0018,2025-08-19 00:00:00,25.59,38.0
DWLR0018,2025-08-22 00:00:00,25.65,25.7
DWLR0018,2025-08-25 00:00:00,25.72,8.1
DWLR0018,2025-08-28 00:00:00,25.85,3.2
DWLR0018,2025-08-31 00:00:00,25.94,32.5
DWLR0018,2025-09-03 00:00:00,26.02,30.5
DWLR0018,2025-09-06 00:00:00,26.14,35.4
DWLR0018,2025-09-09 00:00:00,26.21,39.6
DWLR0018,2025-09-12 00:00:00,26.35,18.7
DWLR0018,2025-09-15 00:00:00,26.42,38.3
DWLR0018,2025-09-18 00:00:00,26.44,6.7
DWLR0018,2025-09-21 00:00:00,26.5,31.2
DWLR0018,2025-09-24 00:00:00,26.54,17.1
DWLR0018,2025-09-27 00:00:00,26.67,5.2
DWLR0018,2025-09-30 00:00:00,26.73,19.2
DWLR0018,2025-10-03 00:00:00,26.86,4.4
DWLR0018,2025-10-06 00:00:00,27.05,0.1
DWLR0018,2025-10-09 00:00:00,27.3,0.2
DWLR0018,2025-10-12 00:00:00,27.49,1.1
DWLR0018,2025-10-15 00:00:00,27.69,3.9
DWLR0018,2025-10-18 00:00:00,27.82,2.0
DWLR0018,2025-10-21 00:00:00,27.93,3.1
DWLR0018,2025-10-24 00:00:00,28.11,4.7
DWLR0018,2025-10-27 00:00:00,28.26,1.5
DWLR0018,2025-10-30 00:00:00,28.35,0.2
DWLR0018,2025-11-02 00:00:00,28.58,1.4
DWLR0018,2025-11-05 00:00:00,28.65,0.7
DWLR0018,2025-11-08 00:00:00,28.74,0.5
DWLR0018,2025-11-11 00:00:00,28.89,0.2
DWLR0018,2025-11-14 00:00:00,29.02,3.6
DWLR0018,2025-11-17 00:00:00,29.19,4.3
DWLR0018,2025-11-20 00:00:00,29.29,0.1
DWLR0018,2025-11-23 00:00:00,29.48,0.8
DWLR0018,2025-11-26 00:00:00,29.62,2.4
DWLR0019,2024-06-01 00:00:00,20.23,18.0
DWLR0019,2024-06-04 00:00:00,20.15,19.9
DWLR0019,2024-06-07 00:00:00,20.02,30.5
DWLR0019,2024-06-10 00:00:00,19.92,31.5
DWLR0019,2024-06-13 00:00:00,19.88,18.5
DWLR0019,2024-06-16 00:00:00,19.74,33.1
DWLR0019,2024-06-19 00:00:00,19.69,39.8
DWLR0019,2024-06-22 00:00:00,19.67,12.3
DWLR0019,2024-06-25 00:00:00,19.57,33.6
DWLR0019,2024-06-28 00:00:00,19.45,22.5
DWLR0019,2024-07-01 00:00:00,19.4,35.7
DWLR0019,2024-07-04 00:00:00,19.27,10.0
DWLR0019,2024-07-07 00:00:00,19.14,2.7
DWLR0019,2024-07-10 00:00:00,19.13,16.0
DWLR0019,2024-07-13 00:00:00,19.07,28.9
DWLR0019,2024-07-16 00:00:00,18.97,10.5
DWLR0019,2024-07-19 00:00:00,18.9,27.8
DWLR0019,2024-07-22 00:00:00,18.79,21.0
DWLR0019,2024-07-25 00:00:00,18.77,38.3
DWLR0019,2024-07-28 00:00:00,18.63,7.7
DWLR0019,2024-07-31 00:00:00,18.56,35.3
DWLR0019,2024-08-03 00:00:00,18.43,28.2
DWLR0019,2024-08-06 00:00:00,18.28,8.4
DWLR0019,2024-08-09 00:00:00,18.15,7.0
DWLR0019,2024-08-12 00:00:00,18.12,33.2
DWLR0019,2024-08-15 00:00:00,18.03,6.6
DWLR0019,2024-08-18 00:00:00,18.01,33.5
DWLR0019,2024-08-21 00:00:00,17.84,17.0
DWLR0019,2024-08-24 00:00:00,17.77,7.2
DWLR0019,2024-08-27 00:00:00,17.65,39.2
DWLR0019,2024-08-30 00:00:00,17.49,21.9
DWLR0019,2024-09-02 00:00:00,17.54,32.2
DWLR0019,2024-09-05 00:00:00,17.46,27.4
DWLR0019,2024-09-08 00:00:00,17.44,7.3
DWLR0019,2024-09-11 00:00:00,17.41,6.4
DWLR0019,2024-09-14 00:00:00,17.31,8.9
DWLR0019,2024-09-17 00:00:00,17.23,35.2
DWLR0019,2024-09-20 00:00:00,17.24,8.8
DWLR0019,2024-09-23 00:00:00,17.2,21.6
DWLR0019,2024-09-26 00:00:00,17.03,1.9
DWLR0019,2024-09-29 00:00:00,17.0,16.8
DWLR0019,2024-10-02 00:00:00,16.95,1.5
DWLR0019,2024-10-05 00:00:00,17.0,0.1
DWLR0019,2024-10-08 00:00:00,17.0,3.7
DWLR0019,2024-10-11 00:00:00,17.05,0.1
DWLR0019,2024-10-14 00:00:00,17.15,0.8
DWLR0019,2024-10-17 00:00:00,17.26,1.2
DWLR0019,2024-10-20 00:00:00,17.21,4.5
DWLR0019,2024-10-23 00:00:00,17.16,1.8
DWLR0019,2024-10-26 00:00:00,17.15,4.9
DWLR0019,2024-10-29 00:00:00,17.09,3.6
DWLR0019,2024-11-01 00:00:00,17.14,2.8
DWLR0019,2024-11-04 00:00:00,17.12,0.8
DWLR0019,2024-11-07 00:00:00,17.09,2.7
DWLR0019,2024-11-10 00:00:00,17.06,4.2
DWLR0019,2024-11-13 00:00:00,17.03,3.9
DWLR0019,2024-11-16 00:00:00,17.12,4.8
DWLR0019,2024-11-19 00:00:00,17.1,1.5
DWLR0019,2024-11-22 00:00:00,17.16,4.3
DWLR0019,2024-11-25 00:00:00,17.28,0.5
DWLR0019,2024-11-28 00:00:00,17.22,1.2
DWLR0019,2024-12-01 00:00:00,17.24,3.3
DWLR0019,2024-12-04 00:00:00,17.28,3.5
DWLR0019,2024-12-07 00:00:00,17.29,2.9
DWLR0019,2024-12-10 00:00:00,17.31,1.4
DWLR0019,2024-12-13 00:00:00,17.29,1.8
DWLR0019,2024-12-16 00:00:00,17.32,0.5
DWLR0019,2024-12-19 00:00:00,17.36,2.3
DWLR0019,2024-12-22 00:00:00,17.41,4.3
DWLR0019,2024-12-25 00:00:00,17.38,4.0
DWLR0019,2024-12-28 00:00:00,17.43,4.8
DWLR0019,2024-12-31 00:00:00,17.44,4.1
DWLR0019,2025-01-03 00:00:00,17.42,2.8
DWLR0019,2025-01-06 00:00:00,17.42,3.6
DWLR0019,2025-01-09 00:00:00,17.41,2.5
DWLR0019,2025-01-12 00:00:00,17.47,4.9
DWLR0019,2025-01-15 00:00:00,17.53,0.1
DWLR0019,2025-01-18 00:00:00,17.48,1.5
DWLR0019,2025-01-21 00:00:00,17.46,2.9
DWLR0019,2025-01-24 00:00:00,17.44,2.7
DWLR0019,2025-01-27 00:00:00,17.51,4.9
DWLR0019,2025-01-30 00:00:00,17.54,3.2
DWLR0019,2025-02-02 00:00:00,17.52,1.4
DWLR0019,2025-02-05 00:00:00,17.59,2.0
DWLR0019,2025-02-08 00:00:00,17.58,4.2
DWLR0019,2025-02-11 00:00:00,17.6,0.3
DWLR0019,2025-02-14 00:00:00,17.56,3.7
DWLR0019,2025-02-17 00:00:00,17.54,0.7
DWLR0019,2025-02-20 00:00:00,17.49,0.0
DWLR0019,2025-02-23 00:00:00,17.5,0.2
DWLR0019,2025-02-26 00:00:00,17.59,0.3
DWLR0019,2025-03-01 00:00:00,17.65,4.7
DWLR0019,2025-03-04 00:00:00,17.57,0.5
DWLR0019,2025-03-07 00:00:00,17.62,4.3
DWLR0019,2025-03-10 00:00:00,17.58,1.4
DWLR0019,2025-03-13 00:00:00,17.48,1.7
DWLR0019,2025-03-16 00:00:00,17.55,2.3
DWLR0019,2025-03-19 00:00:00,17.64,0.2
DWLR0019,2025-03-22 00:00:00,17.69,0.2
DWLR0019,2025-03-25 00:00:00,17.62,2.6
DWLR0019,2025-03-28 00:00:00,17.68,0.9
DWLR0019,2025-03-31 00:00:00,17.69,1.5
DWLR0019,2025-04-03 00:00:00,17.72,3.9
DWLR0019,2025-04-06 00:00:00,17.77,5.0
DWLR0019,2025-04-09 00:00:00,17.75,4.2
DWLR0019,2025-04-12 00:00:00,17.66,2.6
DWLR0019,2025-04-15 00:00:00,17.66,1.7
DWLR0019,2025-04-18 00:00:00,17.77,0.9
DWLR0019,2025-04-21 00:00:00,17.71,4.0
DWLR0019,2025-04-24 00:00:00,17.73,1.5
DWLR0019,2025-04-27 00:00:00,17.8,4.8
DWLR0019,2025-04-30 00:00:00,17.81,2.7
DWLR0019,2025-05-03 00:00:00,17.83,2.1
DWLR0019,2025-05-06 00:00:00,17.84,4.0
DWLR0019,2025-05-09 00:00:00,17.89,1.9
DWLR0019,2025-05-12 00:00:00,17.85,4.6
DWLR0019,2025-05-15 00:00:00,17.77,3.5
DWLR0019,2025-05-18 00:00:00,17.77,2.1
DWLR0019,2025-05-21 00:00:00,17.84,1.3
DWLR0019,2025-05-24 00:00:00,17.84,3.3
DWLR0019,2025-05-27 00:00:00,17.79,4.7
DWLR0019,2025-05-30 00:00:00,17.81,3.2
DWLR0019,2025-06-02 00:00:00,17.84,17.2
DWLR0019,2025-06-05 00:00:00,17.72,18.8
DWLR0019,2025-06-08 00:00:00,17.61,27.7
DWLR0019,2025-06-11 00:00:00,17.6,12.6
DWLR0019,2025-06-14 00:00:00,17.51,5.5
DWLR0019,2025-06-17 00:00:00,17.44,30.6
DWLR0019,2025-06-20 00:00:00,17.34,15.6
DWLR0019,2025-06-23 00:00:00,17.2,38.5
DWLR0019,2025-06-26 00:00:00,17.15,30.7
DWLR0019,2025-06-29 00:00:00,17.1,6.4
DWLR0019,2025-07-02 00:00:00,17.03,30.9
DWLR0019,2025-07-05 00:00:00,16.96,32.9
DWLR0019,2025-07-08 00:00:00,16.82,28.7
DWLR0019,2025-07-11 00:00:00,16.73,30.8
DWLR0019,2025-07-14 00:00:00,16.71,11.3
DWLR0019,2025-07-17 00:00:00,16.64,7.2
DWLR0019,2025-07-20 00:00:00,16.55,24.3
DWLR0019,2025-07-23 00:00:00,16.45,11.1
DWLR0019,2025-07-26 00:00:00,16.44,32.9
DWLR0019,2025-07-29 00:00:00,16.33,0.2
DWLR0019,2025-08-01 00:00:00,16.21,35.3
DWLR0019,2025-08-04 00:00:00,16.13,26.0
DWLR0019,2025-08-07 00:00:00,16.11,26.2
DWLR0019,2025-08-10 00:00:00,16.01,2.2
DWLR0019,2025-08-13 00:00:00,16.0,8.1
DWLR0019,2025-08-16 00:00:00,15.98,2.6
DWLR0019,2025-08-19 00:00:00,15.84,26.1
DWLR0019,2025-08-22 00:00:00,15.88,26.4
DWLR0019,2025-08-25 00:00:00,15.74,22.6
DWLR0019,2025-08-28 00:00:00,15.67,16.9
DWLR0019,2025-08-31 00:00:00,15.65,6.9
DWLR0019,2025-09-03 00:00:00,15.49,0.7
DWLR0019,2025-09-06 00:00:00,15.5,16.9
DWLR0019,2025-09-09 00:00:00,15.45,15.3
DWLR0019,2025-09-12 00:00:00,15.41,19.4
DWLR0019,2025-09-15 00:00:00,15.33,26.3
DWLR0019,2025-09-18 00:00:00,15.18,3.6
DWLR0019,2025-09-21 00:00:00,15.12,36.4
DWLR0019,2025-09-24 00:00:00,15.06,15.1
DWLR0019,2025-09-27 00:00:00,15.04,5.3
DWLR0019,2025-09-30 00:00:00,14.97,17.0
DWLR0019,2025-10-03 00:00:00,14.98,4.7
DWLR0019,2025-10-06 00:00:00,15.03,4.4
DWLR0019,2025-10-09 00:00:00,1014.03,2.5
DWLR0019,2025-10-12 00:00:00,1014.13,4.8
DWLR0019,2025-10-15 00:00:00,1014.14,4.9
DWLR0019,2025-10-18 00:00:00,1014.12,2.4
DWLR0019,2025-10-21 00:00:00,1014.17,1.3
DWLR0019,2025-10-24 00:00:00,1014.18,0.1
DWLR0019,2025-10-27 00:00:00,1014.19,0.9
DWLR0019,2025-10-30 00:00:00,20.3,3.3
DWLR0019,2025-11-02 00:00:00,20.3,1.1
DWLR0019,2025-11-05 00:00:00,20.3,3.6
DWLR0019,2025-11-08 00:00:00,20.3,1.2
DWLR0019,2025-11-11 00:00:00,20.3,4.1
DWLR0019,2025-11-14 00:00:00,20.3,0.4
DWLR0019,2025-11-17 00:00:00,20.3,0.2
DWLR0019,2025-11-20 00:00:00,20.3,3.7
DWLR0019,2025-11-23 00:00:00,20.3,4.4
DWLR0019,2025-11-26 00:00:00,20.3,4.1
DWLR0020,2024-06-01 00:00:00,17.7,21.6
DWLR0020,2024-06-04 00:00:00,17.66,37.6
DWLR0020,2024-06-07 00:00:00,17.55,2.2
DWLR0020,2024-06-10 00:00:00,17.42,17.1
DWLR0020,2024-06-13 00:00:00,17.41,16.0
DWLR0020,2024-06-16 00:00:00,17.47,39.2
DWLR0020,2024-06-19 00:00:00,17.38,3.4
DWLR0020,2024-06-22 00:00:00,17.35,4.0
DWLR0020,2024-06-25 00:00:00,17.36,36.6
DWLR0020,2024-06-28 00:00:00,17.31,37.6
DWLR0020,2024-07-01 00:00:00,17.17,7.8
DWLR0020,2024-07-04 00:00:00,17.1,19.8
DWLR0020,2024-07-07 00:00:00,17.06,3.4
DWLR0020,2024-07-10 00:00:00,17.03,24.9
DWLR0020,2024-07-13 00:00:00,16.95,8.4
DWLR0020,2024-07-16 00:00:00,16.85,11.0
DWLR0020,2024-07-19 00:00:00,16.72,17.8
DWLR0020,2024-07-22 00:00:00,16.7,36.9
DWLR0020,2024-07-25 00:00:00,16.7,24.3
DWLR0020,2024-07-28 00:00:00,16.74,39.0
DWLR0020,2024-07-31 00:00:00,16.67,13.9
DWLR0020,2024-08-03 00:00:00,16.66,22.3
DWLR0020,2024-08-06 00:00:00,16.58,32.3
DWLR0020,2024-08-09 00:00:00,16.48,26.8
DWLR0020,2024-08-12 00:00:00,16.43,18.9
DWLR0020,2024-08-15 00:00:00,16.24,12.5
DWLR0020,2024-08-18 00:00:00,16.21,24.2
DWLR0020,2024-08-21 00:00:00,16.09,8.4
DWLR0020,2024-08-24 00:00:00,15.98,20.5
DWLR0020,2024-08-27 00:00:00,15.96,27.7
DWLR0020,2024-08-30 00:00:00,15.82,24.3
DWLR0020,2024-09-02 00:00:00,15.75,8.3
DWLR0020,2024-09-05 00:00:00,15.62,7.6
DWLR0020,2024-09-08 00:00:00,15.64,2.1
DWLR0020,2024-09-11 00:00:00,15.56,19.3
DWLR0020,2024-09-14 00:00:00,15.45,28.0
DWLR0020,2024-09-17 00:00:00,15.42,34.6
DWLR0020,2024-09-20 00:00:00,15.33,4.0
DWLR0020,2024-09-23 00:00:00,15.19,16.0
DWLR0020,2024-09-26 00:00:00,15.08,18.2
DWLR0020,2024-09-29 00:00:00,15.0,18.8
DWLR0020,2024-10-02 00:00:00,14.9,3.6
DWLR0020,2024-10-05 00:00:00,14.99,4.6
DWLR0020,2024-10-08 00:00:00,15.1,4.1
DWLR0020,2024-10-11 00:00:00,15.16,4.0
DWLR0020,2024-10-14 00:00:00,15.24,2.9
DWLR0020,2024-10-17 00:00:00,15.34,3.7
DWLR0020,2024-10-20 00:00:00,15.33,1.1
DWLR0020,2024-10-23 00:00:00,15.31,0.2
DWLR0020,2024-10-26 00:00:00,15.29,4.4
DWLR0020,2024-10-29 00:00:00,15.25,0.6
DWLR0020,2024-11-01 00:00:00,15.27,3.7
DWLR0020,2024-11-04 00:00:00,15.25,3.4
DWLR0020,2024-11-07 00:00:00,15.3,1.2
DWLR0020,2024-11-10 00:00:00,15.2,3.6
DWLR0020,2024-11-13 00:00:00,15.29,2.5
DWLR0020,2024-11-16 00:00:00,15.33,0.7
DWLR0020,2024-11-19 00:00:00,15.35,1.6
DWLR0020,2024-11-22 00:00:00,15.35,3.0
DWLR0020,2024-11-25 00:00:00,15.36,3.8
DWLR0020,2024-11-28 00:00:00,15.42,0.7
DWLR0020,2024-12-01 00:00:00,15.37,4.8
DWLR0020,2024-12-04 00:00:00,15.41,2.2
DWLR0020,2024-12-07 00:00:00,15.42,0.1
DWLR0020,2024-12-10 00:00:00,15.31,1.9
DWLR0020,2024-12-13 00:00:00,15.31,0.5
DWLR0020,2024-12-16 00:00:00,15.31,0.3
DWLR0020,2024-12-19 00:00:00,15.24,2.2
DWLR0020,2024-12-22 00:00:00,15.27,0.5
DWLR0020,2024-12-25 00:00:00,15.32,3.6
DWLR0020,2024-12-28 00:00:00,15.26,2.9
DWLR0020,2024-12-31 00:00:00,15.3,1.1
DWLR0020,2025-01-03 00:00:00,15.29,3.0
DWLR0020,2025-01-06 00:00:00,15.24,3.4
DWLR0020,2025-01-09 00:00:00,15.18,2.4
DWLR0020,2025-01-12 00:00:00,15.21,2.8
DWLR0020,2025-01-15 00:00:00,15.16,4.1
DWLR0020,2025-01-18 00:00:00,15.16,2.8
DWLR0020,2025-01-21 00:00:00,15.21,1.6
DWLR0020,2025-01-24 00:00:00,15.3,3.1
DWLR0020,2025-01-27 00:00:00,15.26,4.7
DWLR0020,2025-01-30 00:00:00,15.24,1.2
DWLR0020,2025-02-02 00:00:00,15.16,3.1
DWLR0020,2025-02-05 00:00:00,15.12,1.5
DWLR0020,2025-02-08 00:00:00,15.11,3.4
DWLR0020,2025-02-11 00:00:00,15.09,0.6
DWLR0020,2025-02-14 00:00:00,15.11,3.1
DWLR0020,2025-02-17 00:00:00,15.1,3.9
DWLR0020,2025-02-20 00:00:00,15.12,3.1
DWLR0020,2025-02-23 00:00:00,15.14,4.7
DWLR0020,2025-02-26 00:00:00,15.16,4.6
DWLR0020,2025-03-01 00:00:00,15.24,0.3
DWLR0020,2025-03-04 00:00:00,15.26,1.5
DWLR0020,2025-03-07 00:00:00,15.35,1.5
DWLR0020,2025-03-10 00:00:00,15.34,2.4
DWLR0020,2025-03-13 00:00:00,15.37,4.6
DWLR0020,2025-03-16 00:00:00,15.36,2.0
DWLR0020,2025-03-19 00:00:00,15.43,2.0
DWLR0020,2025-03-22 00:00:00,15.49,1.3
DWLR0020,2025-03-25 00:00:00,15.46,2.9
DWLR0020,2025-03-28 00:00:00,15.55,4.2
DWLR0020,2025-03-31 00:00:00,15.58,2.9
DWLR0020,2025-04-03 00:00:00,15.6,4.0
DWLR0020,2025-04-06 00:00:00,15.59,0.7
DWLR0020,2025-04-09 00:00:00,15.58,3.6
DWLR0020,2025-04-12 00:00:00,15.63,4.6
DWLR0020,2025-04-15 00:00:00,15.63,3.5
DWLR0020,2025-04-18 00:00:00,15.68,0.7
DWLR0020,2025-04-21 00:00:00,15.71,1.5
DWLR0020,2025-04-24 00:00:00,15.73,2.5
DWLR0020,2025-04-27 00:00:00,15.81,0.6
DWLR0020,2025-04-30 00:00:00,15.86,4.9
DWLR0020,2025-05-03 00:00:00,15.86,1.0
DWLR0020,2025-05-06 00:00:00,15.91,2.9
DWLR0020,2025-05-09 00:00:00,15.93,2.6
DWLR0020,2025-05-12 00:00:00,15.94,3.4
DWLR0020,2025-05-15 00:00:00,15.91,2.0
DWLR0020,2025-05-18 00:00:00,15.84,1.9
DWLR0020,2025-05-21 00:00:00,15.83,3.4
DWLR0020,2025-05-24 00:00:00,15.88,1.6
DWLR0020,2025-05-27 00:00:00,15.97,1.3
DWLR0020,2025-05-30 00:00:00,15.93,3.9
DWLR0020,2025-06-02 00:00:00,15.82,16.6
DWLR0020,2025-06-05 00:00:00,15.74,10.4
DWLR0020,2025-06-08 00:00:00,15.66,33.9
DWLR0020,2025-06-11 00:00:00,15.55,31.0
DWLR0020,2025-06-14 00:00:00,15.54,38.3
DWLR0020,2025-06-17 00:00:00,15.45,36.7
DWLR0020,2025-06-20 00:00:00,15.33,1.9
DWLR0020,2025-06-23 00:00:00,15.26,29.9
DWLR0020,2025-06-26 00:00:00,15.13,32.9
DWLR0020,2025-06-29 00:00:00,15.1,19.5
DWLR0020,2025-07-02 00:00:00,15.0,15.6
DWLR0020,2025-07-05 00:00:00,14.86,30.1
DWLR0020,2025-07-08 00:00:00,14.8,22.9
DWLR0020,2025-07-11 00:00:00,14.65,13.5
DWLR0020,2025-07-14 00:00:00,14.56,6.7
DWLR0020,2025-07-17 00:00:00,14.47,9.3
DWLR0020,2025-07-20 00:00:00,14.36,11.2
DWLR0020,2025-07-23 00:00:00,14.24,3.9
DWLR0020,2025-07-26 00:00:00,14.19,24.4
DWLR0020,2025-07-29 00:00:00,14.14,10.7
DWLR0020,2025-08-01 00:00:00,14.07,29.0
DWLR0020,2025-08-04 00:00:00,14.07,32.2
DWLR0020,2025-08-07 00:00:00,13.92,38.8
DWLR0020,2025-08-10 00:00:00,13.84,30.3
DWLR0020,2025-08-13 00:00:00,13.71,34.0
DWLR0020,2025-08-16 00:00:00,13.63,26.3
DWLR0020,2025-08-19 00:00:00,13.56,35.7
DWLR0020,2025-08-22 00:00:00,13.48,15.3
DWLR0020,2025-08-25 00:00:00,13.39,0.9
DWLR0020,2025-08-28 00:00:00,13.25,19.0
DWLR0020,2025-08-31 00:00:00,13.22,9.1
DWLR0020,2025-09-03 00:00:00,13.14,17.1
DWLR0020,2025-09-06 00:00:00,13.12,26.8
DWLR0020,2025-09-09 00:00:00,13.12,2.8
DWLR0020,2025-09-12 00:00:00,13.07,39.6
DWLR0020,2025-09-15 00:00:00,13.04,8.4
DWLR0020,2025-09-18 00:00:00,12.88,23.2
DWLR0020,2025-09-21 00:00:00,12.79,33.1
DWLR0020,2025-09-24 00:00:00,12.69,34.4
DWLR0020,2025-09-27 00:00:00,12.67,27.3
DWLR0020,2025-09-30 00:00:00,12.61,13.3
DWLR0020,2025-10-03 00:00:00,12.6,3.9
DWLR0020,2025-10-06 00:00:00,12.64,0.7
DWLR0020,2025-10-09 00:00:00,12.67,3.8
DWLR0020,2025-10-12 00:00:00,12.66,2.4
DWLR0020,2025-10-15 00:00:00,12.61,1.4
DWLR0020,2025-10-18 00:00:00,12.69,2.3
DWLR0020,2025-10-21 00:00:00,12.62,3.1
DWLR0020,2025-10-24 00:00:00,12.68,1.8
DWLR0020,2025-10-27 00:00:00,12.71,4.2
DWLR0020,2025-10-30 00:00:00,12.72,3.4
DWLR0020,2025-11-02 00:00:00,12.82,2.6
DWLR0020,2025-11-05 00:00:00,12.9,1.4
DWLR0020,2025-11-08 00:00:00,12.92,1.6
DWLR0020,2025-11-11 00:00:00,12.83,0.8
DWLR0020,2025-11-14 00:00:00,12.8,5.0
DWLR0020,2025-11-17 00:00:00,12.77,0.4
DWLR0020,2025-11-20 00:00:00,12.78,0.3
DWLR0020,2025-11-23 00:00:00,12.89,1.8
DWLR0020,2025-11-26 00:00:00,12.94,4.6
DWLR0021,2024-06-01 00:00:00,13.41,8.7
DWLR0021,2024-06-04 00:00:00,13.32,34.7
DWLR0021,2024-06-07 00:00:00,13.21,36.4
DWLR0021,2024-06-10 00:00:00,13.2,31.0
DWLR0021,2024-06-13 00:00:00,13.13,36.9
DWLR0021,2024-06-16 00:00:00,13.12,3.6
DWLR0021,2024-06-19 00:00:00,13.09,21.5
DWLR0021,2024-06-22 00:00:00,12.98,11.7
DWLR0021,2024-06-25 00:00:00,12.86,29.7
DWLR0021,2024-06-28 00:00:00,12.83,29.6
DWLR0021,2024-07-01 00:00:00,12.8,37.9
DWLR0021,2024-07-04 00:00:00,12.82,25.8
DWLR0021,2024-07-07 00:00:00,12.76,10.9
DWLR0021,2024-07-10 00:00:00,12.7,8.1
DWLR0021,2024-07-13 00:00:00,12.61,28.8
DWLR0021,2024-07-16 00:00:00,12.59,30.8
DWLR0021,2024-07-19 00:00:00,12.59,30.0
DWLR0021,2024-07-22 00:00:00,12.5,35.6
DWLR0021,2024-07-25 00:00:00,12.46,16.6
DWLR0021,2024-07-28 00:00:00,12.55,11.1
DWLR0021,2024-07-31 00:00:00,12.46,27.2
DWLR0021,2024-08-03 00:00:00,12.51,8.4
DWLR0021,2024-08-06 00:00:00,12.41,29.6
DWLR0021,2024-08-09 00:00:00,12.35,11.0
DWLR0021,2024-08-12 00:00:00,12.22,34.3
DWLR0021,2024-08-15 00:00:00,12.16,5.6
DWLR0021,2024-08-18 00:00:00,12.1,5.1
DWLR0021,2024-08-21 00:00:00,12.1,15.3
DWLR0021,2024-08-24 00:00:00,12.04,27.4
DWLR0021,2024-08-27 00:00:00,11.97,8.7
DWLR0021,2024-08-30 00:00:00,12.03,29.7
DWLR0021,2024-09-02 00:00:00,12.04,38.7
DWLR0021,2024-09-05 00:00:00,11.99,7.2
DWLR0021,2024-09-08 00:00:00,11.91,9.3
DWLR0021,2024-09-11 00:00:00,11.79,27.5
DWLR0021,2024-09-14 00:00:00,11.66,31.3
DWLR0021,2024-09-17 00:00:00,11.58,35.0
DWLR0021,2024-09-20 00:00:00,1010.46,17.4
DWLR0021,2024-09-23 00:00:00,1010.39,2.4
DWLR0021,2024-09-26 00:00:00,1010.39,3.4
DWLR0021,2024-09-29 00:00:00,1010.26,25.3
DWLR0021,2024-10-02 00:00:00,1010.35,0.2
DWLR0021,2024-10-05 00:00:00,1010.37,2.3
DWLR0021,2024-10-08 00:00:00,1010.42,4.1
DWLR0021,2024-10-11 00:00:00,13.47,0.9
DWLR0021,2024-10-14 00:00:00,13.47,4.8
DWLR0021,2024-10-17 00:00:00,13.47,0.1
DWLR0021,2024-10-20 00:00:00,13.47,3.9
DWLR0021,2024-10-23 00:00:00,13.47,3.7
DWLR0021,2024-10-26 00:00:00,13.47,1.0
DWLR0021,2024-10-29 00:00:00,13.47,5.0
DWLR0021,2024-11-01 00:00:00,13.47,1.9
DWLR0021,2024-11-04 00:00:00,13.47,0.4
DWLR0021,2024-11-07 00:00:00,13.47,1.1
DWLR0021,2024-11-10 00:00:00,13.47,0.8
DWLR0021,2024-11-13 00:00:00,13.47,0.6
DWLR0021,2024-11-16 00:00:00,13.47,2.1
DWLR0021,2024-11-19 00:00:00,13.47,3.7
DWLR0021,2024-11-22 00:00:00,13.47,3.4
DWLR0021,2024-11-25 00:00:00,13.47,3.1
DWLR0021,2024-11-28 00:00:00,13.47,1.7
DWLR0021,2024-12-01 00:00:00,13.47,4.2
DWLR0021,2024-12-04 00:00:00,13.47,4.4
DWLR0021,2024-12-07 00:00:00,13.47,3.9
DWLR0021,2024-12-10 00:00:00,13.47,4.4
DWLR0021,2024-12-13 00:00:00,13.47,3.3
DWLR0021,2024-12-16 00:00:00,13.47,3.8
DWLR0021,2024-12-19 00:00:00,13.47,1.0
DWLR0021,2024-12-22 00:00:00,13.47,0.5
DWLR0021,2024-12-25 00:00:00,13.47,4.8
DWLR0021,2024-12-28 00:00:00,13.47,1.4
DWLR0021,2024-12-31 00:00:00,13.47,3.9
DWLR0021,2025-01-03 00:00:00,13.47,3.1
DWLR0021,2025-01-06 00:00:00,13.47,4.3
DWLR0021,2025-01-09 00:00:00,13.47,1.0
DWLR0021,2025-01-12 00:00:00,13.47,1.9
DWLR0021,2025-01-15 00:00:00,13.47,2.7
DWLR0021,2025-01-18 00:00:00,13.47,0.7
DWLR0021,2025-01-21 00:00:00,13.47,2.0
DWLR0021,2025-01-24 00:00:00,13.47,3.2
DWLR0021,2025-01-27 00:00:00,13.47,3.5
DWLR0021,2025-01-30 00:00:00,13.47,0.7
DWLR0021,2025-02-02 00:00:00,13.47,2.0
DWLR0021,2025-02-05 00:00:00,13.47,3.2
DWLR0021,2025-02-08 00:00:00,13.47,2.3
DWLR0021,2025-02-11 00:00:00,13.47,3.0
DWLR0021,2025-02-14 00:00:00,13.47,0.1
DWLR0021,2025-02-17 00:00:00,13.47,3.8
DWLR0021,2025-02-20 00:00:00,13.47,3.3
DWLR0021,2025-02-23 00:00:00,13.47,0.5
DWLR0021,2025-02-26 00:00:00,13.47,4.8
DWLR0021,2025-03-01 00:00:00,13.47,2.7
DWLR0021,2025-03-04 00:00:00,13.47,3.3
DWLR0021,2025-03-07 00:00:00,13.47,4.6
DWLR0021,2025-03-10 00:00:00,13.47,2.0
DWLR0021,2025-03-13 00:00:00,13.47,1.2
DWLR0021,2025-03-16 00:00:00,13.47,4.7
DWLR0021,2025-03-19 00:00:00,13.47,0.4
DWLR0021,2025-03-22 00:00:00,13.47,4.6
DWLR0021,2025-03-25 00:00:00,13.47,0.5
DWLR0021,2025-03-28 00:00:00,13.47,3.5
DWLR0021,2025-03-31 00:00:00,13.47,4.5
DWLR0021,2025-04-03 00:00:00,13.47,0.4
DWLR0021,2025-04-06 00:00:00,13.47,0.7
DWLR0021,2025-04-09 00:00:00,13.47,2.4
DWLR0021,2025-04-12 00:00:00,13.47,1.2
DWLR0021,2025-04-15 00:00:00,13.47,0.6
DWLR0021,2025-04-18 00:00:00,13.47,0.8
DWLR0021,2025-04-21 00:00:00,13.47,1.1
DWLR0021,2025-04-24 00:00:00,13.47,2.0
DWLR0021,2025-04-27 00:00:00,13.47,2.5
DWLR0021,2025-04-30 00:00:00,13.47,4.0
DWLR0021,2025-05-03 00:00:00,13.47,2.6
DWLR0021,2025-05-06 00:00:00,13.47,3.0
DWLR0021,2025-05-09 00:00:00,13.47,1.7
DWLR0021,2025-05-12 00:00:00,13.47,2.5
DWLR0021,2025-05-15 00:00:00,13.47,0.8
DWLR0021,2025-05-18 00:00:00,13.47,4.4
DWLR0021,2025-05-21 00:00:00,13.47,1.4
DWLR0021,2025-05-24 00:00:00,13.47,2.1
DWLR0021,2025-05-27 00:00:00,13.47,4.4
DWLR0021,2025-05-30 00:00:00,13.47,3.4
DWLR0021,2025-06-02 00:00:00,13.47,18.9
DWLR0021,2025-06-05 00:00:00,13.47,6.5
DWLR0021,2025-06-08 00:00:00,13.47,21.4
DWLR0021,2025-06-11 00:00:00,13.47,23.8
DWLR0021,2025-06-14 00:00:00,13.47,24.2
DWLR0021,2025-06-17 00:00:00,13.47,13.9
DWLR0021,2025-06-20 00:00:00,13.47,37.7
DWLR0021,2025-06-23 00:00:00,13.47,0.3
DWLR0021,2025-06-26 00:00:00,13.47,19.6
DWLR0021,2025-06-29 00:00:00,13.47,21.6
DWLR0021,2025-07-02 00:00:00,13.47,28.5
DWLR0021,2025-07-05 00:00:00,13.47,30.5
DWLR0021,2025-07-08 00:00:00,13.47,32.0
DWLR0021,2025-07-11 00:00:00,13.47,20.4
DWLR0021,2025-07-14 00:00:00,13.47,39.3
DWLR0021,2025-07-17 00:00:00,13.47,23.4
DWLR0021,2025-07-20 00:00:00,13.47,28.7
DWLR0021,2025-07-23 00:00:00,13.47,0.5
DWLR0021,2025-07-26 00:00:00,13.47,23.7
DWLR0021,2025-07-29 00:00:00,13.47,29.5
DWLR0021,2025-08-01 00:00:00,13.47,14.4
DWLR0021,2025-08-04 00:00:00,13.47,1.9
DWLR0021,2025-08-07 00:00:00,13.47,35.7
DWLR0021,2025-08-10 00:00:00,13.47,26.6
DWLR0021,2025-08-13 00:00:00,13.47,0.8
DWLR0021,2025-08-16 00:00:00,13.47,34.0
DWLR0021,2025-08-19 00:00:00,13.47,12.9
DWLR0021,2025-08-22 00:00:00,13.47,36.0
DWLR0021,2025-08-25 00:00:00,13.47,28.4
DWLR0021,2025-08-28 00:00:00,13.47,4.3
DWLR0021,2025-08-31 00:00:00,13.47,15.4
DWLR0021,2025-09-03 00:00:00,13.47,18.1
DWLR0021,2025-09-06 00:00:00,13.47,27.0
DWLR0021,2025-09-09 00:00:00,13.47,36.9
DWLR0021,2025-09-12 00:00:00,13.47,24.2
DWLR0021,2025-09-15 00:00:00,13.47,4.0
DWLR0021,2025-09-18 00:00:00,13.47,16.3
DWLR0021,2025-09-21 00:00:00,13.47,7.0
DWLR0021,2025-09-24 00:00:00,13.47,8.9
DWLR0021,2025-09-27 00:00:00,13.47,23.5
DWLR0021,2025-09-30 00:00:00,13.47,6.0
DWLR0021,2025-10-03 00:00:00,13.47,1.1
DWLR0021,2025-10-06 00:00:00,13.47,3.2
DWLR0021,2025-10-09 00:00:00,13.47,4.2
DWLR0021,2025-10-12 00:00:00,13.47,1.8
DWLR0021,2025-10-15 00:00:00,13.47,4.5
DWLR0021,2025-10-18 00:00:00,13.47,0.7
DWLR0021,2025-10-21 00:00:00,13.47,2.7
DWLR0021,2025-10-24 00:00:00,13.47,2.2
DWLR0021,2025-10-27 00:00:00,13.47,3.1
DWLR0021,2025-10-30 00:00:00,13.47,2.1
DWLR0021,2025-11-02 00:00:00,13.47,2.1
DWLR0021,2025-11-05 00:00:00,13.47,1.6
DWLR0021,2025-11-08 00:00:00,13.47,0.7
DWLR0021,2025-11-11 00:00:00,13.47,0.1
DWLR0021,2025-11-14 00:00:00,13.47,1.0
DWLR0021,2025-11-17 00:00:00,13.47,4.1
DWLR0021,2025-11-20 00:00:00,13.47,0.4
DWLR0021,2025-11-23 00:00:00,13.47,3.7
DWLR0021,2025-11-26 00:00:00,13.47,4.5
DWLR0022,2024-06-01 00:00:00,18.91,26.3
DWLR0022,2024-06-04 00:00:00,18.85,38.6
DWLR0022,2024-06-07 00:00:00,18.84,16.5
DWLR0022,2024-06-10 00:00:00,18.77,1.6
DWLR0022,2024-06-13 00:00:00,18.73,6.5
DWLR0022,2024-06-16 00:00:00,18.69,34.9
DWLR0022,2024-06-19 00:00:00,18.59,13.8
DWLR0022,2024-06-22 00:00:00,18.58,12.6
DWLR0022,2024-06-25 00:00:00,18.58,11.7
DWLR0022,2024-06-28 00:00:00,18.56,33.2
DWLR0022,2024-07-01 00:00:00,18.4,5.2
DWLR0022,2024-07-04 00:00:00,18.3,32.7
DWLR0022,2024-07-07 00:00:00,18.14,19.7
DWLR0022,2024-07-10 00:00:00,18.06,31.1
DWLR0022,2024-07-13 00:00:00,18.02,12.0
DWLR0022,2024-07-16 00:00:00,18.05,11.7
DWLR0022,2024-07-19 00:00:00,18.04,29.2
DWLR0022,2024-07-22 00:00:00,17.97,35.1
DWLR0022,2024-07-25 00:00:00,17.86,8.1
DWLR0022,2024-07-28 00:00:00,17.79,37.9
DWLR0022,2024-07-31 00:00:00,17.77,6.2
DWLR0022,2024-08-03 00:00:00,17.7,15.8
DWLR0022,2024-08-06 00:00:00,17.59,26.8
DWLR0022,2024-08-09 00:00:00,17.53,2.7
DWLR0022,2024-08-12 00:00:00,17.43,35.7
DWLR0022,2024-08-15 00:00:00,17.37,10.1
DWLR0022,2024-08-18 00:00:00,17.32,18.1
DWLR0022,2024-08-21 00:00:00,17.33,21.6
DWLR0022,2024-08-24 00:00:00,17.26,34.1
DWLR0022,2024-08-27 00:00:00,17.29,24.0
DWLR0022,2024-08-30 00:00:00,17.23,2.1
DWLR0022,2024-09-02 00:00:00,17.17,22.6
DWLR0022,2024-09-05 00:00:00,17.04,4.3
DWLR0022,2024-09-08 00:00:00,16.96,27.6
DWLR0022,2024-09-11 00:00:00,16.95,20.4
DWLR0022,2024-09-14 00:00:00,16.81,11.3
DWLR0022,2024-09-17 00:00:00,16.7,27.5
DWLR0022,2024-09-20 00:00:00,16.68,8.7
DWLR0022,2024-09-23 00:00:00,16.6,0.5
DWLR0022,2024-09-26 00:00:00,16.52,33.6
DWLR0022,2024-09-29 00:00:00,16.36,35.5
DWLR0022,2024-10-02 00:00:00,16.39,3.2
DWLR0022,2024-10-05 00:00:00,16.38,1.9
DWLR0022,2024-10-08 00:00:00,16.45,4.1
DWLR0022,2024-10-11 00:00:00,16.5,0.8
DWLR0022,2024-10-14 00:00:00,16.49,4.9
DWLR0022,2024-10-17 00:00:00,16.48,2.1
DWLR0022,2024-10-20 00:00:00,16.45,1.2
DWLR0022,2024-10-23 00:00:00,16.48,3.3
DWLR0022,2024-10-26 00:00:00,16.44,3.4
DWLR0022,2024-10-29 00:00:00,16.47,1.0
DWLR0022,2024-11-01 00:00:00,16.46,0.8
DWLR0022,2024-11-04 00:00:00,16.54,3.2
DWLR0022,2024-11-07 00:00:00,16.49,1.6
DWLR0022,2024-11-10 00:00:00,16.5,4.0
DWLR0022,2024-11-13 00:00:00,16.57,2.4
DWLR0022,2024-11-16 00:00:00,16.62,4.3
DWLR0022,2024-11-19 00:00:00,16.74,4.8
DWLR0022,2024-11-22 00:00:00,16.69,3.7
DWLR0022,2024-11-25 00:00:00,16.66,2.2
DWLR0022,2024-11-28 00:00:00,16.65,1.0
DWLR0022,2024-12-01 00:00:00,16.71,3.3
DWLR0022,2024-12-04 00:00:00,16.79,4.2
DWLR0022,2024-12-07 00:00:00,16.89,2.4
DWLR0022,2024-12-10 00:00:00,16.89,2.3
DWLR0022,2024-12-13 00:00:00,16.95,1.0
DWLR0022,2024-12-16 00:00:00,16.97,4.1
DWLR0022,2024-12-19 00:00:00,16.98,3.9
DWLR0022,2024-12-22 00:00:00,16.99,3.8
DWLR0022,2024-12-25 00:00:00,16.96,2.4
DWLR0022,2024-12-28 00:00:00,16.93,0.6
DWLR0022,2024-12-31 00:00:00,16.98,3.5
DWLR0022,2025-01-03 00:00:00,16.98,2.8
DWLR0022,2025-01-06 00:00:00,17.07,4.3
DWLR0022,2025-01-09 00:00:00,17.14,1.8
DWLR0022,2025-01-12 00:00:00,17.16,0.5
DWLR0022,2025-01-15 00:00:00,17.19,3.2
DWLR0022,2025-01-18 00:00:00,17.26,0.5
DWLR0022,2025-01-21 00:00:00,17.29,0.7
DWLR0022,2025-01-24 00:00:00,17.35,4.5
DWLR0022,2025-01-27 00:00:00,17.42,3.4
DWLR0022,2025-01-30 00:00:00,17.37,1.5
DWLR0022,2025-02-02 00:00:00,17.41,1.7
DWLR0022,2025-02-05 00:00:00,17.46,3.6
DWLR0022,2025-02-08 00:00:00,17.53,4.2
DWLR0022,2025-02-11 00:00:00,17.58,0.1
DWLR0022,2025-02-14 00:00:00,17.63,2.9
DWLR0022,2025-02-17 00:00:00,17.62,4.3
DWLR0022,2025-02-20 00:00:00,17.62,3.5
DWLR0022,2025-02-23 00:00:00,17.62,3.4
DWLR0022,2025-02-26 00:00:00,17.71,2.1
DWLR0022,2025-03-01 00:00:00,17.7,2.6
DWLR0022,2025-03-04 00:00:00,17.72,1.7
DWLR0022,2025-03-07 00:00:00,17.79,1.3
DWLR0022,2025-03-10 00:00:00,17.75,4.1
DWLR0022,2025-03-13 00:00:00,17.78,3.9
DWLR0022,2025-03-16 00:00:00,17.78,3.1
DWLR0022,2025-03-19 00:00:00,17.81,0.7
DWLR0022,2025-03-22 00:00:00,17.86,0.1
DWLR0022,2025-03-25 00:00:00,17.94,2.5
DWLR0022,2025-03-28 00:00:00,17.96,1.1
DWLR0022,2025-03-31 00:00:00,18.01,0.4
DWLR0022,2025-04-03 00:00:00,18.12,0.9
DWLR0022,2025-04-06 00:00:00,18.12,0.1
DWLR0022,2025-04-09 00:00:00,18.17,4.1
DWLR0022,2025-04-12 00:00:00,18.19,4.8
DWLR0022,2025-04-15 00:00:00,18.18,0.5
DWLR0022,2025-04-18 00:00:00,18.17,3.0
DWLR0022,2025-04-21 00:00:00,18.2,4.8
DWLR0022,2025-04-24 00:00:00,18.31,1.5
DWLR0022,2025-04-27 00:00:00,18.41,2.9
DWLR0022,2025-04-30 00:00:00,18.44,4.3
DWLR0022,2025-05-03 00:00:00,18.41,4.9
DWLR0022,2025-05-06 00:00:00,18.43,3.6
DWLR0022,2025-05-09 00:00:00,18.48,2.8
DWLR0022,2025-05-12 00:00:00,18.51,0.1
DWLR0022,2025-05-15 00:00:00,18.43,3.2
DWLR0022,2025-05-18 00:00:00,18.42,2.9
DWLR0022,2025-05-21 00:00:00,18.55,0.8
DWLR0022,2025-05-24 00:00:00,18.59,1.9
DWLR0022,2025-05-27 00:00:00,18.65,0.7
DWLR0022,2025-05-30 00:00:00,18.6,3.5
DWLR0022,2025-06-02 00:00:00,18.58,39.8
DWLR0022,2025-06-05 00:00:00,18.6,30.5
DWLR0022,2025-06-08 00:00:00,18.55,31.1
DWLR0022,2025-06-11 00:00:00,18.5,14.5
DWLR0022,2025-06-14 00:00:00,18.34,15.2
DWLR0022,2025-06-17 00:00:00,18.25,35.0
DWLR0022,2025-06-20 00:00:00,18.11,29.7
DWLR0022,2025-06-23 00:00:00,18.0,6.4
DWLR0022,2025-06-26 00:00:00,17.9,12.5
DWLR0022,2025-06-29 00:00:00,17.83,0.2
DWLR0022,2025-07-02 00:00:00,17.75,30.9
DWLR0022,2025-07-05 00:00:00,17.7,39.0
DWLR0022,2025-07-08 00:00:00,17.6,30.5
DWLR0022,2025-07-11 00:00:00,17.47,7.0
DWLR0022,2025-07-14 00:00:00,17.4,11.2
DWLR0022,2025-07-17 00:00:00,17.42,17.9
DWLR0022,2025-07-20 00:00:00,17.34,25.4
DWLR0022,2025-07-23 00:00:00,17.36,1.1
DWLR0022,2025-07-26 00:00:00,17.29,5.3
DWLR0022,2025-07-29 00:00:00,17.26,22.5
DWLR0022,2025-08-01 00:00:00,17.21,10.6
DWLR0022,2025-08-04 00:00:00,17.14,34.3
DWLR0022,2025-08-07 00:00:00,17.08,5.7
DWLR0022,2025-08-10 00:00:00,17.0,7.4
DWLR0022,2025-08-13 00:00:00,16.92,7.3
DWLR0022,2025-08-16 00:00:00,16.8,7.7
DWLR0022,2025-08-19 00:00:00,16.71,30.3
DWLR0022,2025-08-22 00:00:00,16.73,13.0
DWLR0022,2025-08-25 00:00:00,16.65,30.2
DWLR0022,2025-08-28 00:00:00,16.47,7.5
DWLR0022,2025-08-31 00:00:00,16.4,39.9
DWLR0022,2025-09-03 00:00:00,16.32,28.8
DWLR0022,2025-09-06 00:00:00,16.27,30.1
DWLR0022,2025-09-09 00:00:00,16.13,15.7
DWLR0022,2025-09-12 00:00:00,15.93,33.3
DWLR0022,2025-09-15 00:00:00,15.79,3.0
DWLR0022,2025-09-18 00:00:00,15.71,24.6
DWLR0022,2025-09-21 00:00:00,15.71,16.8
DWLR0022,2025-09-24 00:00:00,15.63,31.3
DWLR0022,2025-09-27 00:00:00,15.58,13.8
DWLR0022,2025-09-30 00:00:00,15.56,32.6
DWLR0022,2025-10-03 00:00:00,15.58,3.6
DWLR0022,2025-10-06 00:00:00,15.55,2.3
DWLR0022,2025-10-09 00:00:00,15.56,1.4
DWLR0022,2025-10-12 00:00:00,15.57,1.2
DWLR0022,2025-10-15 00:00:00,15.63,3.3
DWLR0022,2025-10-18 00:00:00,15.63,1.6
DWLR0022,2025-10-21 00:00:00,15.6,0.6
DWLR0022,2025-10-24 00:00:00,15.67,0.8
DWLR0022,2025-10-27 00:00:00,15.63,2.5
DWLR0022,2025-10-30 00:00:00,15.56,2.8
DWLR0022,2025-11-02 00:00:00,15.54,0.6
DWLR0022,2025-11-05 00:00:00,15.47,3.2
DWLR0022,2025-11-08 00:00:00,15.48,1.0
DWLR0022,2025-11-11 00:00:00,15.38,3.9
DWLR0022,2025-11-14 00:00:00,15.37,4.4
DWLR0022,2025-11-17 00:00:00,15.41,2.5
DWLR0022,2025-11-20 00:00:00,15.38,3.0
DWLR0022,2025-11-23 00:00:00,15.44,1.5
DWLR0022,2025-11-26 00:00:00,15.38,0.5
DWLR0023,2024-06-01 00:00:00,15.92,30.0
DWLR0023,2024-06-04 00:00:00,15.78,6.0
DWLR0023,2024-06-07 00:00:00,15.65,1.3
DWLR0023,2024-06-10 00:00:00,15.62,20.9
DWLR0023,2024-06-13 00:00:00,15.52,22.6
DWLR0023,2024-06-16 00:00:00,15.49,15.2
DWLR0023,2024-06-19 00:00:00,15.38,19.3
DWLR0023,2024-06-22 00:00:00,15.25,31.2
DWLR0023,2024-06-25 00:00:00,15.2,14.6
DWLR0023,2024-06-28 00:00:00,15.16,7.2
DWLR0023,2024-07-01 00:00:00,15.07,30.1
DWLR0023,2024-07-04 00:00:00,14.98,24.2
DWLR0023,2024-07-07 00:00:00,14.86,18.1
DWLR0023,2024-07-10 00:00:00,14.75,30.2
DWLR0023,2024-07-13 00:00:00,14.65,16.0
DWLR0023,2024-07-16 00:00:00,14.57,8.8
DWLR0023,2024-07-19 00:00:00,14.43,34.1
DWLR0023,2024-07-22 00:00:00,14.37,27.5
DWLR0023,2024-07-25 00:00:00,14.28,11.9
DWLR0023,2024-07-28 00:00:00,14.17,11.9
DWLR0023,2024-07-31 00:00:00,14.13,7.0
DWLR0023,2024-08-03 00:00:00,14.07,39.6
DWLR0023,2024-08-06 00:00:00,14.02,10.0
DWLR0023,2024-08-09 00:00:00,13.98,37.1
DWLR0023,2024-08-12 00:00:00,13.86,21.7
DWLR0023,2024-08-15 00:00:00,13.78,33.7
DWLR0023,2024-08-18 00:00:00,13.73,28.3
DWLR0023,2024-08-21 00:00:00,13.68,13.2
DWLR0023,2024-08-24 00:00:00,13.64,27.4
DWLR0023,2024-08-27 00:00:00,13.54,19.2
DWLR0023,2024-08-30 00:00:00,13.49,39.6
DWLR0023,2024-09-02 00:00:00,13.43,24.5
DWLR0023,2024-09-05 00:00:00,13.41,11.4
DWLR0023,2024-09-08 00:00:00,13.34,4.3
DWLR0023,2024-09-11 00:00:00,13.32,14.2
DWLR0023,2024-09-14 00:00:00,13.32,38.7
DWLR0023,2024-09-17 00:00:00,13.3,28.3
DWLR0023,2024-09-20 00:00:00,13.23,23.9
DWLR0023,2024-09-23 00:00:00,13.22,30.1
DWLR0023,2024-09-26 00:00:00,13.16,20.3
DWLR0023,2024-09-29 00:00:00,13.04,25.9
DWLR0023,2024-10-02 00:00:00,13.09,0.6
DWLR0023,2024-10-05 00:00:00,13.08,0.9
DWLR0023,2024-10-08 00:00:00,13.13,2.1
DWLR0023,2024-10-11 00:00:00,13.07,1.3
DWLR0023,2024-10-14 00:00:00,12.98,2.4
DWLR0023,2024-10-17 00:00:00,12.93,1.1
DWLR0023,2024-10-20 00:00:00,13.01,2.9
DWLR0023,2024-10-23 00:00:00,13.08,3.0
DWLR0023,2024-10-26 00:00:00,13.06,4.0
DWLR0023,2024-10-29 00:00:00,13.1,0.3
DWLR0023,2024-11-01 00:00:00,13.18,2.1
DWLR0023,2024-11-04 00:00:00,13.22,2.0
DWLR0023,2024-11-07 00:00:00,13.16,1.3
DWLR0023,2024-11-10 00:00:00,13.18,1.9
DWLR0023,2024-11-13 00:00:00,13.18,2.0
DWLR0023,2024-11-16 00:00:00,13.27,3.5
DWLR0023,2024-11-19 00:00:00,13.29,4.6
DWLR0023,2024-11-22 00:00:00,13.29,2.3
DWLR0023,2024-11-25 00:00:00,13.35,2.1
DWLR0023,2024-11-28 00:00:00,13.34,4.7
DWLR0023,2024-12-01 00:00:00,13.29,1.5
DWLR0023,2024-12-04 00:00:00,13.26,3.7
DWLR0023,2024-12-07 00:00:00,13.37,1.1
DWLR0023,2024-12-10 00:00:00,13.44,1.6
DWLR0023,2024-12-13 00:00:00,13.48,1.3
DWLR0023,2024-12-16 00:00:00,13.54,3.3
DWLR0023,2024-12-19 00:00:00,13.5,3.0
DWLR0023,2024-12-22 00:00:00,13.57,2.6
DWLR0023,2024-12-25 00:00:00,13.61,2.9
DWLR0023,2024-12-28 00:00:00,13.58,4.5
DWLR0023,2024-12-31 00:00:00,13.67,5.0
DWLR0023,2025-01-03 00:00:00,13.7,0.4
DWLR0023,2025-01-06 00:00:00,13.7,3.1
DWLR0023,2025-01-09 00:00:00,13.78,1.2
DWLR0023,2025-01-12 00:00:00,13.79,0.9
DWLR0023,2025-01-15 00:00:00,13.76,0.5
DWLR0023,2025-01-18 00:00:00,13.78,4.2
DWLR0023,2025-01-21 00:00:00,13.82,0.7
DWLR0023,2025-01-24 00:00:00,13.74,1.0
DWLR0023,2025-01-27 00:00:00,13.77,1.0
DWLR0023,2025-01-30 00:00:00,13.84,1.3
DWLR0023,2025-02-02 00:00:00,13.81,1.2
DWLR0023,2025-02-05 00:00:00,13.83,0.1
DWLR0023,2025-02-08 00:00:00,13.85,4.9
DWLR0023,2025-02-11 00:00:00,13.99,3.0
DWLR0023,2025-02-14 00:00:00,14.06,2.1
DWLR0023,2025-02-17 00:00:00,14.1,0.5
DWLR0023,2025-02-20 00:00:00,14.14,2.6
DWLR0023,2025-02-23 00:00:00,14.1,2.5
DWLR0023,2025-02-26 00:00:00,14.18,2.0
DWLR0023,2025-03-01 00:00:00,14.19,1.3
DWLR0023,2025-03-04 00:00:00,14.17,4.4
DWLR0023,2025-03-07 00:00:00,14.19,4.5
DWLR0023,2025-03-10 00:00:00,14.17,4.8
DWLR0023,2025-03-13 00:00:00,14.21,2.2
DWLR0023,2025-03-16 00:00:00,14.16,0.1
DWLR0023,2025-03-19 00:00:00,14.14,0.9
DWLR0023,2025-03-22 00:00:00,14.2,2.2
DWLR0023,2025-03-25 00:00:00,14.25,4.5
DWLR0023,2025-03-28 00:00:00,14.31,1.1
DWLR0023,2025-03-31 00:00:00,14.32,0.9
DWLR0023,2025-04-03 00:00:00,14.35,1.7
DWLR0023,2025-04-06 00:00:00,14.27,4.3
DWLR0023,2025-04-09 00:00:00,14.36,0.9
DWLR0023,2025-04-12 00:00:00,14.38,3.8
DWLR0023,2025-04-15 00:00:00,14.37,2.8
DWLR0023,2025-04-18 00:00:00,14.28,4.2
DWLR0023,2025-04-21 00:00:00,14.29,3.0
DWLR0023,2025-04-24 00:00:00,14.26,4.6
DWLR0023,2025-04-27 00:00:00,14.35,2.6
DWLR0023,2025-04-30 00:00:00,14.33,4.7
DWLR0023,2025-05-03 00:00:00,14.37,1.3
DWLR0023,2025-05-06 00:00:00,14.39,2.7
DWLR0023,2025-05-09 00:00:00,14.39,2.4
DWLR0023,2025-05-12 00:00:00,14.4,2.2
DWLR0023,2025-05-15 00:00:00,14.41,4.5
DWLR0023,2025-05-18 00:00:00,14.37,3.1
DWLR0023,2025-05-21 00:00:00,14.42,2.5
DWLR0023,2025-05-24 00:00:00,14.42,1.4
DWLR0023,2025-05-27 00:00:00,14.44,2.3
DWLR0023,2025-05-30 00:00:00,14.36,1.9
DWLR0023,2025-06-02 00:00:00,14.22,34.7
DWLR0023,2025-06-05 00:00:00,14.09,3.5
DWLR0023,2025-06-08 00:00:00,13.93,23.5
DWLR0023,2025-06-11 00:00:00,13.87,31.9
DWLR0023,2025-06-14 00:00:00,13.77,10.5
DWLR0023,2025-06-17 00:00:00,13.69,9.8
DWLR0023,2025-06-20 00:00:00,13.7,39.4
DWLR0023,2025-06-23 00:00:00,13.7,10.4
DWLR0023,2025-06-26 00:00:00,13.63,32.6
DWLR0023,2025-06-29 00:00:00,13.52,27.6
DWLR0023,2025-07-02 00:00:00,13.53,3.5
DWLR0023,2025-07-05 00:00:00,13.41,37.2
DWLR0023,2025-07-08 00:00:00,13.35,3.7
DWLR0023,2025-07-11 00:00:00,13.27,18.5
DWLR0023,2025-07-14 00:00:00,13.22,35.4
DWLR0023,2025-07-17 00:00:00,13.14,39.1
DWLR0023,2025-07-20 00:00:00,13.12,28.1
DWLR0023,2025-07-23 00:00:00,13.04,36.3
DWLR0023,2025-07-26 00:00:00,13.05,16.9
DWLR0023,2025-07-29 00:00:00,13.01,21.3
DWLR0023,2025-08-01 00:00:00,12.88,23.6
DWLR0023,2025-08-04 00:00:00,12.77,12.0
DWLR0023,2025-08-07 00:00:00,12.63,0.7
DWLR0023,2025-08-10 00:00:00,12.59,19.2
DWLR0023,2025-08-13 00:00:00,12.47,30.2
DWLR0023,2025-08-16 00:00:00,12.41,8.2
DWLR0023,2025-08-19 00:00:00,12.3,14.2
DWLR0023,2025-08-22 00:00:00,12.24,32.6
DWLR0023,2025-08-25 00:00:00,12.19,6.7
DWLR0023,2025-08-28 00:00:00,12.09,2.3
DWLR0023,2025-08-31 00:00:00,12.03,6.8
DWLR0023,2025-09-03 00:00:00,12.02,38.9
DWLR0023,2025-09-06 00:00:00,11.94,37.7
DWLR0023,2025-09-09 00:00:00,11.8,35.7
DWLR0023,2025-09-12 00:00:00,11.76,10.3
DWLR0023,2025-09-15 00:00:00,11.66,36.6
DWLR0023,2025-09-18 00:00:00,11.58,39.1
DWLR0023,2025-09-21 00:00:00,11.52,12.6
DWLR0023,2025-09-24 00:00:00,11.43,3.5
DWLR0023,2025-09-27 00:00:00,11.38,38.1
DWLR0023,2025-09-30 00:00:00,11.2,17.6
DWLR0023,2025-10-03 00:00:00,11.26,2.0
DWLR0023,2025-10-06 00:00:00,11.31,4.2
DWLR0023,2025-10-09 00:00:00,11.28,3.9
DWLR0023,2025-10-12 00:00:00,11.38,4.3
DWLR0023,2025-10-15 00:00:00,11.32,3.1
DWLR0023,2025-10-18 00:00:00,11.38,1.9
DWLR0023,2025-10-21 00:00:00,11.4,4.2
DWLR0023,2025-10-24 00:00:00,11.37,3.7
DWLR0023,2025-10-27 00:00:00,11.37,0.4
DWLR0023,2025-10-30 00:00:00,11.47,4.2
DWLR0023,2025-11-02 00:00:00,11.47,2.5
DWLR0023,2025-11-05 00:00:00,11.55,0.7
DWLR0023,2025-11-08 00:00:00,11.65,3.8
DWLR0023,2025-11-11 00:00:00,11.65,4.8
DWLR0023,2025-11-14 00:00:00,11.66,0.6
DWLR0023,2025-11-17 00:00:00,11.74,1.5
DWLR0023,2025-11-20 00:00:00,11.68,4.6
DWLR0023,2025-11-23 00:00:00,11.68,0.1
DWLR0023,2025-11-26 00:00:00,11.68,1.3
DWLR0024,2024-06-01 00:00:00,11.02,27.7
DWLR0024,2024-06-04 00:00:00,11.03,25.4
DWLR0024,2024-06-07 00:00:00,11.02,8.2
DWLR0024,2024-06-10 00:00:00,10.96,8.8
DWLR0024,2024-06-13 00:00:00,10.98,13.9
DWLR0024,2024-06-16 00:00:00,10.91,15.6
DWLR0024,2024-06-19 00:00:00,10.89,0.9
DWLR0024,2024-06-22 00:00:00,10.8,36.9
DWLR0024,2024-06-25 00:00:00,10.79,30.1
DWLR0024,2024-06-28 00:00:00,10.72,29.2
DWLR0024,2024-07-01 00:00:00,10.74,22.4
DWLR0024,2024-07-04 00:00:00,10.73,10.4
DWLR0024,2024-07-07 00:00:00,10.74,22.4
DWLR0024,2024-07-10 00:00:00,10.71,2.3
DWLR0024,2024-07-13 00:00:00,10.62,32.3
DWLR0024,2024-07-16 00:00:00,10.53,30.8
DWLR0024,2024-07-19 00:00:00,10.56,14.7
DWLR0024,2024-07-22 00:00:00,10.5,36.2
DWLR0024,2024-07-25 00:00:00,10.46,9.8
DWLR0024,2024-07-28 00:00:00,10.37,11.9
DWLR0024,2024-07-31 00:00:00,10.4,24.4
DWLR0024,2024-08-03 00:00:00,10.31,11.2
DWLR0024,2024-08-06 00:00:00,10.2,8.0
DWLR0024,2024-08-09 00:00:00,10.15,25.1
DWLR0024,2024-08-12 00:00:00,10.12,11.1
DWLR0024,2024-08-15 00:00:00,10.11,35.5
DWLR0024,2024-08-18 00:00:00,10.1,4.7
DWLR0024,2024-08-21 00:00:00,10.04,14.2
DWLR0024,2024-08-24 00:00:00,10.02,24.5
DWLR0024,2024-08-27 00:00:00,9.97,2.0
DWLR0024,2024-08-30 00:00:00,9.99,15.8
DWLR0024,2024-09-02 00:00:00,9.92,25.6
DWLR0024,2024-09-05 00:00:00,9.79,29.8
DWLR0024,2024-09-08 00:00:00,9.68,22.7
DWLR0024,2024-09-11 00:00:00,9.6,25.4
DWLR0024,2024-09-14 00:00:00,9.53,22.1
DWLR0024,2024-09-17 00:00:00,9.44,31.8
DWLR0024,2024-09-20 00:00:00,9.39,10.4
DWLR0024,2024-09-23 00:00:00,9.28,24.6
DWLR0024,2024-09-26 00:00:00,9.25,28.0
DWLR0024,2024-09-29 00:00:00,9.21,34.1
DWLR0024,2024-10-02 00:00:00,9.17,4.1
DWLR0024,2024-10-05 00:00:00,9.23,1.8
DWLR0024,2024-10-08 00:00:00,9.29,3.6
DWLR0024,2024-10-11 00:00:00,9.41,3.4
DWLR0024,2024-10-14 00:00:00,9.4,0.9
DWLR0024,2024-10-17 00:00:00,9.4,1.4
DWLR0024,2024-10-20 00:00:00,9.46,4.2
DWLR0024,2024-10-23 00:00:00,9.41,2.5
DWLR0024,2024-10-26 00:00:00,9.41,1.5
DWLR0024,2024-10-29 00:00:00,9.4,4.6
DWLR0024,2024-11-01 00:00:00,9.46,3.2
DWLR0024,2024-11-04 00:00:00,9.49,1.6
DWLR0024,2024-11-07 00:00:00,9.56,3.2
DWLR0024,2024-11-10 00:00:00,9.58,2.4
DWLR0024,2024-11-13 00:00:00,9.64,3.6
DWLR0024,2024-11-16 00:00:00,9.72,4.7
DWLR0024,2024-11-19 00:00:00,9.73,2.3
DWLR0024,2024-11-22 00:00:00,9.79,2.3
DWLR0024,2024-11-25 00:00:00,9.88,4.1
DWLR0024,2024-11-28 00:00:00,9.97,2.3
DWLR0024,2024-12-01 00:00:00,9.97,3.7
DWLR0024,2024-12-04 00:00:00,9.99,1.1
DWLR0024,2024-12-07 00:00:00,10.12,1.7
DWLR0024,2024-12-10 00:00:00,10.16,2.4
DWLR0024,2024-12-13 00:00:00,10.2,2.0
DWLR0024,2024-12-16 00:00:00,10.21,0.6
DWLR0024,2024-12-19 00:00:00,10.2,3.2
DWLR0024,2024-12-22 00:00:00,10.25,5.0
DWLR0024,2024-12-25 00:00:00,10.27,2.4
DWLR0024,2024-12-28 00:00:00,10.31,3.6
DWLR0024,2024-12-31 00:00:00,10.39,1.9
DWLR0024,2025-01-03 00:00:00,10.47,0.5
DWLR0024,2025-01-06 00:00:00,10.43,0.5
DWLR0024,2025-01-09 00:00:00,10.46,0.2
DWLR0024,2025-01-12 00:00:00,10.44,0.5
DWLR0024,2025-01-15 00:00:00,10.57,1.2
DWLR0024,2025-01-18 00:00:00,10.62,1.8
DWLR0024,2025-01-21 00:00:00,10.69,1.8
DWLR0024,2025-01-24 00:00:00,10.68,2.7
DWLR0024,2025-01-27 00:00:00,10.69,3.8
DWLR0024,2025-01-30 00:00:00,10.74,1.5
DWLR0024,2025-02-02 00:00:00,10.82,4.6
DWLR0024,2025-02-05 00:00:00,10.88,4.4
DWLR0024,2025-02-08 00:00:00,11.02,4.9
DWLR0024,2025-02-11 00:00:00,11.08,1.8
DWLR0024,2025-02-14 00:00:00,11.16,2.6
DWLR0024,2025-02-17 00:00:00,11.26,3.6
DWLR0024,2025-02-20 00:00:00,11.3,2.5
DWLR0024,2025-02-23 00:00:00,11.43,3.4
DWLR0024,2025-02-26 00:00:00,11.49,1.6
DWLR0024,2025-03-01 00:00:00,11.55,2.7
DWLR0024,2025-03-04 00:00:00,11.58,4.9
DWLR0024,2025-03-07 00:00:00,11.6,1.9
DWLR0024,2025-03-10 00:00:00,11.67,0.5
DWLR0024,2025-03-13 00:00:00,11.7,1.7
DWLR0024,2025-03-16 00:00:00,11.69,0.7
DWLR0024,2025-03-19 00:00:00,11.71,2.2
DWLR0024,2025-03-22 00:00:00,11.79,1.4
DWLR0024,2025-03-25 00:00:00,11.76,0.4
DWLR0024,2025-03-28 00:00:00,11.74,0.5
DWLR0024,2025-03-31 00:00:00,11.68,2.5
DWLR0024,2025-04-03 00:00:00,11.68,2.9
DWLR0024,2025-04-06 00:00:00,11.76,3.9
DWLR0024,2025-04-09 00:00:00,11.77,3.4
DWLR0024,2025-04-12 00:00:00,11.76,2.7
DWLR0024,2025-04-15 00:00:00,11.78,4.1
DWLR0024,2025-04-18 00:00:00,11.85,3.3
DWLR0024,2025-04-21 00:00:00,11.91,0.4
DWLR0024,2025-04-24 00:00:00,11.92,1.9
DWLR0024,2025-04-27 00:00:00,12.02,3.8
DWLR0024,2025-04-30 00:00:00,12.08,3.5
DWLR0024,2025-05-03 00:00:00,12.12,2.8
DWLR0024,2025-05-06 00:00:00,12.11,0.1
DWLR0024,2025-05-09 00:00:00,12.1,3.2
DWLR0024,2025-05-12 00:00:00,12.15,0.0
DWLR0024,2025-05-15 00:00:00,12.18,2.6
DWLR0024,2025-05-18 00:00:00,12.18,1.2
DWLR0024,2025-05-21 00:00:00,12.19,3.4
DWLR0024,2025-05-24 00:00:00,12.26,1.6
DWLR0024,2025-05-27 00:00:00,12.26,3.5
DWLR0024,2025-05-30 00:00:00,12.2,4.0
DWLR0024,2025-06-02 00:00:00,12.08,20.5
DWLR0024,2025-06-05 00:00:00,12.01,32.3
DWLR0024,2025-06-08 00:00:00,12.02,28.0
DWLR0024,2025-06-11 00:00:00,11.97,12.1
DWLR0024,2025-06-14 00:00:00,11.85,15.7
DWLR0024,2025-06-17 00:00:00,11.79,9.6
DWLR0024,2025-06-20 00:00:00,11.77,18.3
DWLR0024,2025-06-23 00:00:00,11.68,13.0
DWLR0024,2025-06-26 00:00:00,11.7,25.4
DWLR0024,2025-06-29 00:00:00,11.66,9.1
DWLR0024,2025-07-02 00:00:00,11.58,13.3
DWLR0024,2025-07-05 00:00:00,11.58,31.2
DWLR0024,2025-07-08 00:00:00,11.48,34.9
DWLR0024,2025-07-11 00:00:00,11.5,15.5
DWLR0024,2025-07-14 00:00:00,11.45,33.9
DWLR0024,2025-07-17 00:00:00,11.46,16.5
DWLR0024,2025-07-20 00:00:00,11.36,12.3
DWLR0024,2025-07-23 00:00:00,11.31,20.5
DWLR0024,2025-07-26 00:00:00,11.25,13.5
DWLR0024,2025-07-29 00:00:00,11.27,10.3
DWLR0024,2025-08-01 00:00:00,11.24,15.2
DWLR0024,2025-08-04 00:00:00,11.26,16.3
DWLR0024,2025-08-07 00:00:00,11.11,30.7
DWLR0024,2025-08-10 00:00:00,11.04,30.3
DWLR0024,2025-08-13 00:00:00,10.95,18.7
DWLR0024,2025-08-16 00:00:00,10.9,3.4
DWLR0024,2025-08-19 00:00:00,10.94,16.8
DWLR0024,2025-08-22 00:00:00,10.85,6.7
DWLR0024,2025-08-25 00:00:00,10.73,5.7
DWLR0024,2025-08-28 00:00:00,10.69,32.6
DWLR0024,2025-08-31 00:00:00,10.76,10.3
DWLR0024,2025-09-03 00:00:00,10.62,13.6
DWLR0024,2025-09-06 00:00:00,10.55,20.2
DWLR0024,2025-09-09 00:00:00,10.45,10.6
DWLR0024,2025-09-12 00:00:00,10.41,13.6
DWLR0024,2025-09-15 00:00:00,10.32,0.4
DWLR0024,2025-09-18 00:00:00,10.24,13.0
DWLR0024,2025-09-21 00:00:00,10.26,32.0
DWLR0024,2025-09-24 00:00:00,10.26,17.9
DWLR0024,2025-09-27 00:00:00,10.18,6.8
DWLR0024,2025-09-30 00:00:00,10.05,38.8
DWLR0024,2025-10-03 00:00:00,10.21,3.9
DWLR0024,2025-10-06 00:00:00,10.25,4.6
DWLR0024,2025-10-09 00:00:00,10.35,4.0
DWLR0024,2025-10-12 00:00:00,10.35,3.3
DWLR0024,2025-10-15 00:00:00,10.38,2.7
DWLR0024,2025-10-18 00:00:00,10.32,2.6
DWLR0024,2025-10-21 00:00:00,10.31,3.7
DWLR0024,2025-10-24 00:00:00,10.36,4.7
DWLR0024,2025-10-27 00:00:00,10.38,0.3
DWLR0024,2025-10-30 00:00:00,10.42,3.7
DWLR0024,2025-11-02 00:00:00,10.46,1.4
DWLR0024,2025-11-05 00:00:00,10.54,3.8
DWLR0024,2025-11-08 00:00:00,10.55,4.8
DWLR0024,2025-11-11 00:00:00,10.59,2.7
DWLR0024,2025-11-14 00:00:00,10.65,4.9
DWLR0024,2025-11-17 00:00:00,10.65,1.7
DWLR0024,2025-11-20 00:00:00,10.65,0.5
DWLR0024,2025-11-23 00:00:00,10.67,3.1
DWLR0024,2025-11-26 00:00:00,10.61,3.6
DWLR0025,2024-06-01 00:00:00,19.11,23.0
DWLR0025,2024-06-04 00:00:00,19.1,4.1
DWLR0025,2024-06-07 00:00:00,19.12,3.1
DWLR0025,2024-06-10 00:00:00,19.12,38.9
DWLR0025,2024-06-13 00:00:00,19.15,4.4
DWLR0025,2024-06-16 00:00:00,19.08,9.5
DWLR0025,2024-06-19 00:00:00,19.04,9.5
DWLR0025,2024-06-22 00:00:00,18.97,18.8
DWLR0025,2024-06-25 00:00:00,18.91,6.9
DWLR0025,2024-06-28 00:00:00,18.93,34.4
DWLR0025,2024-07-01 00:00:00,18.92,14.5
DWLR0025,2024-07-04 00:00:00,18.81,20.7
DWLR0025,2024-07-07 00:00:00,18.69,32.2
DWLR0025,2024-07-10 00:00:00,18.54,23.2
DWLR0025,2024-07-13 00:00:00,18.4,24.1
DWLR0025,2024-07-16 00:00:00,18.28,6.7
DWLR0025,2024-07-19 00:00:00,18.21,23.8
DWLR0025,2024-07-22 00:00:00,18.23,3.4
DWLR0025,2024-07-25 00:00:00,18.19,13.3
DWLR0025,2024-07-28 00:00:00,18.11,7.3
DWLR0025,2024-07-31 00:00:00,18.02,38.8
DWLR0025,2024-08-03 00:00:00,17.91,31.9
DWLR0025,2024-08-06 00:00:00,17.82,12.2
DWLR0025,2024-08-09 00:00:00,17.72,30.5
DWLR0025,2024-08-12 00:00:00,17.71,37.4
DWLR0025,2024-08-15 00:00:00,17.68,30.8
DWLR0025,2024-08-18 00:00:00,17.59,1.7
DWLR0025,2024-08-21 00:00:00,17.49,2.2
DWLR0025,2024-08-24 00:00:00,17.35,5.8
DWLR0025,2024-08-27 00:00:00,17.29,37.5
DWLR0025,2024-08-30 00:00:00,17.28,23.9
DWLR0025,2024-09-02 00:00:00,17.25,34.5
DWLR0025,2024-09-05 00:00:00,17.22,16.0
DWLR0025,2024-09-08 00:00:00,17.09,7.3
DWLR0025,2024-09-11 00:00:00,1016.05,18.3
DWLR0025,2024-09-14 00:00:00,1015.94,37.4
DWLR0025,2024-09-17 00:00:00,1015.83,7.2
DWLR0025,2024-09-20 00:00:00,1015.81,37.3
DWLR0025,2024-09-23 00:00:00,1015.68,2.2
DWLR0025,2024-09-26 00:00:00,1015.59,32.9
DWLR0025,2024-09-29 00:00:00,1015.56,13.0
DWLR0025,2024-10-02 00:00:00,19.1,3.5
DWLR0025,2024-10-05 00:00:00,19.1,1.7
DWLR0025,2024-10-08 00:00:00,19.1,0.4
DWLR0025,2024-10-11 00:00:00,19.1,0.4
DWLR0025,2024-10-14 00:00:00,19.1,0.1
DWLR0025,2024-10-17 00:00:00,19.1,3.8
DWLR0025,2024-10-20 00:00:00,19.1,3.8
DWLR0025,2024-10-23 00:00:00,19.1,0.9
DWLR0025,2024-10-26 00:00:00,19.1,3.9
DWLR0025,2024-10-29 00:00:00,19.1,2.7
DWLR0025,2024-11-01 00:00:00,19.1,3.9
DWLR0025,2024-11-04 00:00:00,19.1,3.0
DWLR0025,2024-11-07 00:00:00,19.1,2.3
DWLR0025,2024-11-10 00:00:00,19.1,4.7
DWLR0025,2024-11-13 00:00:00,19.1,3.8
DWLR0025,2024-11-16 00:00:00,19.1,4.2
DWLR0025,2024-11-19 00:00:00,19.1,4.9
DWLR0025,2024-11-22 00:00:00,19.1,4.8
DWLR0025,2024-11-25 00:00:00,19.1,4.7
DWLR0025,2024-11-28 00:00:00,19.1,1.7
DWLR0025,2024-12-01 00:00:00,19.1,0.2
DWLR0025,2024-12-04 00:00:00,19.1,4.9
DWLR0025,2024-12-07 00:00:00,19.1,2.3
DWLR0025,2024-12-10 00:00:00,19.1,3.9
DWLR0025,2024-12-13 00:00:00,19.1,2.6
DWLR0025,2024-12-16 00:00:00,19.1,4.9
DWLR0025,2024-12-19 00:00:00,19.1,1.3
DWLR0025,2024-12-22 00:00:00,19.1,0.3
DWLR0025,2024-12-25 00:00:00,19.1,2.2
DWLR0025,2024-12-28 00:00:00,19.1,1.2
DWLR0025,2024-12-31 00:00:00,19.1,4.7
DWLR0025,2025-01-03 00:00:00,19.1,1.7
DWLR0025,2025-01-06 00:00:00,19.1,0.1
DWLR0025,2025-01-09 00:00:00,19.1,0.8
DWLR0025,2025-01-12 00:00:00,19.1,0.5
DWLR0025,2025-01-15 00:00:00,19.1,1.6
DWLR0025,2025-01-18 00:00:00,19.1,3.7
DWLR0025,2025-01-21 00:00:00,19.1,2.5
DWLR0025,2025-01-24 00:00:00,19.1,2.0
DWLR0025,2025-01-27 00:00:00,19.1,3.4
DWLR0025,2025-01-30 00:00:00,19.1,3.1
DWLR0025,2025-02-02 00:00:00,19.1,5.0
DWLR0025,2025-02-05 00:00:00,19.1,0.8
DWLR0025,2025-02-08 00:00:00,19.1,0.8
DWLR0025,2025-02-11 00:00:00,19.1,0.6
DWLR0025,2025-02-14 00:00:00,19.1,2.3
DWLR0025,2025-02-17 00:00:00,19.1,2.6
DWLR0025,2025-02-20 00:00:00,19.1,3.9
DWLR0025,2025-02-23 00:00:00,19.1,3.5
DWLR0025,2025-02-26 00:00:00,19.1,1.5
DWLR0025,2025-03-01 00:00:00,19.1,2.1
DWLR0025,2025-03-04 00:00:00,19.1,4.3
DWLR0025,2025-03-07 00:00:00,19.1,3.5
DWLR0025,2025-03-10 00:00:00,19.1,4.3
DWLR0025,2025-03-13 00:00:00,19.1,4.2
DWLR0025,2025-03-16 00:00:00,19.1,2.9
DWLR0025,2025-03-19 00:00:00,19.1,2.0
DWLR0025,2025-03-22 00:00:00,19.1,2.5
DWLR0025,2025-03-25 00:00:00,19.1,0.6
DWLR0025,2025-03-28 00:00:00,19.1,1.5
DWLR0025,2025-03-31 00:00:00,19.1,0.2
DWLR0025,2025-04-03 00:00:00,19.1,4.7
DWLR0025,2025-04-06 00:00:00,19.1,4.6
DWLR0025,2025-04-09 00:00:00,19.1,3.3
DWLR0025,2025-04-12 00:00:00,19.1,1.4
DWLR0025,2025-04-15 00:00:00,19.1,2.5
DWLR0025,2025-04-18 00:00:00,19.1,3.8
DWLR0025,2025-04-21 00:00:00,19.1,3.3
DWLR0025,2025-04-24 00:00:00,19.1,1.1
DWLR0025,2025-04-27 00:00:00,19.1,4.8
DWLR0025,2025-04-30 00:00:00,19.1,2.0
DWLR0025,2025-05-03 00:00:00,19.1,1.5
DWLR0025,2025-05-06 00:00:00,19.1,1.8
DWLR0025,2025-05-09 00:00:00,19.1,2.0
DWLR0025,2025-05-12 00:00:00,19.1,3.2
DWLR0025,2025-05-15 00:00:00,19.1,4.7
DWLR0025,2025-05-18 00:00:00,19.1,1.5
DWLR0025,2025-05-21 00:00:00,19.1,2.5
DWLR0025,2025-05-24 00:00:00,19.1,0.1
DWLR0025,2025-05-27 00:00:00,19.1,2.4
DWLR0025,2025-05-30 00:00:00,19.1,3.0
DWLR0025,2025-06-02 00:00:00,19.1,37.3
DWLR0025,2025-06-05 00:00:00,19.1,1.5
DWLR0025,2025-06-08 00:00:00,19.1,38.9
DWLR0025,2025-06-11 00:00:00,19.1,26.6
DWLR0025,2025-06-14 00:00:00,19.1,15.0
DWLR0025,2025-06-17 00:00:00,19.1,8.4
DWLR0025,2025-06-20 00:00:00,19.1,24.7
DWLR0025,2025-06-23 00:00:00,19.1,28.8
DWLR0025,2025-06-26 00:00:00,19.1,4.2
DWLR0025,2025-06-29 00:00:00,19.1,6.2
DWLR0025,2025-07-02 00:00:00,19.1,32.5
DWLR0025,2025-07-05 00:00:00,19.1,33.4
DWLR0025,2025-07-08 00:00:00,19.1,10.4
DWLR0025,2025-07-11 00:00:00,19.1,35.8
DWLR0025,2025-07-14 00:00:00,19.1,14.6
DWLR0025,2025-07-17 00:00:00,19.1,4.7
DWLR0025,2025-07-20 00:00:00,19.1,22.3
DWLR0025,2025-07-23 00:00:00,19.1,32.8
DWLR0025,2025-07-26 00:00:00,19.1,25.1
DWLR0025,2025-07-29 00:00:00,19.1,10.0
DWLR0025,2025-08-01 00:00:00,19.1,15.9
DWLR0025,2025-08-04 00:00:00,19.1,25.9
DWLR0025,2025-08-07 00:00:00,19.1,26.7
DWLR0025,2025-08-10 00:00:00,19.1,32.7
DWLR0025,2025-08-13 00:00:00,19.1,31.5
DWLR0025,2025-08-16 00:00:00,19.1,34.2
DWLR0025,2025-08-19 00:00:00,19.1,21.2
DWLR0025,2025-08-22 00:00:00,19.1,27.5
DWLR0025,2025-08-25 00:00:00,19.1,27.0
DWLR0025,2025-08-28 00:00:00,19.1,35.6
DWLR0025,2025-08-31 00:00:00,19.1,37.5
DWLR0025,2025-09-03 00:00:00,19.1,30.9
DWLR0025,2025-09-06 00:00:00,19.1,21.1
DWLR0025,2025-09-09 00:00:00,19.1,25.1
DWLR0025,2025-09-12 00:00:00,19.1,27.6
DWLR0025,2025-09-15 00:00:00,19.1,23.6
DWLR0025,2025-09-18 00:00:00,19.1,31.3
DWLR0025,2025-09-21 00:00:00,19.1,5.6
DWLR0025,2025-09-24 00:00:00,19.1,36.5
DWLR0025,2025-09-27 00:00:00,19.1,25.0
DWLR0025,2025-09-30 00:00:00,19.1,16.6
DWLR0025,2025-10-03 00:00:00,19.1,4.6
DWLR0025,2025-10-06 00:00:00,19.1,4.9
DWLR0025,2025-10-09 00:00:00,19.1,0.1
DWLR0025,2025-10-12 00:00:00,19.1,1.6
DWLR0025,2025-10-15 00:00:00,19.1,1.9
DWLR0025,2025-10-18 00:00:00,19.1,4.6
DWLR0025,2025-10-21 00:00:00,19.1,4.8
DWLR0025,2025-10-24 00:00:00,19.1,3.6
DWLR0025,2025-10-27 00:00:00,19.1,0.9
DWLR0025,2025-10-30 00:00:00,19.1,1.1
DWLR0025,2025-11-02 00:00:00,19.1,2.4
DWLR0025,2025-11-05 00:00:00,19.1,1.3
DWLR0025,2025-11-08 00:00:00,19.1,2.0
DWLR0025,2025-11-11 00:00:00,19.1,2.0
DWLR0025,2025-11-14 00:00:00,19.1,1.5
DWLR0025,2025-11-17 00:00:00,19.1,2.0
DWLR0025,2025-11-20 00:00:00,19.1,3.1
DWLR0025,2025-11-23 00:00:00,19.1,4.3
DWLR0025,2025-11-26 00:00:00,19.1,0.4
DWLR0026,2024-06-01 00:00:00,13.53,6.0
DWLR0026,2024-06-04 00:00:00,13.34,11.8
DWLR0026,2024-06-07 00:00:00,13.34,19.6
DWLR0026,2024-06-10 00:00:00,13.24,25.0
DWLR0026,2024-06-13 00:00:00,13.12,14.5
DWLR0026,2024-06-16 00:00:00,13.07,28.4
DWLR0026,2024-06-19 00:00:00,12.93,0.4
DWLR0026,2024-06-22 00:00:00,12.87,9.2
DWLR0026,2024-06-25 00:00:00,12.86,11.0
DWLR0026,2024-06-28 00:00:00,12.82,22.9
DWLR0026,2024-07-01 00:00:00,12.84,15.9
DWLR0026,2024-07-04 00:00:00,12.82,18.8
DWLR0026,2024-07-07 00:00:00,12.74,36.4
DWLR0026,2024-07-10 00:00:00,12.62,0.2
DWLR0026,2024-07-13 00:00:00,12.57,13.2
DWLR0026,2024-07-16 00:00:00,12.51,27.7
DWLR0026,2024-07-19 00:00:00,12.4,32.7
DWLR0026,2024-07-22 00:00:00,12.38,3.9
DWLR0026,2024-07-25 00:00:00,12.32,6.4
DWLR0026,2024-07-28 00:00:00,12.3,13.0
DWLR0026,2024-07-31 00:00:00,12.27,14.0
DWLR0026,2024-08-03 00:00:00,12.22,16.2
DWLR0026,2024-08-06 00:00:00,12.18,4.3
DWLR0026,2024-08-09 00:00:00,12.07,17.4
DWLR0026,2024-08-12 00:00:00,11.98,8.8
DWLR0026,2024-08-15 00:00:00,11.94,36.3
DWLR0026,2024-08-18 00:00:00,11.94,23.7
DWLR0026,2024-08-21 00:00:00,11.85,33.1
DWLR0026,2024-08-24 00:00:00,11.82,38.4
DWLR0026,2024-08-27 00:00:00,11.74,29.5
DWLR0026,2024-08-30 00:00:00,11.67,34.1
DWLR0026,2024-09-02 00:00:00,11.59,0.7
DWLR0026,2024-09-05 00:00:00,11.55,13.0
DWLR0026,2024-09-08 00:00:00,11.59,35.7
DWLR0026,2024-09-11 00:00:00,11.56,4.4
DWLR0026,2024-09-14 00:00:00,11.43,15.2
DWLR0026,2024-09-17 00:00:00,11.31,18.3
DWLR0026,2024-09-20 00:00:00,11.34,23.5
DWLR0026,2024-09-23 00:00:00,11.35,4.2
DWLR0026,2024-09-26 00:00:00,11.31,23.1
DWLR0026,2024-09-29 00:00:00,11.34,27.8
DWLR0026,2024-10-02 00:00:00,11.44,2.4
DWLR0026,2024-10-05 00:00:00,11.47,3.7
DWLR0026,2024-10-08 00:00:00,11.58,2.7
DWLR0026,2024-10-11 00:00:00,11.72,0.3
DWLR0026,2024-10-14 00:00:00,11.82,1.4
DWLR0026,2024-10-17 00:00:00,11.93,3.9
DWLR0026,2024-10-20 00:00:00,12.0,1.4
DWLR0026,2024-10-23 00:00:00,12.03,2.1
DWLR0026,2024-10-26 00:00:00,12.03,2.3
DWLR0026,2024-10-29 00:00:00,12.11,1.3
DWLR0026,2024-11-01 00:00:00,12.13,4.8
DWLR0026,2024-11-04 00:00:00,12.23,3.9
DWLR0026,2024-11-07 00:00:00,12.38,4.6
DWLR0026,2024-11-10 00:00:00,12.45,2.6
DWLR0026,2024-11-13 00:00:00,12.56,3.5
DWLR0026,2024-11-16 00:00:00,12.61,2.3
DWLR0026,2024-11-19 00:00:00,12.64,0.1
DWLR0026,2024-11-22 00:00:00,12.67,1.0
DWLR0026,2024-11-25 00:00:00,12.68,2.9
DWLR0026,2024-11-28 00:00:00,12.69,0.9
DWLR0026,2024-12-01 00:00:00,12.69,1.6
DWLR0026,2024-12-04 00:00:00,12.75,1.4
DWLR0026,2024-12-07 00:00:00,12.85,1.2
DWLR0026,2024-12-10 00:00:00,12.92,2.9
DWLR0026,2024-12-13 00:00:00,13.02,4.6
DWLR0026,2024-12-16 00:00:00,12.96,4.9
DWLR0026,2024-12-19 00:00:00,12.96,2.0
DWLR0026,2024-12-22 00:00:00,13.04,4.8
DWLR0026,2024-12-25 00:00:00,13.07,0.1
DWLR0026,2024-12-28 00:00:00,13.14,2.7
DWLR0026,2024-12-31 00:00:00,13.09,2.8
DWLR0026,2025-01-03 00:00:00,13.14,4.7
DWLR0026,2025-01-06 00:00:00,13.22,0.0
DWLR0026,2025-01-09 00:00:00,13.32,1.1
DWLR0026,2025-01-12 00:00:00,13.43,0.3
DWLR0026,2025-01-15 00:00:00,13.47,1.2
DWLR0026,2025-01-18 00:00:00,13.61,2.1
DWLR0026,2025-01-21 00:00:00,13.7,2.2
DWLR0026,2025-01-24 00:00:00,13.79,2.2
DWLR0026,2025-01-27 00:00:00,13.9,0.5
DWLR0026,2025-01-30 00:00:00,13.94,2.3
DWLR0026,2025-02-02 00:00:00,14.06,2.8
DWLR0026,2025-02-05 00:00:00,14.11,4.3
DWLR0026,2025-02-08 00:00:00,14.13,0.7
DWLR0026,2025-02-11 00:00:00,14.05,2.1
DWLR0026,2025-02-14 00:00:00,14.06,2.3
DWLR0026,2025-02-17 00:00:00,14.17,1.6
DWLR0026,2025-02-20 00:00:00,14.24,0.7
DWLR0026,2025-02-23 00:00:00,14.31,3.7
DWLR0026,2025-02-26 00:00:00,14.37,4.5
DWLR0026,2025-03-01 00:00:00,14.34,4.4
DWLR0026,2025-03-04 00:00:00,14.42,3.2
DWLR0026,2025-03-07 00:00:00,14.47,4.1
DWLR0026,2025-03-10 00:00:00,14.49,2.3
DWLR0026,2025-03-13 00:00:00,14.5,3.0
DWLR0026,2025-03-16 00:00:00,14.58,0.4
DWLR0026,2025-03-19 00:00:00,14.64,1.5
DWLR0026,2025-03-22 00:00:00,14.73,4.5
DWLR0026,2025-03-25 00:00:00,14.77,0.1
DWLR0026,2025-03-28 00:00:00,14.75,1.7
DWLR0026,2025-03-31 00:00:00,14.77,4.2
DWLR0026,2025-04-03 00:00:00,14.89,1.8
DWLR0026,2025-04-06 00:00:00,14.93,3.8
DWLR0026,2025-04-09 00:00:00,15.02,3.4
DWLR0026,2025-04-12 00:00:00,14.94,3.1
DWLR0026,2025-04-15 00:00:00,15.02,2.4
DWLR0026,2025-04-18 00:00:00,15.14,1.8
DWLR0026,2025-04-21 00:00:00,15.09,1.4
DWLR0026,2025-04-24 00:00:00,15.18,3.0
DWLR0026,2025-04-27 00:00:00,15.28,1.6
DWLR0026,2025-04-30 00:00:00,15.27,2.3
DWLR0026,2025-05-03 00:00:00,15.33,1.9
DWLR0026,2025-05-06 00:00:00,15.37,3.1
DWLR0026,2025-05-09 00:00:00,15.41,3.1
DWLR0026,2025-05-12 00:00:00,15.48,2.3
DWLR0026,2025-05-15 00:00:00,15.62,2.1
DWLR0026,2025-05-18 00:00:00,15.7,0.8
DWLR0026,2025-05-21 00:00:00,15.7,3.2
DWLR0026,2025-05-24 00:00:00,15.7,2.2
DWLR0026,2025-05-27 00:00:00,15.76,5.0
DWLR0026,2025-05-30 00:00:00,15.86,3.9
DWLR0026,2025-06-02 00:00:00,15.89,15.2
DWLR0026,2025-06-05 00:00:00,15.82,12.8
DWLR0026,2025-06-08 00:00:00,15.82,32.0
DWLR0026,2025-06-11 00:00:00,15.74,23.5
DWLR0026,2025-06-14 00:00:00,15.69,6.8
DWLR0026,2025-06-17 00:00:00,15.62,24.7
DWLR0026,2025-06-20 00:00:00,15.53,39.0
DWLR0026,2025-06-23 00:00:00,15.6,36.4
DWLR0026,2025-06-26 00:00:00,15.56,27.1
DWLR0026,2025-06-29 00:00:00,15.58,32.7
DWLR0026,2025-07-02 00:00:00,15.51,2.1
DWLR0026,2025-07-05 00:00:00,15.5,21.3
DWLR0026,2025-07-08 00:00:00,15.44,6.2
DWLR0026,2025-07-11 00:00:00,15.41,13.3
DWLR0026,2025-07-14 00:00:00,15.42,36.9
DWLR0026,2025-07-17 00:00:00,15.42,32.2
DWLR0026,2025-07-20 00:00:00,15.37,15.5
DWLR0026,2025-07-23 00:00:00,15.35,21.9
DWLR0026,2025-07-26 00:00:00,15.28,3.1
DWLR0026,2025-07-29 00:00:00,15.19,24.9
DWLR0026,2025-08-01 00:00:00,15.23,20.1
DWLR0026,2025-08-04 00:00:00,15.29,13.2
DWLR0026,2025-08-07 00:00:00,15.3,9.4
DWLR0026,2025-08-10 00:00:00,15.29,39.6
DWLR0026,2025-08-13 00:00:00,15.32,24.1
DWLR0026,2025-08-16 00:00:00,15.27,8.4
DWLR0026,2025-08-19 00:00:00,15.26,33.7
DWLR0026,2025-08-22 00:00:00,15.23,26.8
DWLR0026,2025-08-25 00:00:00,15.14,16.1
DWLR0026,2025-08-28 00:00:00,15.13,32.5
DWLR0026,2025-08-31 00:00:00,15.09,38.7
DWLR0026,2025-09-03 00:00:00,15.06,9.7
DWLR0026,2025-09-06 00:00:00,15.05,26.0
DWLR0026,2025-09-09 00:00:00,15.0,11.9
DWLR0026,2025-09-12 00:00:00,14.99,5.2
DWLR0026,2025-09-15 00:00:00,14.82,36.2
DWLR0026,2025-09-18 00:00:00,14.8,35.3
DWLR0026,2025-09-21 00:00:00,14.69,17.3
DWLR0026,2025-09-24 00:00:00,14.68,22.0
DWLR0026,2025-09-27 00:00:00,14.61,28.2
DWLR0026,2025-09-30 00:00:00,14.64,10.9
DWLR0026,2025-10-03 00:00:00,14.7,4.5
DWLR0026,2025-10-06 00:00:00,14.79,0.8
DWLR0026,2025-10-09 00:00:00,14.85,2.8
DWLR0026,2025-10-12 00:00:00,14.93,0.8
DWLR0026,2025-10-15 00:00:00,15.02,0.6
DWLR0026,2025-10-18 00:00:00,15.05,2.7
DWLR0026,2025-10-21 00:00:00,15.13,4.9
DWLR0026,2025-10-24 00:00:00,15.19,1.1
DWLR0026,2025-10-27 00:00:00,15.22,2.7
DWLR0026,2025-10-30 00:00:00,15.33,4.9
DWLR0026,2025-11-02 00:00:00,15.33,4.8
DWLR0026,2025-11-05 00:00:00,15.39,0.2
DWLR0026,2025-11-08 00:00:00,15.41,0.3
DWLR0026,2025-11-11 00:00:00,15.4,2.8
DWLR0026,2025-11-14 00:00:00,15.54,3.9
DWLR0026,2025-11-17 00:00:00,15.48,2.1
DWLR0026,2025-11-20 00:00:00,15.58,4.5
DWLR0026,2025-11-23 00:00:00,15.65,2.8
DWLR0026,2025-11-26 00:00:00,15.78,1.4
DWLR0027,2024-06-01 00:00:00,15.56,24.3
DWLR0027,2024-06-04 00:00:00,15.61,26.8
DWLR0027,2024-06-07 00:00:00,15.7,38.6
DWLR0027,2024-06-10 00:00:00,15.78,17.5
DWLR0027,2024-06-13 00:00:00,15.87,37.6
DWLR0027,2024-06-16 00:00:00,16.0,1.3
DWLR0027,2024-06-19 00:00:00,16.04,37.8
DWLR0027,2024-06-22 00:00:00,16.08,9.7
DWLR0027,2024-06-25 00:00:00,16.25,9.9
DWLR0027,2024-06-28 00:00:00,16.35,3.0
DWLR0027,2024-07-01 00:00:00,16.37,11.2
DWLR0027,2024-07-04 00:00:00,16.5,19.6
DWLR0027,2024-07-07 00:00:00,16.63,17.3
DWLR0027,2024-07-10 00:00:00,16.75,38.4
DWLR0027,2024-07-13 00:00:00,16.78,13.7
DWLR0027,2024-07-16 00:00:00,16.94,3.3
DWLR0027,2024-07-19 00:00:00,17.01,3.0
DWLR0027,2024-07-22 00:00:00,17.06,26.5
DWLR0027,2024-07-25 00:00:00,17.11,21.2
DWLR0027,2024-07-28 00:00:00,17.25,34.9
DWLR0027,2024-07-31 00:00:00,17.3,11.8
DWLR0027,2024-08-03 00:00:00,17.43,5.4
DWLR0027,2024-08-06 00:00:00,17.52,29.2
DWLR0027,2024-08-09 00:00:00,17.56,34.3
DWLR0027,2024-08-12 00:00:00,17.62,39.7
DWLR0027,2024-08-15 00:00:00,17.66,11.6
DWLR0027,2024-08-18 00:00:00,17.82,3.5
DWLR0027,2024-08-21 00:00:00,17.92,22.9
DWLR0027,2024-08-24 00:00:00,17.97,36.5
DWLR0027,2024-08-27 00:00:00,18.01,16.3
DWLR0027,2024-08-30 00:00:00,17.98,32.0
DWLR0027,2024-09-02 00:00:00,18.09,18.9
DWLR0027,2024-09-05 00:00:00,18.13,18.5
DWLR0027,2024-09-08 00:00:00,18.19,30.7
DWLR0027,2024-09-11 00:00:00,18.27,20.1
DWLR0027,2024-09-14 00:00:00,18.4,6.5
DWLR0027,2024-09-17 00:00:00,18.52,23.1
DWLR0027,2024-09-20 00:00:00,18.64,4.3
DWLR0027,2024-09-23 00:00:00,18.71,12.8
DWLR0027,2024-09-26 00:00:00,18.91,9.3
DWLR0027,2024-09-29 00:00:00,18.96,37.0
DWLR0027,2024-10-02 00:00:00,19.22,1.1
DWLR0027,2024-10-05 00:00:00,19.45,2.4
DWLR0027,2024-10-08 00:00:00,19.51,0.8
DWLR0027,2024-10-11 00:00:00,19.7,2.1
DWLR0027,2024-10-14 00:00:00,19.95,0.3
DWLR0027,2024-10-17 00:00:00,20.2,3.3
DWLR0027,2024-10-20 00:00:00,20.29,0.1
DWLR0027,2024-10-23 00:00:00,20.41,4.9
DWLR0027,2024-10-26 00:00:00,20.58,2.2
DWLR0027,2024-10-29 00:00:00,20.77,4.3
DWLR0027,2024-11-01 00:00:00,20.94,3.0
DWLR0027,2024-11-04 00:00:00,21.17,1.2
DWLR0027,2024-11-07 00:00:00,21.3,2.5
DWLR0027,2024-11-10 00:00:00,21.54,4.3
DWLR0027,2024-11-13 00:00:00,21.65,1.5
DWLR0027,2024-11-16 00:00:00,21.88,1.5
DWLR0027,2024-11-19 00:00:00,22.14,0.9
DWLR0027,2024-11-22 00:00:00,22.23,2.6
DWLR0027,2024-11-25 00:00:00,22.47,4.7
DWLR0027,2024-11-28 00:00:00,22.74,0.6
DWLR0027,2024-12-01 00:00:00,22.85,4.3
DWLR0027,2024-12-04 00:00:00,23.03,3.6
DWLR0027,2024-12-07 00:00:00,23.26,2.7
DWLR0027,2024-12-10 00:00:00,23.38,2.1
DWLR0027,2024-12-13 00:00:00,23.62,0.5
DWLR0027,2024-12-16 00:00:00,23.69,1.7
DWLR0027,2024-12-19 00:00:00,23.88,2.6
DWLR0027,2024-12-22 00:00:00,24.07,1.8
DWLR0027,2024-12-25 00:00:00,24.18,0.3
DWLR0027,2024-12-28 00:00:00,24.27,1.0
DWLR0027,2024-12-31 00:00:00,24.47,3.9
DWLR0027,2025-01-03 00:00:00,24.65,0.9
DWLR0027,2025-01-06 00:00:00,24.85,4.7
DWLR0027,2025-01-09 00:00:00,25.05,0.1
DWLR0027,2025-01-12 00:00:00,25.16,1.7
DWLR0027,2025-01-15 00:00:00,25.35,0.0
DWLR0027,2025-01-18 00:00:00,25.44,3.9
DWLR0027,2025-01-21 00:00:00,25.7,3.4
DWLR0027,2025-01-24 00:00:00,25.94,4.0
DWLR0027,2025-01-27 00:00:00,26.15,4.7
DWLR0027,2025-01-30 00:00:00,26.31,1.3
DWLR0027,2025-02-02 00:00:00,26.52,0.2
DWLR0027,2025-02-05 00:00:00,26.73,3.8
DWLR0027,2025-02-08 00:00:00,26.99,0.9
DWLR0027,2025-02-11 00:00:00,27.18,4.1
DWLR0027,2025-02-14 00:00:00,27.44,1.5
DWLR0027,2025-02-17 00:00:00,27.55,2.9
DWLR0027,2025-02-20 00:00:00,27.75,3.5
DWLR0027,2025-02-23 00:00:00,27.94,4.8
DWLR0027,2025-02-26 00:00:00,28.15,4.3
DWLR0027,2025-03-01 00:00:00,28.33,1.4
DWLR0027,2025-03-04 00:00:00,28.54,3.6
DWLR0027,2025-03-07 00:00:00,28.72,2.4
DWLR0027,2025-03-10 00:00:00,28.89,2.3
DWLR0027,2025-03-13 00:00:00,29.14,1.7
DWLR0027,2025-03-16 00:00:00,29.31,5.0
DWLR0027,2025-03-19 00:00:00,29.59,1.4
DWLR0027,2025-03-22 00:00:00,29.79,1.8
DWLR0027,2025-03-25 00:00:00,29.98,2.4
DWLR0027,2025-03-28 00:00:00,30.22,2.9
DWLR0027,2025-03-31 00:00:00,30.39,1.9
DWLR0027,2025-04-03 00:00:00,30.57,2.8
DWLR0027,2025-04-06 00:00:00,30.79,2.3
DWLR0027,2025-04-09 00:00:00,30.99,4.7
DWLR0027,2025-04-12 00:00:00,31.09,4.7
DWLR0027,2025-04-15 00:00:00,31.31,4.3
DWLR0027,2025-04-18 00:00:00,31.42,3.8
DWLR0027,2025-04-21 00:00:00,31.7,4.6
DWLR0027,2025-04-24 00:00:00,31.96,3.6
DWLR0027,2025-04-27 00:00:00,32.16,0.0
DWLR0027,2025-04-30 00:00:00,32.27,1.7
DWLR0027,2025-05-03 00:00:00,32.46,2.8
DWLR0027,2025-05-06 00:00:00,32.56,2.0
DWLR0027,2025-05-09 00:00:00,32.73,4.2
DWLR0027,2025-05-12 00:00:00,32.92,2.0
DWLR0027,2025-05-15 00:00:00,33.12,0.0
DWLR0027,2025-05-18 00:00:00,33.3,3.0
DWLR0027,2025-05-21 00:00:00,33.58,2.6
DWLR0027,2025-05-24 00:00:00,33.8,4.0
DWLR0027,2025-05-27 00:00:00,34.01,0.2
DWLR0027,2025-05-30 00:00:00,34.22,3.4
DWLR0027,2025-06-02 00:00:00,34.33,27.4
DWLR0027,2025-06-05 00:00:00,34.48,10.8
DWLR0027,2025-06-08 00:00:00,34.5,11.0
DWLR0027,2025-06-11 00:00:00,34.62,19.9
DWLR0027,2025-06-14 00:00:00,34.74,30.6
DWLR0027,2025-06-17 00:00:00,34.86,39.1
DWLR0027,2025-06-20 00:00:00,34.97,13.8
DWLR0027,2025-06-23 00:00:00,35.11,28.6
DWLR0027,2025-06-26 00:00:00,35.21,1.6
DWLR0027,2025-06-29 00:00:00,35.29,10.9
DWLR0027,2025-07-02 00:00:00,35.34,19.3
DWLR0027,2025-07-05 00:00:00,35.38,33.5
DWLR0027,2025-07-08 00:00:00,35.43,5.4
DWLR0027,2025-07-11 00:00:00,35.54,27.9
DWLR0027,2025-07-14 00:00:00,35.63,33.3
DWLR0027,2025-07-17 00:00:00,35.73,4.1
DWLR0027,2025-07-20 00:00:00,35.81,35.4
DWLR0027,2025-07-23 00:00:00,35.8,35.8
DWLR0027,2025-07-26 00:00:00,35.88,7.9
DWLR0027,2025-07-29 00:00:00,35.97,14.7
DWLR0027,2025-08-01 00:00:00,36.07,25.0
DWLR0027,2025-08-04 00:00:00,36.14,25.7
DWLR0027,2025-08-07 00:00:00,36.22,26.3
DWLR0027,2025-08-10 00:00:00,36.32,28.2
DWLR0027,2025-08-13 00:00:00,36.41,27.9
DWLR0027,2025-08-16 00:00:00,36.49,8.3
DWLR0027,2025-08-19 00:00:00,36.56,17.1
DWLR0027,2025-08-22 00:00:00,36.63,22.2
DWLR0027,2025-08-25 00:00:00,36.75,18.7
DWLR0027,2025-08-28 00:00:00,36.87,14.9
DWLR0027,2025-08-31 00:00:00,36.97,16.8
DWLR0027,2025-09-03 00:00:00,36.95,13.3
DWLR0027,2025-09-06 00:00:00,37.06,26.8
DWLR0027,2025-09-09 00:00:00,37.07,3.7
DWLR0027,2025-09-12 00:00:00,37.12,23.3
DWLR0027,2025-09-15 00:00:00,37.24,12.4
DWLR0027,2025-09-18 00:00:00,37.33,16.0
DWLR0027,2025-09-21 00:00:00,37.43,23.9
DWLR0027,2025-09-24 00:00:00,37.5,13.9
DWLR0027,2025-09-27 00:00:00,37.62,7.9
DWLR0027,2025-09-30 00:00:00,37.7,3.6
DWLR0027,2025-10-03 00:00:00,37.93,1.9
DWLR0027,2025-10-06 00:00:00,38.14,1.0
DWLR0027,2025-10-09 00:00:00,38.43,2.3
DWLR0027,2025-10-12 00:00:00,38.52,0.5
DWLR0027,2025-10-15 00:00:00,38.63,4.9
DWLR0027,2025-10-18 00:00:00,38.8,1.5
DWLR0027,2025-10-21 00:00:00,39.03,3.3
DWLR0027,2025-10-24 00:00:00,39.22,2.2
DWLR0027,2025-10-27 00:00:00,39.37,4.6
DWLR0027,2025-10-30 00:00:00,39.57,2.8
DWLR0027,2025-11-02 00:00:00,39.67,2.2
DWLR0027,2025-11-05 00:00:00,39.92,4.8
DWLR0027,2025-11-08 00:00:00,40.17,4.7
DWLR0027,2025-11-11 00:00:00,40.33,1.7
DWLR0027,2025-11-14 00:00:00,40.53,2.2
DWLR0027,2025-11-17 00:00:00,40.74,1.4
DWLR0027,2025-11-20 00:00:00,40.94,1.1
DWLR0027,2025-11-23 00:00:00,41.01,4.3
DWLR0027,2025-11-26 00:00:00,41.2,3.2
DWLR0028,2024-06-01 00:00:00,20.46,13.2
DWLR0028,2024-06-04 00:00:00,20.35,9.4
DWLR0028,2024-06-07 00:00:00,20.32,16.8
DWLR0028,2024-06-10 00:00:00,20.23,19.1
DWLR0028,2024-06-13 00:00:00,20.09,29.7
DWLR0028,2024-06-16 00:00:00,19.91,30.2
DWLR0028,2024-06-19 00:00:00,19.84,31.5
DWLR0028,2024-06-22 00:00:00,19.85,1.8
DWLR0028,2024-06-25 00:00:00,19.77,14.9
DWLR0028,2024-06-28 00:00:00,19.72,8.9
DWLR0028,2024-07-01 00:00:00,19.66,31.4
DWLR0028,2024-07-04 00:00:00,19.58,2.7
DWLR0028,2024-07-07 00:00:00,19.59,36.4
DWLR0028,2024-07-10 00:00:00,19.58,24.3
DWLR0028,2024-07-13 00:00:00,19.61,1.4
DWLR0028,2024-07-16 00:00:00,19.51,8.9
DWLR0028,2024-07-19 00:00:00,19.51,19.7
DWLR0028,2024-07-22 00:00:00,19.42,34.0
DWLR0028,2024-07-25 00:00:00,19.46,38.2
DWLR0028,2024-07-28 00:00:00,19.4,24.0
DWLR0028,2024-07-31 00:00:00,19.22,7.8
DWLR0028,2024-08-03 00:00:00,19.17,30.9
DWLR0028,2024-08-06 00:00:00,19.12,27.0
DWLR0028,2024-08-09 00:00:00,19.07,28.7
DWLR0028,2024-08-12 00:00:00,19.01,37.9
DWLR0028,2024-08-15 00:00:00,18.91,9.2
DWLR0028,2024-08-18 00:00:00,18.81,12.7
DWLR0028,2024-08-21 00:00:00,18.75,2.5
DWLR0028,2024-08-24 00:00:00,18.69,31.2
DWLR0028,2024-08-27 00:00:00,18.62,13.0
DWLR0028,2024-08-30 00:00:00,18.63,2.4
DWLR0028,2024-09-02 00:00:00,18.61,17.2
DWLR0028,2024-09-05 00:00:00,18.53,0.8
DWLR0028,2024-09-08 00:00:00,18.47,1.9
DWLR0028,2024-09-11 00:00:00,18.37,33.7
DWLR0028,2024-09-14 00:00:00,18.32,37.7
DWLR0028,2024-09-17 00:00:00,18.3,33.6
DWLR0028,2024-09-20 00:00:00,18.25,1.5
DWLR0028,2024-09-23 00:00:00,18.16,22.6
DWLR0028,2024-09-26 00:00:00,18.06,13.3
DWLR0028,2024-09-29 00:00:00,18.07,10.5
DWLR0028,2024-10-02 00:00:00,18.03,4.2
DWLR0028,2024-10-05 00:00:00,18.02,1.5
DWLR0028,2024-10-08 00:00:00,18.08,5.0
DWLR0028,2024-10-11 00:00:00,18.1,2.7
DWLR0028,2024-10-14 00:00:00,18.16,1.0
DWLR0028,2024-10-17 00:00:00,18.19,3.2
DWLR0028,2024-10-20 00:00:00,18.2,2.9
DWLR0028,2024-10-23 00:00:00,18.23,2.2
DWLR0028,2024-10-26 00:00:00,18.25,2.0
DWLR0028,2024-10-29 00:00:00,18.26,2.0
DWLR0028,2024-11-01 00:00:00,18.34,0.2
DWLR0028,2024-11-04 00:00:00,18.42,1.5
DWLR0028,2024-11-07 00:00:00,18.4,0.4
DWLR0028,2024-11-10 00:00:00,18.43,1.7
DWLR0028,2024-11-13 00:00:00,18.46,4.2
DWLR0028,2024-11-16 00:00:00,18.4,4.2
DWLR0028,2024-11-19 00:00:00,18.46,1.7
DWLR0028,2024-11-22 00:00:00,18.52,0.1
DWLR0028,2024-11-25 00:00:00,18.5,0.6
DWLR0028,2024-11-28 00:00:00,18.59,2.9
DWLR0028,2024-12-01 00:00:00,18.66,4.5
DWLR0028,2024-12-04 00:00:00,18.74,4.0
DWLR0028,2024-12-07 00:00:00,18.82,3.2
DWLR0028,2024-12-10 00:00:00,18.95,0.2
DWLR0028,2024-12-13 00:00:00,18.9,1.1
DWLR0028,2024-12-16 00:00:00,18.91,0.5
DWLR0028,2024-12-19 00:00:00,18.94,0.8
DWLR0028,2024-12-22 00:00:00,18.98,4.1
DWLR0028,2024-12-25 00:00:00,19.05,4.4
DWLR0028,2024-12-28 00:00:00,19.14,2.7
DWLR0028,2024-12-31 00:00:00,19.11,1.5
DWLR0028,2025-01-03 00:00:00,19.11,4.8
DWLR0028,2025-01-06 00:00:00,19.21,1.3
DWLR0028,2025-01-09 00:00:00,19.21,0.0
DWLR0028,2025-01-12 00:00:00,19.23,2.7
DWLR0028,2025-01-15 00:00:00,19.27,2.2
DWLR0028,2025-01-18 00:00:00,19.28,4.2
DWLR0028,2025-01-21 00:00:00,19.24,3.9
DWLR0028,2025-01-24 00:00:00,19.24,1.5
DWLR0028,2025-01-27 00:00:00,19.28,4.1
DWLR0028,2025-01-30 00:00:00,19.2,3.9
DWLR0028,2025-02-02 00:00:00,19.19,1.0
DWLR0028,2025-02-05 00:00:00,19.17,4.3
DWLR0028,2025-02-08 00:00:00,19.25,0.8
DWLR0028,2025-02-11 00:00:00,19.17,1.0
DWLR0028,2025-02-14 00:00:00,19.17,3.6
DWLR0028,2025-02-17 00:00:00,19.26,2.6
DWLR0028,2025-02-20 00:00:00,19.27,4.7
DWLR0028,2025-02-23 00:00:00,19.34,1.1
DWLR0028,2025-02-26 00:00:00,19.34,4.3
DWLR0028,2025-03-01 00:00:00,19.34,3.0
DWLR0028,2025-03-04 00:00:00,19.38,3.4
DWLR0028,2025-03-07 00:00:00,19.49,4.0
DWLR0028,2025-03-10 00:00:00,19.49,2.3
DWLR0028,2025-03-13 00:00:00,19.5,0.1
DWLR0028,2025-03-16 00:00:00,19.63,2.7
DWLR0028,2025-03-19 00:00:00,19.59,0.6
DWLR0028,2025-03-22 00:00:00,19.72,0.8
DWLR0028,2025-03-25 00:00:00,19.77,1.1
DWLR0028,2025-03-28 00:00:00,19.78,2.9
DWLR0028,2025-03-31 00:00:00,19.85,3.3
DWLR0028,2025-04-03 00:00:00,19.82,1.0
DWLR0028,2025-04-06 00:00:00,19.93,2.9
DWLR0028,2025-04-09 00:00:00,20.1,4.0
DWLR0028,2025-04-12 00:00:00,20.12,3.7
DWLR0028,2025-04-15 00:00:00,20.12,3.6
DWLR0028,2025-04-18 00:00:00,20.12,3.4
DWLR0028,2025-04-21 00:00:00,20.24,4.0
DWLR0028,2025-04-24 00:00:00,20.23,2.9
DWLR0028,2025-04-27 00:00:00,20.29,2.0
DWLR0028,2025-04-30 00:00:00,20.31,2.4
DWLR0028,2025-05-03 00:00:00,20.38,1.5
DWLR0028,2025-05-06 00:00:00,20.39,5.0
DWLR0028,2025-05-09 00:00:00,20.36,2.5
DWLR0028,2025-05-12 00:00:00,20.36,2.0
DWLR0028,2025-05-15 00:00:00,20.34,1.7
DWLR0028,2025-05-18 00:00:00,20.33,1.3
DWLR0028,2025-05-21 00:00:00,20.29,0.0
DWLR0028,2025-05-24 00:00:00,20.32,4.5
DWLR0028,2025-05-27 00:00:00,20.35,4.0
DWLR0028,2025-05-30 00:00:00,20.33,3.3
DWLR0028,2025-06-02 00:00:00,20.31,15.5
DWLR0028,2025-06-05 00:00:00,20.26,30.5
DWLR0028,2025-06-08 00:00:00,20.15,31.9
DWLR0028,2025-06-11 00:00:00,20.04,39.4
DWLR0028,2025-06-14 00:00:00,19.96,24.7
DWLR0028,2025-06-17 00:00:00,19.88,12.3
DWLR0028,2025-06-20 00:00:00,19.83,7.3
DWLR0028,2025-06-23 00:00:00,19.83,16.3
DWLR0028,2025-06-26 00:00:00,19.81,1.4
DWLR0028,2025-06-29 00:00:00,19.76,15.1
DWLR0028,2025-07-02 00:00:00,19.75,8.5
DWLR0028,2025-07-05 00:00:00,19.78,2.0
DWLR0028,2025-07-08 00:00:00,19.68,32.1
DWLR0028,2025-07-11 00:00:00,19.7,20.7
DWLR0028,2025-07-14 00:00:00,19.68,38.9
DWLR0028,2025-07-17 00:00:00,19.64,34.1
DWLR0028,2025-07-20 00:00:00,19.59,0.9
DWLR0028,2025-07-23 00:00:00,19.48,10.9
DWLR0028,2025-07-26 00:00:00,19.45,10.3
DWLR0028,2025-07-29 00:00:00,19.46,37.7
DWLR0028,2025-08-01 00:00:00,19.34,29.2
DWLR0028,2025-08-04 00:00:00,19.19,16.3
DWLR0028,2025-08-07 00:00:00,19.09,31.2
DWLR0028,2025-08-10 00:00:00,18.96,14.1
DWLR0028,2025-08-13 00:00:00,18.85,1.2
DWLR0028,2025-08-16 00:00:00,18.79,34.8
DWLR0028,2025-08-19 00:00:00,18.73,18.7
DWLR0028,2025-08-22 00:00:00,18.76,34.6
DWLR0028,2025-08-25 00:00:00,18.8,7.9
DWLR0028,2025-08-28 00:00:00,18.7,2.1
DWLR0028,2025-08-31 00:00:00,18.75,0.8
DWLR0028,2025-09-03 00:00:00,18.71,23.9
DWLR0028,2025-09-06 00:00:00,18.6,22.6
DWLR0028,2025-09-09 00:00:00,18.53,3.5
DWLR0028,2025-09-12 00:00:00,18.41,37.9
DWLR0028,2025-09-15 00:00:00,18.37,26.7
DWLR0028,2025-09-18 00:00:00,18.32,29.0
DWLR0028,2025-09-21 00:00:00,18.28,25.5
DWLR0028,2025-09-24 00:00:00,18.31,9.6
DWLR0028,2025-09-27 00:00:00,18.26,19.7
DWLR0028,2025-09-30 00:00:00,18.22,4.1
DWLR0028,2025-10-03 00:00:00,18.35,2.2
DWLR0028,2025-10-06 00:00:00,18.39,3.8
DWLR0028,2025-10-09 00:00:00,18.5,4.1
DWLR0028,2025-10-12 00:00:00,18.57,3.4
DWLR0028,2025-10-15 00:00:00,18.59,1.1
DWLR0028,2025-10-18 00:00:00,18.64,3.3
DWLR0028,2025-10-21 00:00:00,18.63,0.9
DWLR0028,2025-10-24 00:00:00,18.6,2.5
DWLR0028,2025-10-27 00:00:00,18.71,0.4
DWLR0028,2025-10-30 00:00:00,18.73,1.3
DWLR0028,2025-11-02 00:00:00,18.72,3.7
DWLR0028,2025-11-05 00:00:00,18.68,4.4
DWLR0028,2025-11-08 00:00:00,18.74,3.9
DWLR0028,2025-11-11 00:00:00,18.65,0.7
DWLR0028,2025-11-14 00:00:00,18.66,3.0
DWLR0028,2025-11-17 00:00:00,18.69,4.8
DWLR0028,2025-11-20 00:00:00,18.8,1.4
DWLR0028,2025-11-23 00:00:00,18.86,0.1
DWLR0028,2025-11-26 00:00:00,18.87,4.6
DWLR0029,2024-06-01 00:00:00,9.04,30.3
DWLR0029,2024-06-04 00:00:00,9.06,21.1
DWLR0029,2024-06-07 00:00:00,9.03,38.4
DWLR0029,2024-06-10 00:00:00,9.03,30.3
DWLR0029,2024-06-13 00:00:00,9.08,6.0
DWLR0029,2024-06-16 00:00:00,9.21,15.0
DWLR0029,2024-06-19 00:00:00,9.2,34.8
DWLR0029,2024-06-22 00:00:00,9.24,20.2
DWLR0029,2024-06-25 00:00:00,9.29,31.3
DWLR0029,2024-06-28 00:00:00,9.36,37.5
DWLR0029,2024-07-01 00:00:00,9.37,12.1
DWLR0029,2024-07-04 00:00:00,9.35,28.3
DWLR0029,2024-07-07 00:00:00,9.4,13.0
DWLR0029,2024-07-10 00:00:00,9.43,1.6
DWLR0029,2024-07-13 00:00:00,9.6,13.9
DWLR0029,2024-07-16 00:00:00,9.69,20.3
DWLR0029,2024-07-19 00:00:00,9.68,17.5
DWLR0029,2024-07-22 00:00:00,9.78,10.9
DWLR0029,2024-07-25 00:00:00,9.77,20.6
DWLR0029,2024-07-28 00:00:00,9.78,18.8
DWLR0029,2024-07-31 00:00:00,9.84,24.0
DWLR0029,2024-08-03 00:00:00,9.86,10.6
DWLR0029,2024-08-06 00:00:00,9.93,13.6
DWLR0029,2024-08-09 00:00:00,9.94,13.7
DWLR0029,2024-08-12 00:00:00,9.94,31.6
DWLR0029,2024-08-15 00:00:00,9.9,5.9
DWLR0029,2024-08-18 00:00:00,10.0,37.9
DWLR0029,2024-08-21 00:00:00,10.03,2.0
DWLR0029,2024-08-24 00:00:00,10.02,14.2
DWLR0029,2024-08-27 00:00:00,10.06,4.9
DWLR0029,2024-08-30 00:00:00,10.2,37.1
DWLR0029,2024-09-02 00:00:00,10.22,32.8
DWLR0029,2024-09-05 00:00:00,10.26,1.2
DWLR0029,2024-09-08 00:00:00,10.23,36.4
DWLR0029,2024-09-11 00:00:00,10.34,18.3
DWLR0029,2024-09-14 00:00:00,10.38,27.3
DWLR0029,2024-09-17 00:00:00,10.42,38.5
DWLR0029,2024-09-20 00:00:00,10.5,1.3
DWLR0029,2024-09-23 00:00:00,10.46,33.6
DWLR0029,2024-09-26 00:00:00,10.46,27.4
DWLR0029,2024-09-29 00:00:00,10.57,1.7
DWLR0029,2024-10-02 00:00:00,10.77,2.6
DWLR0029,2024-10-05 00:00:00,10.87,1.5
DWLR0029,2024-10-08 00:00:00,11.03,2.2
DWLR0029,2024-10-11 00:00:00,11.2,2.7
DWLR0029,2024-10-14 00:00:00,11.31,2.2
DWLR0029,2024-10-17 00:00:00,11.5,1.3
DWLR0029,2024-10-20 00:00:00,11.67,4.1
DWLR0029,2024-10-23 00:00:00,11.77,3.5
DWLR0029,2024-10-26 00:00:00,11.85,1.9
DWLR0029,2024-10-29 00:00:00,12.05,1.1
DWLR0029,2024-11-01 00:00:00,12.18,4.0
DWLR0029,2024-11-04 00:00:00,12.31,3.1
DWLR0029,2024-11-07 00:00:00,12.43,1.9
DWLR0029,2024-11-10 00:00:00,12.61,0.3
DWLR0029,2024-11-13 00:00:00,12.79,4.0
DWLR0029,2024-11-16 00:00:00,12.87,1.9
DWLR0029,2024-11-19 00:00:00,12.93,3.5
DWLR0029,2024-11-22 00:00:00,13.05,2.1
DWLR0029,2024-11-25 00:00:00,13.27,1.2
DWLR0029,2024-11-28 00:00:00,13.45,4.4
DWLR0029,2024-12-01 00:00:00,13.63,4.9
DWLR0029,2024-12-04 00:00:00,13.74,1.8
DWLR0029,2024-12-07 00:00:00,13.87,2.1
DWLR0029,2024-12-10 00:00:00,14.03,0.8
DWLR0029,2024-12-13 00:00:00,14.06,1.3
DWLR0029,2024-12-16 00:00:00,14.16,2.2
DWLR0029,2024-12-19 00:00:00,14.28,0.4
DWLR0029,2024-12-22 00:00:00,14.44,4.0
DWLR0029,2024-12-25 00:00:00,14.57,1.6
DWLR0029,2024-12-28 00:00:00,14.79,3.5
DWLR0029,2024-12-31 00:00:00,15.01,0.9
DWLR0029,2025-01-03 00:00:00,15.12,1.0
DWLR0029,2025-01-06 00:00:00,15.25,4.9
DWLR0029,2025-01-09 00:00:00,15.37,2.6
DWLR0029,2025-01-12 00:00:00,15.48,4.2
DWLR0029,2025-01-15 00:00:00,15.55,3.5
DWLR0029,2025-01-18 00:00:00,15.61,1.6
DWLR0029,2025-01-21 00:00:00,15.69,2.4
DWLR0029,2025-01-24 00:00:00,15.83,0.1
DWLR0029,2025-01-27 00:00:00,16.03,2.3
DWLR0029,2025-01-30 00:00:00,16.23,1.2
DWLR0029,2025-02-02 00:00:00,16.36,1.2
DWLR0029,2025-02-05 00:00:00,16.4,1.1
DWLR0029,2025-02-08 00:00:00,16.52,3.8
DWLR0029,2025-02-11 00:00:00,16.65,4.5
DWLR0029,2025-02-14 00:00:00,16.8,3.6
DWLR0029,2025-02-17 00:00:00,16.98,4.6
DWLR0029,2025-02-20 00:00:00,17.09,4.8
DWLR0029,2025-02-23 00:00:00,17.24,2.3
DWLR0029,2025-02-26 00:00:00,17.39,0.9
DWLR0029,2025-03-01 00:00:00,17.63,1.4
DWLR0029,2025-03-04 00:00:00,17.75,1.7
DWLR0029,2025-03-07 00:00:00,17.96,3.5
DWLR0029,2025-03-10 00:00:00,18.02,2.6
DWLR0029,2025-03-13 00:00:00,18.07,3.6
DWLR0029,2025-03-16 00:00:00,18.22,2.7
DWLR0029,2025-03-19 00:00:00,18.24,3.9
DWLR0029,2025-03-22 00:00:00,18.33,2.4
DWLR0029,2025-03-25 00:00:00,18.42,2.9
DWLR0029,2025-03-28 00:00:00,18.51,4.6
DWLR0029,2025-03-31 00:00:00,18.59,3.7
DWLR0029,2025-04-03 00:00:00,18.72,0.8
DWLR0029,2025-04-06 00:00:00,18.91,4.1
DWLR0029,2025-04-09 00:00:00,19.06,2.6
DWLR0029,2025-04-12 00:00:00,19.14,4.8
DWLR0029,2025-04-15 00:00:00,19.27,4.9
DWLR0029,2025-04-18 00:00:00,19.48,3.0
DWLR0029,2025-04-21 00:00:00,19.6,4.4
DWLR0029,2025-04-24 00:00:00,19.69,1.5
DWLR0029,2025-04-27 00:00:00,19.89,1.8
DWLR0029,2025-04-30 00:00:00,19.98,0.1
DWLR0029,2025-05-03 00:00:00,20.11,2.0
DWLR0029,2025-05-06 00:00:00,20.28,4.7
DWLR0029,2025-05-09 00:00:00,20.35,0.6
DWLR0029,2025-05-12 00:00:00,20.55,0.6
DWLR0029,2025-05-15 00:00:00,20.68,4.4
DWLR0029,2025-05-18 00:00:00,20.8,4.2
DWLR0029,2025-05-21 00:00:00,20.93,5.0
DWLR0029,2025-05-24 00:00:00,21.07,4.0
DWLR0029,2025-05-27 00:00:00,21.22,0.2
DWLR0029,2025-05-30 00:00:00,21.25,4.8
DWLR0029,2025-06-02 00:00:00,21.31,16.0
DWLR0029,2025-06-05 00:00:00,21.38,14.5
DWLR0029,2025-06-08 00:00:00,21.37,1.5
DWLR0029,2025-06-11 00:00:00,21.4,34.2
DWLR0029,2025-06-14 00:00:00,21.47,21.2
DWLR0029,2025-06-17 00:00:00,21.44,18.7
DWLR0029,2025-06-20 00:00:00,21.43,21.7
DWLR0029,2025-06-23 00:00:00,21.47,37.8
DWLR0029,2025-06-26 00:00:00,21.48,24.9
DWLR0029,2025-06-29 00:00:00,21.51,15.5
DWLR0029,2025-07-02 00:00:00,21.55,33.7
DWLR0029,2025-07-05 00:00:00,21.61,4.9
DWLR0029,2025-07-08 00:00:00,21.69,23.0
DWLR0029,2025-07-11 00:00:00,21.63,22.2
DWLR0029,2025-07-14 00:00:00,21.69,29.5
DWLR0029,2025-07-17 00:00:00,21.7,27.6
DWLR0029,2025-07-20 00:00:00,21.68,19.2
DWLR0029,2025-07-23 00:00:00,21.66,7.9
DWLR0029,2025-07-26 00:00:00,21.73,5.5
DWLR0029,2025-07-29 00:00:00,21.78,0.3
DWLR0029,2025-08-01 00:00:00,21.81,33.5
DWLR0029,2025-08-04 00:00:00,21.86,29.0
DWLR0029,2025-08-07 00:00:00,21.97,26.8
DWLR0029,2025-08-10 00:00:00,21.99,3.1
DWLR0029,2025-08-13 00:00:00,22.05,18.4
DWLR0029,2025-08-16 00:00:00,21.98,28.1
DWLR0029,2025-08-19 00:00:00,22.07,7.9
DWLR0029,2025-08-22 00:00:00,22.1,0.2
DWLR0029,2025-08-25 00:00:00,22.08,31.0
DWLR0029,2025-08-28 00:00:00,22.13,2.7
DWLR0029,2025-08-31 00:00:00,22.15,7.7
DWLR0029,2025-09-03 00:00:00,22.1,21.0
DWLR0029,2025-09-06 00:00:00,22.15,24.9
DWLR0029,2025-09-09 00:00:00,22.18,14.8
DWLR0029,2025-09-12 00:00:00,22.31,3.1
DWLR0029,2025-09-15 00:00:00,22.26,15.8
DWLR0029,2025-09-18 00:00:00,22.39,27.5
DWLR0029,2025-09-21 00:00:00,22.45,39.6
DWLR0029,2025-09-24 00:00:00,22.42,31.7
DWLR0029,2025-09-27 00:00:00,22.42,19.6
DWLR0029,2025-09-30 00:00:00,22.45,15.3
DWLR0029,2025-10-03 00:00:00,22.59,2.4
DWLR0029,2025-10-06 00:00:00,22.64,2.9
DWLR0029,2025-10-09 00:00:00,22.79,2.0
DWLR0029,2025-10-12 00:00:00,22.94,0.0
DWLR0029,2025-10-15 00:00:00,22.95,2.6
DWLR0029,2025-10-18 00:00:00,23.1,4.8
DWLR0029,2025-10-21 00:00:00,23.18,3.7
DWLR0029,2025-10-24 00:00:00,23.35,1.6
DWLR0029,2025-10-27 00:00:00,23.47,0.5
DWLR0029,2025-10-30 00:00:00,23.54,3.7
DWLR0029,2025-11-02 00:00:00,23.57,3.4
DWLR0029,2025-11-05 00:00:00,23.73,1.5
DWLR0029,2025-11-08 00:00:00,23.79,3.5
DWLR0029,2025-11-11 00:00:00,23.94,1.6
DWLR0029,2025-11-14 00:00:00,23.95,1.5
DWLR0029,2025-11-17 00:00:00,24.09,2.2
DWLR0029,2025-11-20 00:00:00,24.29,2.7
DWLR0029,2025-11-23 00:00:00,24.37,3.3
DWLR0029,2025-11-26 00:00:00,24.58,1.6
DWLR0030,2024-06-01 00:00:00,7.48,22.4
DWLR0030,2024-06-04 00:00:00,7.37,8.7
DWLR0030,2024-06-07 00:00:00,7.34,11.6
DWLR0030,2024-06-10 00:00:00,7.3,29.1
DWLR0030,2024-06-13 00:00:00,7.25,25.2
DWLR0030,2024-06-16 00:00:00,7.33,38.7
DWLR0030,2024-06-19 00:00:00,7.26,17.9
DWLR0030,2024-06-22 00:00:00,7.12,39.7
DWLR0030,2024-06-25 00:00:00,7.14,36.0
DWLR0030,2024-06-28 00:00:00,7.1,35.8
DWLR0030,2024-07-01 00:00:00,6.97,31.7
DWLR0030,2024-07-04 00:00:00,6.87,31.7
DWLR0030,2024-07-07 00:00:00,6.87,34.5
DWLR0030,2024-07-10 00:00:00,6.84,11.1
DWLR0030,2024-07-13 00:00:00,6.74,21.3
DWLR0030,2024-07-16 00:00:00,6.72,38.1
DWLR0030,2024-07-19 00:00:00,6.65,26.3
DWLR0030,2024-07-22 00:00:00,6.7,25.9
DWLR0030,2024-07-25 00:00:00,6.72,20.6
DWLR0030,2024-07-28 00:00:00,6.71,9.3
DWLR0030,2024-07-31 00:00:00,6.71,14.7
DWLR0030,2024-08-03 00:00:00,6.65,27.0
DWLR0030,2024-08-06 00:00:00,6.54,0.3
DWLR0030,2024-08-09 00:00:00,6.47,28.9
DWLR0030,2024-08-12 00:00:00,6.4,24.5
DWLR0030,2024-08-15 00:00:00,6.35,38.3
DWLR0030,2024-08-18 00:00:00,6.24,23.2
DWLR0030,2024-08-21 00:00:00,6.09,29.9
DWLR0030,2024-08-24 00:00:00,6.0,33.0
DWLR0030,2024-08-27 00:00:00,5.93,16.5
DWLR0030,2024-08-30 00:00:00,5.96,1.0
DWLR0030,2024-09-02 00:00:00,5.89,37.3
DWLR0030,2024-09-05 00:00:00,5.85,29.4
DWLR0030,2024-09-08 00:00:00,5.73,9.5
DWLR0030,2024-09-11 00:00:00,5.65,34.7
DWLR0030,2024-09-14 00:00:00,5.62,8.7
DWLR0030,2024-09-17 00:00:00,5.63,34.9
DWLR0030,2024-09-20 00:00:00,5.65,12.3
DWLR0030,2024-09-23 00:00:00,5.65,4.8
DWLR0030,2024-09-26 00:00:00,5.58,34.3
DWLR0030,2024-09-29 00:00:00,5.55,9.5
DWLR0030,2024-10-02 00:00:00,5.61,1.2
DWLR0030,2024-10-05 00:00:00,5.69,3.4
DWLR0030,2024-10-08 00:00:00,5.74,1.2
DWLR0030,2024-10-11 00:00:00,5.7,0.2
DWLR0030,2024-10-14 00:00:00,5.64,2.2
DWLR0030,2024-10-17 00:00:00,5.63,2.7
DWLR0030,2024-10-20 00:00:00,5.64,2.9
DWLR0030,2024-10-23 00:00:00,5.62,0.9
DWLR0030,2024-10-26 00:00:00,5.58,0.5
DWLR0030,2024-10-29 00:00:00,5.59,0.0
DWLR0030,2024-11-01 00:00:00,5.52,4.8
DWLR0030,2024-11-04 00:00:00,5.54,0.7
DWLR0030,2024-11-07 00:00:00,5.62,5.0
DWLR0030,2024-11-10 00:00:00,5.6,2.6
DWLR0030,2024-11-13 00:00:00,5.65,2.8
DWLR0030,2024-11-16 00:00:00,5.75,4.3
DWLR0030,2024-11-19 00:00:00,5.73,2.7
DWLR0030,2024-11-22 00:00:00,5.8,0.2
DWLR0030,2024-11-25 00:00:00,1004.78,1.7
DWLR0030,2024-11-28 00:00:00,1004.85,2.3
DWLR0030,2024-12-01 00:00:00,1004.86,4.8
DWLR0030,2024-12-04 00:00:00,1004.85,3.2
DWLR0030,2024-12-07 00:00:00,1004.87,4.5
DWLR0030,2024-12-10 00:00:00,1004.86,0.7
DWLR0030,2024-12-13 00:00:00,1004.83,0.9
DWLR0030,2024-12-16 00:00:00,7.48,1.6
DWLR0030,2024-12-19 00:00:00,7.48,3.2
DWLR0030,2024-12-22 00:00:00,7.48,4.5
DWLR0030,2024-12-25 00:00:00,7.48,1.3
DWLR0030,2024-12-28 00:00:00,7.48,3.0
DWLR0030,2024-12-31 00:00:00,7.48,4.0
DWLR0030,2025-01-03 00:00:00,7.48,4.0
DWLR0030,2025-01-06 00:00:00,7.48,0.0
DWLR0030,2025-01-09 00:00:00,7.48,4.9
DWLR0030,2025-01-12 00:00:00,7.48,2.7
DWLR0030,2025-01-15 00:00:00,7.48,4.9
DWLR0030,2025-01-18 00:00:00,7.48,0.7
DWLR0030,2025-01-21 00:00:00,7.48,3.5
DWLR0030,2025-01-24 00:00:00,7.48,2.5
DWLR0030,2025-01-27 00:00:00,7.48,3.5
DWLR0030,2025-01-30 00:00:00,7.48,4.2
DWLR0030,2025-02-02 00:00:00,7.48,4.5
DWLR0030,2025-02-05 00:00:00,7.48,1.3
DWLR0030,2025-02-08 00:00:00,7.48,4.4
DWLR0030,2025-02-11 00:00:00,7.48,1.4
DWLR0030,2025-02-14 00:00:00,7.48,0.3
DWLR0030,2025-02-17 00:00:00,7.48,1.3
DWLR0030,2025-02-20 00:00:00,7.48,2.3
DWLR0030,2025-02-23 00:00:00,7.48,4.5
DWLR0030,2025-02-26 00:00:00,7.48,3.4
DWLR0030,2025-03-01 00:00:00,7.48,1.9
DWLR0030,2025-03-04 00:00:00,7.48,1.7
DWLR0030,2025-03-07 00:00:00,7.48,0.7
DWLR0030,2025-03-10 00:00:00,7.48,0.3
DWLR0030,2025-03-13 00:00:00,7.48,0.8
DWLR0030,2025-03-16 00:00:00,7.48,3.8
DWLR0030,2025-03-19 00:00:00,7.48,0.6
DWLR0030,2025-03-22 00:00:00,7.48,3.1
DWLR0030,2025-03-25 00:00:00,7.48,4.1
DWLR0030,2025-03-28 00:00:00,7.48,0.8
DWLR0030,2025-03-31 00:00:00,7.48,4.3
DWLR0030,2025-04-03 00:00:00,7.48,0.7
DWLR0030,2025-04-06 00:00:00,7.48,1.0
DWLR0030,2025-04-09 00:00:00,7.48,0.2
DWLR0030,2025-04-12 00:00:00,7.48,2.5
DWLR0030,2025-04-15 00:00:00,7.48,1.3
DWLR0030,2025-04-18 00:00:00,7.48,2.4
DWLR0030,2025-04-21 00:00:00,7.48,4.0
DWLR0030,2025-04-24 00:00:00,7.48,1.9
DWLR0030,2025-04-27 00:00:00,7.48,4.8
DWLR0030,2025-04-30 00:00:00,7.48,1.1
DWLR0030,2025-05-03 00:00:00,7.48,4.0
DWLR0030,2025-05-06 00:00:00,7.48,2.3
DWLR0030,2025-05-09 00:00:00,7.48,0.2
DWLR0030,2025-05-12 00:00:00,7.48,1.1
DWLR0030,2025-05-15 00:00:00,7.48,4.8
DWLR0030,2025-05-18 00:00:00,7.48,0.6
DWLR0030,2025-05-21 00:00:00,7.48,3.7
DWLR0030,2025-05-24 00:00:00,7.48,4.7
DWLR0030,2025-05-27 00:00:00,7.48,3.4
DWLR0030,2025-05-30 00:00:00,7.48,2.1
DWLR0030,2025-06-02 00:00:00,7.48,28.5
DWLR0030,2025-06-05 00:00:00,7.48,7.7
DWLR0030,2025-06-08 00:00:00,7.48,5.7
DWLR0030,2025-06-11 00:00:00,7.48,36.1
DWLR0030,2025-06-14 00:00:00,7.48,19.0
DWLR0030,2025-06-17 00:00:00,7.48,11.1
DWLR0030,2025-06-20 00:00:00,7.48,6.5
DWLR0030,2025-06-23 00:00:00,7.48,37.5
DWLR0030,2025-06-26 00:00:00,7.48,31.0
DWLR0030,2025-06-29 00:00:00,7.48,21.0
DWLR0030,2025-07-02 00:00:00,7.48,31.8
DWLR0030,2025-07-05 00:00:00,7.48,9.2
DWLR0030,2025-07-08 00:00:00,7.48,20.8
DWLR0030,2025-07-11 00:00:00,7.48,13.8
DWLR0030,2025-07-14 00:00:00,7.48,10.3
DWLR0030,2025-07-17 00:00:00,7.48,35.1
DWLR0030,2025-07-20 00:00:00,7.48,19.9
DWLR0030,2025-07-23 00:00:00,7.48,0.2
DWLR0030,2025-07-26 00:00:00,7.48,22.7
DWLR0030,2025-07-29 00:00:00,7.48,33.2
DWLR0030,2025-08-01 00:00:00,7.48,11.0
DWLR0030,2025-08-04 00:00:00,7.48,27.4
DWLR0030,2025-08-07 00:00:00,7.48,1.1
DWLR0030,2025-08-10 00:00:00,7.48,6.9
DWLR0030,2025-08-13 00:00:00,7.48,20.9
DWLR0030,2025-08-16 00:00:00,7.48,28.0
DWLR0030,2025-08-19 00:00:00,7.48,32.4
DWLR0030,2025-08-22 00:00:00,7.48,18.4
DWLR0030,2025-08-25 00:00:00,7.48,22.0
DWLR0030,2025-08-28 00:00:00,7.48,2.7
DWLR0030,2025-08-31 00:00:00,7.48,37.3
DWLR0030,2025-09-03 00:00:00,7.48,28.0
DWLR0030,2025-09-06 00:00:00,7.48,13.6
DWLR0030,2025-09-09 00:00:00,7.48,7.0
DWLR0030,2025-09-12 00:00:00,7.48,20.1
DWLR0030,2025-09-15 00:00:00,7.48,1.6
DWLR0030,2025-09-18 00:00:00,7.48,36.5
DWLR0030,2025-09-21 00:00:00,7.48,15.4
DWLR0030,2025-09-24 00:00:00,7.48,11.5
DWLR0030,2025-09-27 00:00:00,7.48,10.3
DWLR0030,2025-09-30 00:00:00,7.48,22.5
DWLR0030,2025-10-03 00:00:00,7.48,1.6
DWLR0030,2025-10-06 00:00:00,7.48,4.7
DWLR0030,2025-10-09 00:00:00,7.48,3.1
DWLR0030,2025-10-12 00:00:00,7.48,0.3
DWLR0030,2025-10-15 00:00:00,7.48,1.3
DWLR0030,2025-10-18 00:00:00,7.48,1.2
DWLR0030,2025-10-21 00:00:00,7.48,3.1
DWLR0030,2025-10-24 00:00:00,7.48,3.9
DWLR0030,2025-10-27 00:00:00,7.48,4.2
DWLR0030,2025-10-30 00:00:00,7.48,2.3
DWLR0030,2025-11-02 00:00:00,7.48,2.4
DWLR0030,2025-11-05 00:00:00,7.48,1.7
DWLR0030,2025-11-08 00:00:00,7.48,0.7
DWLR0030,2025-11-11 00:00:00,7.48,3.9
DWLR0030,2025-11-14 00:00:00,7.48,2.0
DWLR0030,2025-11-17 00:00:00,7.48,0.4
DWLR0030,2025-11-20 00:00:00,7.48,2.9
DWLR0030,2025-11-23 00:00:00,7.48,5.0
DWLR0030,2025-11-26 00:00:00,7.48,4.0
DWLR0031,2024-06-01 00:00:00,10.46,9.9
DWLR0031,2024-06-04 00:00:00,10.39,34.7
DWLR0031,2024-06-07 00:00:00,10.39,3.3
DWLR0031,2024-06-10 00:00:00,10.45,18.3
DWLR0031,2024-06-13 00:00:00,10.35,12.0
DWLR0031,2024-06-16 00:00:00,10.29,4.9
DWLR0031,2024-06-19 00:00:00,10.21,19.6
DWLR0031,2024-06-22 00:00:00,10.12,20.1
DWLR0031,2024-06-25 00:00:00,10.06,25.3
DWLR0031,2024-06-28 00:00:00,10.01,35.9
DWLR0031,2024-07-01 00:00:00,9.92,27.9
DWLR0031,2024-07-04 00:00:00,9.78,10.9
DWLR0031,2024-07-07 00:00:00,9.74,2.8
DWLR0031,2024-07-10 00:00:00,9.7,15.2
DWLR0031,2024-07-13 00:00:00,9.62,35.7
DWLR0031,2024-07-16 00:00:00,9.53,36.8
DWLR0031,2024-07-19 00:00:00,9.52,19.0
DWLR0031,2024-07-22 00:00:00,9.39,14.1
DWLR0031,2024-07-25 00:00:00,9.3,17.4
DWLR0031,2024-07-28 00:00:00,9.16,22.9
DWLR0031,2024-07-31 00:00:00,9.08,5.7
DWLR0031,2024-08-03 00:00:00,8.93,28.0
DWLR0031,2024-08-06 00:00:00,8.94,18.7
DWLR0031,2024-08-09 00:00:00,8.86,15.2
DWLR0031,2024-08-12 00:00:00,8.85,9.8
DWLR0031,2024-08-15 00:00:00,8.81,7.6
DWLR0031,2024-08-18 00:00:00,8.7,36.9
DWLR0031,2024-08-21 00:00:00,8.67,21.3
DWLR0031,2024-08-24 00:00:00,8.57,22.8
DWLR0031,2024-08-27 00:00:00,8.5,13.9
DWLR0031,2024-08-30 00:00:00,8.5,35.2
DWLR0031,2024-09-02 00:00:00,8.41,14.0
DWLR0031,2024-09-05 00:00:00,8.34,39.5
DWLR0031,2024-09-08 00:00:00,8.39,21.5
DWLR0031,2024-09-11 00:00:00,8.35,27.3
DWLR0031,2024-09-14 00:00:00,8.4,31.0
DWLR0031,2024-09-17 00:00:00,8.38,25.4
DWLR0031,2024-09-20 00:00:00,8.37,37.4
DWLR0031,2024-09-23 00:00:00,8.33,23.6
DWLR0031,2024-09-26 00:00:00,8.32,3.6
DWLR0031,2024-09-29 00:00:00,8.36,3.1
DWLR0031,2024-10-02 00:00:00,8.47,3.4
DWLR0031,2024-10-05 00:00:00,8.44,4.6
DWLR0031,2024-10-08 00:00:00,8.38,1.4
DWLR0031,2024-10-11 00:00:00,8.42,1.4
DWLR0031,2024-10-14 00:00:00,8.43,3.2
DWLR0031,2024-10-17 00:00:00,8.43,0.9
DWLR0031,2024-10-20 00:00:00,8.45,0.1
DWLR0031,2024-10-23 00:00:00,8.45,4.2
DWLR0031,2024-10-26 00:00:00,8.39,1.5
DWLR0031,2024-10-29 00:00:00,8.48,3.7
DWLR0031,2024-11-01 00:00:00,8.58,3.2
DWLR0031,2024-11-04 00:00:00,8.63,1.5
DWLR0031,2024-11-07 00:00:00,8.74,3.3
DWLR0031,2024-11-10 00:00:00,8.81,3.8
DWLR0031,2024-11-13 00:00:00,8.8,2.2
DWLR0031,2024-11-16 00:00:00,8.77,1.5
DWLR0031,2024-11-19 00:00:00,8.88,2.1
DWLR0031,2024-11-22 00:00:00,8.92,4.3
DWLR0031,2024-11-25 00:00:00,9.04,1.7
DWLR0031,2024-11-28 00:00:00,9.13,1.2
DWLR0031,2024-12-01 00:00:00,9.19,3.2
DWLR0031,2024-12-04 00:00:00,9.16,3.5
DWLR0031,2024-12-07 00:00:00,9.23,1.1
DWLR0031,2024-12-10 00:00:00,9.26,1.2
DWLR0031,2024-12-13 00:00:00,9.36,4.0
DWLR0031,2024-12-16 00:00:00,9.4,0.2
DWLR0031,2024-12-19 00:00:00,9.51,0.2
DWLR0031,2024-12-22 00:00:00,9.51,1.3
DWLR0031,2024-12-25 00:00:00,9.58,2.9
DWLR0031,2024-12-28 00:00:00,9.57,0.3
DWLR0031,2024-12-31 00:00:00,9.68,1.2
DWLR0031,2025-01-03 00:00:00,9.76,2.2
DWLR0031,2025-01-06 00:00:00,9.74,2.7
DWLR0031,2025-01-09 00:00:00,9.68,2.1
DWLR0031,2025-01-12 00:00:00,9.75,2.4
DWLR0031,2025-01-15 00:00:00,9.73,0.8
DWLR0031,2025-01-18 00:00:00,9.78,2.1
DWLR0031,2025-01-21 00:00:00,9.79,4.9
DWLR0031,2025-01-24 00:00:00,9.87,1.7
DWLR0031,2025-01-27 00:00:00,9.92,1.6
DWLR0031,2025-01-30 00:00:00,10.09,4.2
DWLR0031,2025-02-02 00:00:00,10.12,4.6
DWLR0031,2025-02-05 00:00:00,10.12,3.8
DWLR0031,2025-02-08 00:00:00,10.16,4.2
DWLR0031,2025-02-11 00:00:00,10.25,0.9
DWLR0031,2025-02-14 00:00:00,10.35,2.9
DWLR0031,2025-02-17 00:00:00,10.37,2.1
DWLR0031,2025-02-20 00:00:00,10.38,3.1
DWLR0031,2025-02-23 00:00:00,10.36,2.8
DWLR0031,2025-02-26 00:00:00,10.3,4.5
DWLR0031,2025-03-01 00:00:00,10.28,3.6
DWLR0031,2025-03-04 00:00:00,10.28,1.3
DWLR0031,2025-03-07 00:00:00,10.31,3.0
DWLR0031,2025-03-10 00:00:00,10.45,3.8
DWLR0031,2025-03-13 00:00:00,10.43,0.8
DWLR0031,2025-03-16 00:00:00,10.46,1.1
DWLR0031,2025-03-19 00:00:00,10.54,2.6
DWLR0031,2025-03-22 00:00:00,10.55,1.6
DWLR0031,2025-03-25 00:00:00,10.61,0.9
DWLR0031,2025-03-28 00:00:00,10.63,1.6
DWLR0031,2025-03-31 00:00:00,10.69,4.4
DWLR0031,2025-04-03 00:00:00,10.83,3.6
DWLR0031,2025-04-06 00:00:00,10.85,1.3
DWLR0031,2025-04-09 00:00:00,10.88,4.8
DWLR0031,2025-04-12 00:00:00,10.88,2.6
DWLR0031,2025-04-15 00:00:00,10.87,2.6
DWLR0031,2025-04-18 00:00:00,10.93,4.5
DWLR0031,2025-04-21 00:00:00,10.95,3.4
DWLR0031,2025-04-24 00:00:00,11.03,4.0
DWLR0031,2025-04-27 00:00:00,11.0,3.5
DWLR0031,2025-04-30 00:00:00,10.98,3.7
DWLR0031,2025-05-03 00:00:00,10.99,4.6
DWLR0031,2025-05-06 00:00:00,11.12,2.8
DWLR0031,2025-05-09 00:00:00,11.18,0.4
DWLR0031,2025-05-12 00:00:00,11.19,1.2
DWLR0031,2025-05-15 00:00:00,11.18,2.0
DWLR0031,2025-05-18 00:00:00,11.21,0.9
DWLR0031,2025-05-21 00:00:00,11.23,2.4
DWLR0031,2025-05-24 00:00:00,11.28,4.7
DWLR0031,2025-05-27 00:00:00,11.31,3.5
DWLR0031,2025-05-30 00:00:00,11.34,3.8
DWLR0031,2025-06-02 00:00:00,11.35,32.8
DWLR0031,2025-06-05 00:00:00,11.3,31.4
DWLR0031,2025-06-08 00:00:00,11.19,28.8
DWLR0031,2025-06-11 00:00:00,11.04,28.6
DWLR0031,2025-06-14 00:00:00,10.96,1.3
DWLR0031,2025-06-17 00:00:00,10.88,0.4
DWLR0031,2025-06-20 00:00:00,10.85,4.6
DWLR0031,2025-06-23 00:00:00,10.77,34.4
DWLR0031,2025-06-26 00:00:00,10.71,27.3
DWLR0031,2025-06-29 00:00:00,10.64,34.8
DWLR0031,2025-07-02 00:00:00,10.6,29.0
DWLR0031,2025-07-05 00:00:00,10.53,27.2
DWLR0031,2025-07-08 00:00:00,10.39,17.3
DWLR0031,2025-07-11 00:00:00,10.37,23.9
DWLR0031,2025-07-14 00:00:00,10.23,6.8
DWLR0031,2025-07-17 00:00:00,10.15,3.3
DWLR0031,2025-07-20 00:00:00,10.06,37.8
DWLR0031,2025-07-23 00:00:00,9.94,2.4
DWLR0031,2025-07-26 00:00:00,9.88,12.8
DWLR0031,2025-07-29 00:00:00,9.87,20.2
DWLR0031,2025-08-01 00:00:00,9.78,9.1
DWLR0031,2025-08-04 00:00:00,9.61,37.4
DWLR0031,2025-08-07 00:00:00,9.62,17.7
DWLR0031,2025-08-10 00:00:00,9.52,7.5
DWLR0031,2025-08-13 00:00:00,9.38,4.3
DWLR0031,2025-08-16 00:00:00,9.36,34.0
DWLR0031,2025-08-19 00:00:00,9.28,12.1
DWLR0031,2025-08-22 00:00:00,9.27,34.2
DWLR0031,2025-08-25 00:00:00,9.17,21.6
DWLR0031,2025-08-28 00:00:00,9.17,38.1
DWLR0031,2025-08-31 00:00:00,9.15,2.2
DWLR0031,2025-09-03 00:00:00,9.12,37.6
DWLR0031,2025-09-06 00:00:00,9.0,39.9
DWLR0031,2025-09-09 00:00:00,9.04,27.8
DWLR0031,2025-09-12 00:00:00,8.9,22.6
DWLR0031,2025-09-15 00:00:00,8.79,16.9
DWLR0031,2025-09-18 00:00:00,8.75,1.6
DWLR0031,2025-09-21 00:00:00,8.79,38.3
DWLR0031,2025-09-24 00:00:00,8.65,34.5
DWLR0031,2025-09-27 00:00:00,8.68,7.3
DWLR0031,2025-09-30 00:00:00,8.62,20.0
DWLR0031,2025-10-03 00:00:00,8.69,3.1
DWLR0031,2025-10-06 00:00:00,8.76,1.3
DWLR0031,2025-10-09 00:00:00,8.84,3.6
DWLR0031,2025-10-12 00:00:00,8.87,3.4
DWLR0031,2025-10-15 00:00:00,8.9,1.7
DWLR0031,2025-10-18 00:00:00,8.98,2.0
DWLR0031,2025-10-21 00:00:00,9.06,4.2
DWLR0031,2025-10-24 00:00:00,9.13,0.5
DWLR0031,2025-10-27 00:00:00,9.21,0.7
DWLR0031,2025-10-30 00:00:00,9.2,4.9
DWLR0031,2025-11-02 00:00:00,9.25,4.4
DWLR0031,2025-11-05 00:00:00,9.23,3.6
DWLR0031,2025-11-08 00:00:00,9.37,4.7
DWLR0031,2025-11-11 00:00:00,9.33,5.0
DWLR0031,2025-11-14 00:00:00,9.34,2.7
DWLR0031,2025-11-17 00:00:00,9.38,4.5
DWLR0031,2025-11-20 00:00:00,9.32,2.5
DWLR0031,2025-11-23 00:00:00,9.4,4.4
DWLR0031,2025-11-26 00:00:00,9.45,4.5
DWLR0032,2024-06-01 00:00:00,12.5,34.2
DWLR0032,2024-06-04 00:00:00,12.53,3.0
DWLR0032,2024-06-07 00:00:00,12.65,35.9
DWLR0032,2024-06-10 00:00:00,12.68,29.6
DWLR0032,2024-06-13 00:00:00,12.79,12.0
DWLR0032,2024-06-16 00:00:00,12.95,37.6
DWLR0032,2024-06-19 00:00:00,13.1,25.3
DWLR0032,2024-06-22 00:00:00,13.17,15.1
DWLR0032,2024-06-25 00:00:00,13.23,4.1
DWLR0032,2024-06-28 00:00:00,13.36,38.2
DWLR0032,2024-07-01 00:00:00,13.42,17.5
DWLR0032,2024-07-04 00:00:00,13.38,29.1
DWLR0032,2024-07-07 00:00:00,13.33,36.4
DWLR0032,2024-07-10 00:00:00,13.46,38.5
DWLR0032,2024-07-13 00:00:00,13.45,15.6
DWLR0032,2024-07-16 00:00:00,13.48,34.0
DWLR0032,2024-07-19 00:00:00,13.6,18.1
DWLR0032,2024-07-22 00:00:00,13.72,11.1
DWLR0032,2024-07-25 00:00:00,13.76,6.8
DWLR0032,2024-07-28 00:00:00,13.83,14.7
DWLR0032,2024-07-31 00:00:00,13.92,10.9
DWLR0032,2024-08-03 00:00:00,14.08,19.6
DWLR0032,2024-08-06 00:00:00,14.17,19.1
DWLR0032,2024-08-09 00:00:00,14.22,17.7
DWLR0032,2024-08-12 00:00:00,14.26,24.2
DWLR0032,2024-08-15 00:00:00,14.37,9.2
DWLR0032,2024-08-18 00:00:00,14.4,5.3
DWLR0032,2024-08-21 00:00:00,14.43,28.7
DWLR0032,2024-08-24 00:00:00,14.56,15.7
DWLR0032,2024-08-27 00:00:00,14.59,20.0
DWLR0032,2024-08-30 00:00:00,14.6,36.6
DWLR0032,2024-09-02 00:00:00,14.64,2.4
DWLR0032,2024-09-05 00:00:00,14.7,13.5
DWLR0032,2024-09-08 00:00:00,14.82,23.6
DWLR0032,2024-09-11 00:00:00,14.93,30.9
DWLR0032,2024-09-14 00:00:00,14.98,30.0
DWLR0032,2024-09-17 00:00:00,15.07,37.7
DWLR0032,2024-09-20 00:00:00,15.24,33.8
DWLR0032,2024-09-23 00:00:00,15.34,34.1
DWLR0032,2024-09-26 00:00:00,15.4,33.9
DWLR0032,2024-09-29 00:00:00,15.43,27.1
DWLR0032,2024-10-02 00:00:00,15.62,3.3
DWLR0032,2024-10-05 00:00:00,15.74,1.7
DWLR0032,2024-10-08 00:00:00,15.92,2.3
DWLR0032,2024-10-11 00:00:00,16.12,3.4
DWLR0032,2024-10-14 00:00:00,16.32,2.1
DWLR0032,2024-10-17 00:00:00,16.44,1.8
DWLR0032,2024-10-20 00:00:00,16.48,2.6
DWLR0032,2024-10-23 00:00:00,16.65,4.5
DWLR0032,2024-10-26 00:00:00,16.83,1.4
DWLR0032,2024-10-29 00:00:00,17.04,0.2
DWLR0032,2024-11-01 00:00:00,17.16,4.1
DWLR0032,2024-11-04 00:00:00,17.33,4.3
DWLR0032,2024-11-07 00:00:00,17.36,1.1
DWLR0032,2024-11-10 00:00:00,17.55,2.9
DWLR0032,2024-11-13 00:00:00,17.8,2.3
DWLR0032,2024-11-16 00:00:00,17.94,1.6
DWLR0032,2024-11-19 00:00:00,18.16,2.5
DWLR0032,2024-11-22 00:00:00,18.38,3.6
DWLR0032,2024-11-25 00:00:00,18.47,1.0
DWLR0032,2024-11-28 00:00:00,18.71,0.9
DWLR0032,2024-12-01 00:00:00,18.86,4.9
DWLR0032,2024-12-04 00:00:00,19.01,1.3
DWLR0032,2024-12-07 00:00:00,19.13,0.5
DWLR0032,2024-12-10 00:00:00,19.34,2.2
DWLR0032,2024-12-13 00:00:00,19.52,1.2
DWLR0032,2024-12-16 00:00:00,19.76,2.3
DWLR0032,2024-12-19 00:00:00,19.86,4.6
DWLR0032,2024-12-22 00:00:00,20.0,1.8
DWLR0032,2024-12-25 00:00:00,20.21,2.7
DWLR0032,2024-12-28 00:00:00,20.4,4.1
DWLR0032,2024-12-31 00:00:00,20.56,3.4
DWLR0032,2025-01-03 00:00:00,20.7,4.2
DWLR0032,2025-01-06 00:00:00,20.93,0.7
DWLR0032,2025-01-09 00:00:00,21.06,4.4
DWLR0032,2025-01-12 00:00:00,21.3,1.7
DWLR0032,2025-01-15 00:00:00,21.44,3.0
DWLR0032,2025-01-18 00:00:00,21.62,0.2
DWLR0032,2025-01-21 00:00:00,21.82,4.8
DWLR0032,2025-01-24 00:00:00,22.02,3.5
DWLR0032,2025-01-27 00:00:00,22.25,1.2
DWLR0032,2025-01-30 00:00:00,22.41,3.3
DWLR0032,2025-02-02 00:00:00,22.56,1.9
DWLR0032,2025-02-05 00:00:00,22.71,0.9
DWLR0032,2025-02-08 00:00:00,22.93,3.8
DWLR0032,2025-02-11 00:00:00,23.06,0.3
DWLR0032,2025-02-14 00:00:00,23.29,2.3
DWLR0032,2025-02-17 00:00:00,23.5,2.1
DWLR0032,2025-02-20 00:00:00,23.75,3.7
DWLR0032,2025-02-23 00:00:00,23.83,0.6
DWLR0032,2025-02-26 00:00:00,23.93,4.9
DWLR0032,2025-03-01 00:00:00,24.01,2.0
DWLR0032,2025-03-04 00:00:00,24.14,4.5
DWLR0032,2025-03-07 00:00:00,24.29,1.9
DWLR0032,2025-03-10 00:00:00,24.45,3.0
DWLR0032,2025-03-13 00:00:00,24.57,0.8
DWLR0032,2025-03-16 00:00:00,24.74,0.9
DWLR0032,2025-03-19 00:00:00,24.92,0.0
DWLR0032,2025-03-22 00:00:00,25.05,0.6
DWLR0032,2025-03-25 00:00:00,25.26,4.3
DWLR0032,2025-03-28 00:00:00,25.4,1.7
DWLR0032,2025-03-31 00:00:00,25.57,0.9
DWLR0032,2025-04-03 00:00:00,25.73,3.1
DWLR0032,2025-04-06 00:00:00,25.82,1.5
DWLR0032,2025-04-09 00:00:00,25.85,1.0
DWLR0032,2025-04-12 00:00:00,26.01,4.3
DWLR0032,2025-04-15 00:00:00,26.27,3.9
DWLR0032,2025-04-18 00:00:00,26.43,4.8
DWLR0032,2025-04-21 00:00:00,26.68,3.5
DWLR0032,2025-04-24 00:00:00,26.91,2.8
DWLR0032,2025-04-27 00:00:00,27.02,3.3
DWLR0032,2025-04-30 00:00:00,27.09,4.7
DWLR0032,2025-05-03 00:00:00,27.28,3.1
DWLR0032,2025-05-06 00:00:00,27.5,1.6
DWLR0032,2025-05-09 00:00:00,27.63,0.2
DWLR0032,2025-05-12 00:00:00,27.77,2.5
DWLR0032,2025-05-15 00:00:00,27.89,0.8
DWLR0032,2025-05-18 00:00:00,28.07,2.1
DWLR0032,2025-05-21 00:00:00,28.28,3.7
DWLR0032,2025-05-24 00:00:00,28.42,0.6
DWLR0032,2025-05-27 00:00:00,28.6,4.0
DWLR0032,2025-05-30 00:00:00,28.78,1.2
DWLR0032,2025-06-02 00:00:00,28.81,11.1
DWLR0032,2025-06-05 00:00:00,28.85,3.4
DWLR0032,2025-06-08 00:00:00,29.03,6.7
DWLR0032,2025-06-11 00:00:00,29.09,13.1
DWLR0032,2025-06-14 00:00:00,29.19,5.2
DWLR0032,2025-06-17 00:00:00,29.27,29.8
DWLR0032,2025-06-20 00:00:00,29.36,34.5
DWLR0032,2025-06-23 00:00:00,29.42,25.0
DWLR0032,2025-06-26 00:00:00,29.52,34.0
DWLR0032,2025-06-29 00:00:00,29.64,5.7
DWLR0032,2025-07-02 00:00:00,29.71,37.4
DWLR0032,2025-07-05 00:00:00,29.83,11.4
DWLR0032,2025-07-08 00:00:00,29.88,26.9
DWLR0032,2025-07-11 00:00:00,29.99,5.4
DWLR0032,2025-07-14 00:00:00,30.12,8.6
DWLR0032,2025-07-17 00:00:00,30.24,24.7
DWLR0032,2025-07-20 00:00:00,30.39,8.0
DWLR0032,2025-07-23 00:00:00,30.47,14.5
DWLR0032,2025-07-26 00:00:00,30.45,16.2
DWLR0032,2025-07-29 00:00:00,30.5,16.3
DWLR0032,2025-08-01 00:00:00,30.57,3.0
DWLR0032,2025-08-04 00:00:00,30.61,39.5
DWLR0032,2025-08-07 00:00:00,30.74,2.0
DWLR0032,2025-08-10 00:00:00,30.82,13.2
DWLR0032,2025-08-13 00:00:00,30.98,16.8
DWLR0032,2025-08-16 00:00:00,31.08,22.5
DWLR0032,2025-08-19 00:00:00,31.18,33.3
DWLR0032,2025-08-22 00:00:00,31.24,23.2
DWLR0032,2025-08-25 00:00:00,31.22,12.8
DWLR0032,2025-08-28 00:00:00,31.32,11.3
DWLR0032,2025-08-31 00:00:00,31.44,22.2
DWLR0032,2025-09-03 00:00:00,31.51,19.9
DWLR0032,2025-09-06 00:00:00,31.53,37.3
DWLR0032,2025-09-09 00:00:00,31.65,4.1
DWLR0032,2025-09-12 00:00:00,31.73,34.4
DWLR0032,2025-09-15 00:00:00,31.8,12.5
DWLR0032,2025-09-18 00:00:00,31.91,30.4
DWLR0032,2025-09-21 00:00:00,32.02,15.6
DWLR0032,2025-09-24 00:00:00,32.09,23.1
DWLR0032,2025-09-27 00:00:00,32.15,12.4
DWLR0032,2025-09-30 00:00:00,32.24,18.4
DWLR0032,2025-10-03 00:00:00,32.35,2.0
DWLR0032,2025-10-06 00:00:00,32.53,4.1
DWLR0032,2025-10-09 00:00:00,32.7,0.0
DWLR0032,2025-10-12 00:00:00,32.79,1.1
DWLR0032,2025-10-15 00:00:00,32.97,4.1
DWLR0032,2025-10-18 00:00:00,33.09,4.4
DWLR0032,2025-10-21 00:00:00,33.21,4.6
DWLR0032,2025-10-24 00:00:00,33.34,1.8
DWLR0032,2025-10-27 00:00:00,33.46,0.1
DWLR0032,2025-10-30 00:00:00,33.54,3.8
DWLR0032,2025-11-02 00:00:00,33.73,0.3
DWLR0032,2025-11-05 00:00:00,33.94,1.8
DWLR0032,2025-11-08 00:00:00,34.06,2.2
DWLR0032,2025-11-11 00:00:00,34.22,0.7
DWLR0032,2025-11-14 00:00:00,34.42,4.8
DWLR0032,2025-11-17 00:00:00,34.63,4.1
DWLR0032,2025-11-20 00:00:00,34.81,1.7
DWLR0032,2025-11-23 00:00:00,34.93,1.8
DWLR0032,2025-11-26 00:00:00,35.19,2.7
DWLR0033,2024-06-01 00:00:00,6.34,2.4
DWLR0033,2024-06-04 00:00:00,6.46,12.0
DWLR0033,2024-06-07 00:00:00,6.44,21.6
DWLR0033,2024-06-10 00:00:00,6.44,12.8
DWLR0033,2024-06-13 00:00:00,6.47,34.1
DWLR0033,2024-06-16 00:00:00,6.47,25.6
DWLR0033,2024-06-19 00:00:00,6.6,18.6
DWLR0033,2024-06-22 00:00:00,6.59,37.2
DWLR0033,2024-06-25 00:00:00,6.63,19.3
DWLR0033,2024-06-28 00:00:00,6.7,8.4
DWLR0033,2024-07-01 00:00:00,6.69,34.8
DWLR0033,2024-07-04 00:00:00,6.72,31.9
DWLR0033,2024-07-07 00:00:00,6.78,38.5
DWLR0033,2024-07-10 00:00:00,6.75,37.6
DWLR0033,2024-07-13 00:00:00,6.77,29.3
DWLR0033,2024-07-16 00:00:00,6.84,24.5
DWLR0033,2024-07-19 00:00:00,6.83,30.6
DWLR0033,2024-07-22 00:00:00,6.83,6.3
DWLR0033,2024-07-25 00:00:00,6.8,12.3
DWLR0033,2024-07-28 00:00:00,6.81,17.1
DWLR0033,2024-07-31 00:00:00,6.81,31.2
DWLR0033,2024-08-03 00:00:00,6.84,21.4
DWLR0033,2024-08-06 00:00:00,6.76,27.2
DWLR0033,2024-08-09 00:00:00,6.74,14.5
DWLR0033,2024-08-12 00:00:00,6.77,37.3
DWLR0033,2024-08-15 00:00:00,6.7,22.2
DWLR0033,2024-08-18 00:00:00,6.71,20.6
DWLR0033,2024-08-21 00:00:00,6.7,20.6
DWLR0033,2024-08-24 00:00:00,6.72,3.6
DWLR0033,2024-08-27 00:00:00,6.84,27.2
DWLR0033,2024-08-30 00:00:00,6.83,9.4
DWLR0033,2024-09-02 00:00:00,6.83,33.5
DWLR0033,2024-09-05 00:00:00,6.77,36.6
DWLR0033,2024-09-08 00:00:00,6.74,33.5
DWLR0033,2024-09-11 00:00:00,6.76,39.3
DWLR0033,2024-09-14 00:00:00,6.82,35.6
DWLR0033,2024-09-17 00:00:00,6.83,13.4
DWLR0033,2024-09-20 00:00:00,6.8,32.8
DWLR0033,2024-09-23 00:00:00,6.91,21.8
DWLR0033,2024-09-26 00:00:00,6.97,36.4
DWLR0033,2024-09-29 00:00:00,6.91,8.5
DWLR0033,2024-10-02 00:00:00,6.99,2.3
DWLR0033,2024-10-05 00:00:00,7.04,2.6
DWLR0033,2024-10-08 00:00:00,7.13,3.7
DWLR0033,2024-10-11 00:00:00,7.2,1.1
DWLR0033,2024-10-14 00:00:00,7.3,1.6
DWLR0033,2024-10-17 00:00:00,7.38,3.5
DWLR0033,2024-10-20 00:00:00,7.46,2.5
DWLR0033,2024-10-23 00:00:00,7.52,2.9
DWLR0033,2024-10-26 00:00:00,7.62,0.0
DWLR0033,2024-10-29 00:00:00,7.83,4.3
DWLR0033,2024-11-01 00:00:00,7.91,4.6
DWLR0033,2024-11-04 00:00:00,7.98,3.4
DWLR0033,2024-11-07 00:00:00,8.08,4.1
DWLR0033,2024-11-10 00:00:00,8.17,3.8
DWLR0033,2024-11-13 00:00:00,8.34,1.8
DWLR0033,2024-11-16 00:00:00,8.4,1.8
DWLR0033,2024-11-19 00:00:00,8.57,4.1
DWLR0033,2024-11-22 00:00:00,8.64,2.6
DWLR0033,2024-11-25 00:00:00,8.77,2.6
DWLR0033,2024-11-28 00:00:00,8.84,0.6
DWLR0033,2024-12-01 00:00:00,8.88,1.4
DWLR0033,2024-12-04 00:00:00,8.98,2.4
DWLR0033,2024-12-07 00:00:00,8.99,2.6
DWLR0033,2024-12-10 00:00:00,9.16,4.7
DWLR0033,2024-12-13 00:00:00,9.31,4.7
DWLR0033,2024-12-16 00:00:00,9.37,4.4
DWLR0033,2024-12-19 00:00:00,9.37,2.2
DWLR0033,2024-12-22 00:00:00,9.41,2.7
DWLR0033,2024-12-25 00:00:00,9.48,1.8
DWLR0033,2024-12-28 00:00:00,9.58,2.2
DWLR0033,2024-12-31 00:00:00,9.65,0.3
DWLR0033,2025-01-03 00:00:00,9.69,1.6
DWLR0033,2025-01-06 00:00:00,9.73,4.4
DWLR0033,2025-01-09 00:00:00,9.85,0.1
DWLR0033,2025-01-12 00:00:00,9.95,3.5
DWLR0033,2025-01-15 00:00:00,10.07,3.0
DWLR0033,2025-01-18 00:00:00,10.1,0.4
DWLR0033,2025-01-21 00:00:00,10.3,1.4
DWLR0033,2025-01-24 00:00:00,10.37,3.8
DWLR0033,2025-01-27 00:00:00,10.52,1.6
DWLR0033,2025-01-30 00:00:00,10.74,1.2
DWLR0033,2025-02-02 00:00:00,10.8,0.1
DWLR0033,2025-02-05 00:00:00,10.91,0.5
DWLR0033,2025-02-08 00:00:00,10.94,2.5
DWLR0033,2025-02-11 00:00:00,11.05,4.3
DWLR0033,2025-02-14 00:00:00,11.26,2.3
DWLR0033,2025-02-17 00:00:00,11.39,0.5
DWLR0033,2025-02-20 00:00:00,11.47,0.6
DWLR0033,2025-02-23 00:00:00,11.57,2.2
DWLR0033,2025-02-26 00:00:00,11.72,2.7
DWLR0033,2025-03-01 00:00:00,11.77,4.2
DWLR0033,2025-03-04 00:00:00,11.98,0.8
DWLR0033,2025-03-07 00:00:00,12.0,2.6
DWLR0033,2025-03-10 00:00:00,12.06,1.8
DWLR0033,2025-03-13 00:00:00,12.17,2.1
DWLR0033,2025-03-16 00:00:00,12.2,4.1
DWLR0033,2025-03-19 00:00:00,12.31,0.5
DWLR0033,2025-03-22 00:00:00,12.35,2.2
DWLR0033,2025-03-25 00:00:00,12.42,2.1
DWLR0033,2025-03-28 00:00:00,12.57,2.1
DWLR0033,2025-03-31 00:00:00,12.68,4.0
DWLR0033,2025-04-03 00:00:00,12.78,2.4
DWLR0033,2025-04-06 00:00:00,12.99,3.2
DWLR0033,2025-04-09 00:00:00,13.16,1.6
DWLR0033,2025-04-12 00:00:00,13.22,2.8
DWLR0033,2025-04-15 00:00:00,13.39,0.3
DWLR0033,2025-04-18 00:00:00,13.44,1.8
DWLR0033,2025-04-21 00:00:00,13.55,2.8
DWLR0033,2025-04-24 00:00:00,13.63,1.1
DWLR0033,2025-04-27 00:00:00,13.77,0.3
DWLR0033,2025-04-30 00:00:00,13.85,2.3
DWLR0033,2025-05-03 00:00:00,13.83,2.2
DWLR0033,2025-05-06 00:00:00,13.95,4.8
DWLR0033,2025-05-09 00:00:00,14.05,0.8
DWLR0033,2025-05-12 00:00:00,14.2,0.5
DWLR0033,2025-05-15 00:00:00,14.3,4.4
DWLR0033,2025-05-18 00:00:00,14.32,4.9
DWLR0033,2025-05-21 00:00:00,14.38,2.4
DWLR0033,2025-05-24 00:00:00,14.49,2.6
DWLR0033,2025-05-27 00:00:00,14.6,4.5
DWLR0033,2025-05-30 00:00:00,14.64,4.6
DWLR0033,2025-06-02 00:00:00,14.64,34.6
DWLR0033,2025-06-05 00:00:00,14.57,17.6
DWLR0033,2025-06-08 00:00:00,14.61,7.2
DWLR0033,2025-06-11 00:00:00,14.6,11.1
DWLR0033,2025-06-14 00:00:00,14.63,2.9
DWLR0033,2025-06-17 00:00:00,14.7,20.8
DWLR0033,2025-06-20 00:00:00,14.75,17.7
DWLR0033,2025-06-23 00:00:00,14.77,33.3
DWLR0033,2025-06-26 00:00:00,14.76,13.9
DWLR0033,2025-06-29 00:00:00,14.76,14.9
DWLR0033,2025-07-02 00:00:00,14.77,30.9
DWLR0033,2025-07-05 00:00:00,14.8,23.6
DWLR0033,2025-07-08 00:00:00,14.77,16.0
DWLR0033,2025-07-11 00:00:00,14.77,2.5
DWLR0033,2025-07-14 00:00:00,14.78,38.1
DWLR0033,2025-07-17 00:00:00,14.76,8.7
DWLR0033,2025-07-20 00:00:00,14.87,32.3
DWLR0033,2025-07-23 00:00:00,14.88,27.5
DWLR0033,2025-07-26 00:00:00,14.82,15.1
DWLR0033,2025-07-29 00:00:00,14.83,6.0
DWLR0033,2025-08-01 00:00:00,14.87,1.6
DWLR0033,2025-08-04 00:00:00,14.95,4.3
DWLR0033,2025-08-07 00:00:00,14.93,33.6
DWLR0033,2025-08-10 00:00:00,14.96,12.1
DWLR0033,2025-08-13 00:00:00,15.04,32.4
DWLR0033,2025-08-16 00:00:00,15.07,29.1
DWLR0033,2025-08-19 00:00:00,15.09,0.5
DWLR0033,2025-08-22 00:00:00,15.12,7.7
DWLR0033,2025-08-25 00:00:00,15.13,4.5
DWLR0033,2025-08-28 00:00:00,15.12,38.3
DWLR0033,2025-08-31 00:00:00,15.14,25.4
DWLR0033,2025-09-03 00:00:00,15.27,22.7
DWLR0033,2025-09-06 00:00:00,15.36,35.2
DWLR0033,2025-09-09 00:00:00,15.41,4.6
DWLR0033,2025-09-12 00:00:00,15.39,31.1
DWLR0033,2025-09-15 00:00:00,15.34,33.6
DWLR0033,2025-09-18 00:00:00,15.31,0.2
DWLR0033,2025-09-21 00:00:00,15.28,17.3
DWLR0033,2025-09-24 00:00:00,15.25,16.8
DWLR0033,2025-09-27 00:00:00,15.26,11.4
DWLR0033,2025-09-30 00:00:00,15.23,27.0
DWLR0033,2025-10-03 00:00:00,15.32,0.7
DWLR0033,2025-10-06 00:00:00,15.52,3.8
DWLR0033,2025-10-09 00:00:00,15.75,4.9
DWLR0033,2025-10-12 00:00:00,15.82,4.5
DWLR0033,2025-10-15 00:00:00,15.96,1.3
DWLR0033,2025-10-18 00:00:00,16.12,1.0
DWLR0033,2025-10-21 00:00:00,16.13,4.1
DWLR0033,2025-10-24 00:00:00,16.21,2.7
DWLR0033,2025-10-27 00:00:00,16.25,3.1
DWLR0033,2025-10-30 00:00:00,16.38,2.2
DWLR0033,2025-11-02 00:00:00,16.42,1.7
DWLR0033,2025-11-05 00:00:00,16.55,5.0
DWLR0033,2025-11-08 00:00:00,16.72,4.8
DWLR0033,2025-11-11 00:00:00,16.8,2.6
DWLR0033,2025-11-14 00:00:00,16.81,2.8
DWLR0033,2025-11-17 00:00:00,16.89,1.4
DWLR0033,2025-11-20 00:00:00,17.05,4.2
DWLR0033,2025-11-23 00:00:00,17.06,1.2
DWLR0033,2025-11-26 00:00:00,17.16,2.3
DWLR0034,2024-06-01 00:00:00,13.49,19.3
DWLR0034,2024-06-04 00:00:00,13.63,2.5
DWLR0034,2024-06-07 00:00:00,13.68,6.9
DWLR0034,2024-06-10 00:00:00,13.72,24.8
DWLR0034,2024-06-13 00:00:00,13.8,5.3
DWLR0034,2024-06-16 00:00:00,13.83,35.4
DWLR0034,2024-06-19 00:00:00,13.87,27.0
DWLR0034,2024-06-22 00:00:00,13.97,7.5
DWLR0034,2024-06-25 00:00:00,13.97,28.4
DWLR0034,2024-06-28 00:00:00,14.06,21.7
DWLR0034,2024-07-01 00:00:00,14.2,26.7
DWLR0034,2024-07-04 00:00:00,14.32,9.9
DWLR0034,2024-07-07 00:00:00,14.36,15.3
DWLR0034,2024-07-10 00:00:00,14.44,9.7
DWLR0034,2024-07-13 00:00:00,14.58,3.2
DWLR0034,2024-07-16 00:00:00,14.65,29.8
DWLR0034,2024-07-19 00:00:00,14.79,22.8
DWLR0034,2024-07-22 00:00:00,14.94,34.8
DWLR0034,2024-07-25 00:00:00,15.06,5.4
DWLR0034,2024-07-28 00:00:00,15.17,38.1
DWLR0034,2024-07-31 00:00:00,15.17,19.5
DWLR0034,2024-08-03 00:00:00,15.22,35.3
DWLR0034,2024-08-06 00:00:00,15.3,18.6
DWLR0034,2024-08-09 00:00:00,15.39,5.4
DWLR0034,2024-08-12 00:00:00,15.35,10.2
DWLR0034,2024-08-15 00:00:00,15.4,3.4
DWLR0034,2024-08-18 00:00:00,15.47,30.4
DWLR0034,2024-08-21 00:00:00,15.54,32.2
DWLR0034,2024-08-24 00:00:00,15.65,27.8
DWLR0034,2024-08-27 00:00:00,15.81,25.6
DWLR0034,2024-08-30 00:00:00,15.93,26.4
DWLR0034,2024-09-02 00:00:00,16.04,4.6
DWLR0034,2024-09-05 00:00:00,16.13,34.6
DWLR0034,2024-09-08 00:00:00,16.16,14.9
DWLR0034,2024-09-11 00:00:00,16.26,32.8
DWLR0034,2024-09-14 00:00:00,16.3,8.3
DWLR0034,2024-09-17 00:00:00,16.31,0.0
DWLR0034,2024-09-20 00:00:00,16.52,1.2
DWLR0034,2024-09-23 00:00:00,16.6,33.7
DWLR0034,2024-09-26 00:00:00,16.78,33.3
DWLR0034,2024-09-29 00:00:00,16.84,4.8
DWLR0034,2024-10-02 00:00:00,17.0,4.0
DWLR0034,2024-10-05 00:00:00,17.15,4.7
DWLR0034,2024-10-08 00:00:00,17.36,2.2
DWLR0034,2024-10-11 00:00:00,17.53,2.8
DWLR0034,2024-10-14 00:00:00,17.64,3.0
DWLR0034,2024-10-17 00:00:00,17.85,4.8
DWLR0034,2024-10-20 00:00:00,17.95,3.0
DWLR0034,2024-10-23 00:00:00,18.11,4.3
DWLR0034,2024-10-26 00:00:00,18.35,3.8
DWLR0034,2024-10-29 00:00:00,18.59,2.0
DWLR0034,2024-11-01 00:00:00,18.82,0.6
DWLR0034,2024-11-04 00:00:00,19.0,2.3
DWLR0034,2024-11-07 00:00:00,19.26,4.2
DWLR0034,2024-11-10 00:00:00,19.49,3.8
DWLR0034,2024-11-13 00:00:00,19.72,1.2
DWLR0034,2024-11-16 00:00:00,19.85,4.0
DWLR0034,2024-11-19 00:00:00,20.02,1.7
DWLR0034,2024-11-22 00:00:00,20.16,0.9
DWLR0034,2024-11-25 00:00:00,20.31,1.5
DWLR0034,2024-11-28 00:00:00,20.55,2.9
DWLR0034,2024-12-01 00:00:00,20.65,2.9
DWLR0034,2024-12-04 00:00:00,20.77,2.7
DWLR0034,2024-12-07 00:00:00,20.91,3.0
DWLR0034,2024-12-10 00:00:00,21.02,3.0
DWLR0034,2024-12-13 00:00:00,21.26,1.7
DWLR0034,2024-12-16 00:00:00,21.43,2.7
DWLR0034,2024-12-19 00:00:00,21.62,3.9
DWLR0034,2024-12-22 00:00:00,21.8,1.1
DWLR0034,2024-12-25 00:00:00,21.96,0.5
DWLR0034,2024-12-28 00:00:00,22.18,2.4
DWLR0034,2024-12-31 00:00:00,22.28,1.4
DWLR0034,2025-01-03 00:00:00,22.44,3.8
DWLR0034,2025-01-06 00:00:00,22.68,2.6
DWLR0034,2025-01-09 00:00:00,22.82,4.7
DWLR0034,2025-01-12 00:00:00,22.96,2.6
DWLR0034,2025-01-15 00:00:00,23.14,2.4
DWLR0034,2025-01-18 00:00:00,23.3,2.2
DWLR0034,2025-01-21 00:00:00,23.58,3.9
DWLR0034,2025-01-24 00:00:00,23.69,2.2
DWLR0034,2025-01-27 00:00:00,23.89,4.5
DWLR0034,2025-01-30 00:00:00,24.12,2.5
DWLR0034,2025-02-02 00:00:00,24.23,2.7
DWLR0034,2025-02-05 00:00:00,24.52,0.6
DWLR0034,2025-02-08 00:00:00,24.65,2.1
DWLR0034,2025-02-11 00:00:00,24.86,1.3
DWLR0034,2025-02-14 00:00:00,25.04,2.9
DWLR0034,2025-02-17 00:00:00,25.21,3.8
DWLR0034,2025-02-20 00:00:00,25.39,3.2
DWLR0034,2025-02-23 00:00:00,25.6,3.4
DWLR0034,2025-02-26 00:00:00,25.85,3.1
DWLR0034,2025-03-01 00:00:00,26.09,0.3
DWLR0034,2025-03-04 00:00:00,26.21,2.4
DWLR0034,2025-03-07 00:00:00,26.33,2.6
DWLR0034,2025-03-10 00:00:00,26.58,0.4
DWLR0034,2025-03-13 00:00:00,26.76,4.4
DWLR0034,2025-03-16 00:00:00,26.91,3.2
DWLR0034,2025-03-19 00:00:00,27.03,0.6
DWLR0034,2025-03-22 00:00:00,27.19,0.3
DWLR0034,2025-03-25 00:00:00,27.34,3.7
DWLR0034,2025-03-28 00:00:00,27.53,4.6
DWLR0034,2025-03-31 00:00:00,27.75,1.0
DWLR0034,2025-04-03 00:00:00,27.98,3.4
DWLR0034,2025-04-06 00:00:00,28.16,0.6
DWLR0034,2025-04-09 00:00:00,28.34,3.2
DWLR0034,2025-04-12 00:00:00,28.48,1.0
DWLR0034,2025-04-15 00:00:00,28.64,2.9
DWLR0034,2025-04-18 00:00:00,28.87,2.8
DWLR0034,2025-04-21 00:00:00,29.05,0.1
DWLR0034,2025-04-24 00:00:00,29.26,0.2
DWLR0034,2025-04-27 00:00:00,29.47,4.9
DWLR0034,2025-04-30 00:00:00,29.64,3.6
DWLR0034,2025-05-03 00:00:00,29.79,1.4
DWLR0034,2025-05-06 00:00:00,29.91,2.5
DWLR0034,2025-05-09 00:00:00,30.04,3.6
DWLR0034,2025-05-12 00:00:00,30.23,4.4
DWLR0034,2025-05-15 00:00:00,30.43,2.5
DWLR0034,2025-05-18 00:00:00,30.54,0.0
DWLR0034,2025-05-21 00:00:00,30.69,1.1
DWLR0034,2025-05-24 00:00:00,30.96,1.7
DWLR0034,2025-05-27 00:00:00,31.12,3.9
DWLR0034,2025-05-30 00:00:00,31.33,4.1
DWLR0034,2025-06-02 00:00:00,31.41,35.1
DWLR0034,2025-06-05 00:00:00,31.49,12.4
DWLR0034,2025-06-08 00:00:00,31.52,7.7
DWLR0034,2025-06-11 00:00:00,31.53,10.4
DWLR0034,2025-06-14 00:00:00,31.72,37.2
DWLR0034,2025-06-17 00:00:00,31.82,1.8
DWLR0034,2025-06-20 00:00:00,31.93,31.4
DWLR0034,2025-06-23 00:00:00,31.98,37.7
DWLR0034,2025-06-26 00:00:00,32.04,39.1
DWLR0034,2025-06-29 00:00:00,32.13,24.6
DWLR0034,2025-07-02 00:00:00,32.26,21.1
DWLR0034,2025-07-05 00:00:00,32.34,25.2
DWLR0034,2025-07-08 00:00:00,32.39,3.4
DWLR0034,2025-07-11 00:00:00,32.48,4.7
DWLR0034,2025-07-14 00:00:00,32.55,3.4
DWLR0034,2025-07-17 00:00:00,32.71,0.7
DWLR0034,2025-07-20 00:00:00,32.8,12.5
DWLR0034,2025-07-23 00:00:00,32.87,19.1
DWLR0034,2025-07-26 00:00:00,32.97,12.4
DWLR0034,2025-07-29 00:00:00,33.09,34.1
DWLR0034,2025-08-01 00:00:00,33.18,15.7
DWLR0034,2025-08-04 00:00:00,33.25,13.0
DWLR0034,2025-08-07 00:00:00,33.3,14.0
DWLR0034,2025-08-10 00:00:00,33.43,25.9
DWLR0034,2025-08-13 00:00:00,33.61,26.8
DWLR0034,2025-08-16 00:00:00,33.61,37.9
DWLR0034,2025-08-19 00:00:00,33.75,30.4
DWLR0034,2025-08-22 00:00:00,33.84,0.4
DWLR0034,2025-08-25 00:00:00,33.93,17.9
DWLR0034,2025-08-28 00:00:00,33.98,15.9
DWLR0034,2025-08-31 00:00:00,34.01,34.3
DWLR0034,2025-09-03 00:00:00,34.02,2.2
DWLR0034,2025-09-06 00:00:00,34.11,17.6
DWLR0034,2025-09-09 00:00:00,34.12,23.7
DWLR0034,2025-09-12 00:00:00,34.28,23.4
DWLR0034,2025-09-15 00:00:00,34.42,14.6
DWLR0034,2025-09-18 00:00:00,34.52,18.6
DWLR0034,2025-09-21 00:00:00,34.57,17.0
DWLR0034,2025-09-24 00:00:00,34.71,36.3
DWLR0034,2025-09-27 00:00:00,34.74,30.6
DWLR0034,2025-09-30 00:00:00,34.81,29.6
DWLR0034,2025-10-03 00:00:00,34.96,1.8
DWLR0034,2025-10-06 00:00:00,35.14,4.7
DWLR0034,2025-10-09 00:00:00,35.36,0.7
DWLR0034,2025-10-12 00:00:00,35.58,4.7
DWLR0034,2025-10-15 00:00:00,35.74,3.5
DWLR0034,2025-10-18 00:00:00,35.91,4.5
DWLR0034,2025-10-21 00:00:00,36.03,0.8
DWLR0034,2025-10-24 00:00:00,36.24,3.6
DWLR0034,2025-10-27 00:00:00,36.44,1.7
DWLR0034,2025-10-30 00:00:00,36.67,3.1
DWLR0034,2025-11-02 00:00:00,36.9,2.5
DWLR0034,2025-11-05 00:00:00,37.01,0.1
DWLR0034,2025-11-08 00:00:00,37.1,3.3
DWLR0034,2025-11-11 00:00:00,37.32,0.8
DWLR0034,2025-11-14 00:00:00,37.43,2.2
DWLR0034,2025-11-17 00:00:00,37.66,4.0
DWLR0034,2025-11-20 00:00:00,37.91,2.2
DWLR0034,2025-11-23 00:00:00,38.12,1.3
DWLR0034,2025-11-26 00:00:00,38.3,2.5
DWLR0035,2024-06-01 00:00:00,20.01,24.1
DWLR0035,2024-06-04 00:00:00,19.96,17.6
DWLR0035,2024-06-07 00:00:00,19.82,28.5
DWLR0035,2024-06-10 00:00:00,19.77,12.1
DWLR0035,2024-06-13 00:00:00,19.72,12.8
DWLR0035,2024-06-16 00:00:00,19.69,16.1
DWLR0035,2024-06-19 00:00:00,19.56,4.8
DWLR0035,2024-06-22 00:00:00,19.56,34.9
DWLR0035,2024-06-25 00:00:00,19.54,9.6
DWLR0035,2024-06-28 00:00:00,19.5,34.4
DWLR0035,2024-07-01 00:00:00,19.42,16.8
DWLR0035,2024-07-04 00:00:00,19.26,5.6
DWLR0035,2024-07-07 00:00:00,19.32,22.1
DWLR0035,2024-07-10 00:00:00,19.33,22.0
DWLR0035,2024-07-13 00:00:00,19.29,31.7
DWLR0035,2024-07-16 00:00:00,19.2,1.3
DWLR0035,2024-07-19 00:00:00,19.17,0.7
DWLR0035,2024-07-22 00:00:00,19.13,19.1
DWLR0035,2024-07-25 00:00:00,19.09,2.0
DWLR0035,2024-07-28 00:00:00,19.04,26.9
DWLR0035,2024-07-31 00:00:00,18.98,2.2
DWLR0035,2024-08-03 00:00:00,18.99,7.8
DWLR0035,2024-08-06 00:00:00,18.83,31.6
DWLR0035,2024-08-09 00:00:00,18.83,39.4
DWLR0035,2024-08-12 00:00:00,18.83,24.9
DWLR0035,2024-08-15 00:00:00,18.77,9.1
DWLR0035,2024-08-18 00:00:00,18.68,6.9
DWLR0035,2024-08-21 00:00:00,18.57,4.5
DWLR0035,2024-08-24 00:00:00,18.53,11.8
DWLR0035,2024-08-27 00:00:00,18.47,31.5
DWLR0035,2024-08-30 00:00:00,18.43,33.2
DWLR0035,2024-09-02 00:00:00,18.35,39.5
DWLR0035,2024-09-05 00:00:00,18.37,14.6
DWLR0035,2024-09-08 00:00:00,18.24,1.5
DWLR0035,2024-09-11 00:00:00,18.23,29.3
DWLR0035,2024-09-14 00:00:00,18.12,30.6
DWLR0035,2024-09-17 00:00:00,18.03,32.2
DWLR0035,2024-09-20 00:00:00,17.9,12.5
DWLR0035,2024-09-23 00:00:00,17.86,13.1
DWLR0035,2024-09-26 00:00:00,17.76,2.2
DWLR0035,2024-09-29 00:00:00,17.72,15.9
DWLR0035,2024-10-02 00:00:00,17.8,4.8
DWLR0035,2024-10-05 00:00:00,17.75,4.0
DWLR0035,2024-10-08 00:00:00,17.81,3.0
DWLR0035,2024-10-11 00:00:00,17.88,0.0
DWLR0035,2024-10-14 00:00:00,17.97,3.2
DWLR0035,2024-10-17 00:00:00,17.9,4.0
DWLR0035,2024-10-20 00:00:00,17.81,3.5
DWLR0035,2024-10-23 00:00:00,17.95,0.3
DWLR0035,2024-10-26 00:00:00,17.89,1.0
DWLR0035,2024-10-29 00:00:00,17.95,1.8
DWLR0035,2024-11-01 00:00:00,17.94,3.1
DWLR0035,2024-11-04 00:00:00,17.98,2.0
DWLR0035,2024-11-07 00:00:00,18.04,4.2
DWLR0035,2024-11-10 00:00:00,18.04,1.2
DWLR0035,2024-11-13 00:00:00,18.06,0.8
DWLR0035,2024-11-16 00:00:00,18.14,4.4
DWLR0035,2024-11-19 00:00:00,18.14,0.4
DWLR0035,2024-11-22 00:00:00,18.24,4.6
DWLR0035,2024-11-25 00:00:00,18.26,0.3
DWLR0035,2024-11-28 00:00:00,18.26,3.2
DWLR0035,2024-12-01 00:00:00,18.31,1.9
DWLR0035,2024-12-04 00:00:00,18.26,2.7
DWLR0035,2024-12-07 00:00:00,18.29,0.8
DWLR0035,2024-12-10 00:00:00,18.41,2.1
DWLR0035,2024-12-13 00:00:00,18.36,3.7
DWLR0035,2024-12-16 00:00:00,18.42,4.4
DWLR0035,2024-12-19 00:00:00,18.48,1.4
DWLR0035,2024-12-22 00:00:00,18.52,0.3
DWLR0035,2024-12-25 00:00:00,18.53,4.7
DWLR0035,2024-12-28 00:00:00,18.57,0.3
DWLR0035,2024-12-31 00:00:00,18.6,2.1
DWLR0035,2025-01-03 00:00:00,18.65,4.0
DWLR0035,2025-01-06 00:00:00,18.69,2.1
DWLR0035,2025-01-09 00:00:00,18.7,0.9
DWLR0035,2025-01-12 00:00:00,18.78,1.6
DWLR0035,2025-01-15 00:00:00,18.78,4.4
DWLR0035,2025-01-18 00:00:00,18.83,1.5
DWLR0035,2025-01-21 00:00:00,18.85,4.7
DWLR0035,2025-01-24 00:00:00,18.83,4.2
DWLR0035,2025-01-27 00:00:00,18.9,2.6
DWLR0035,2025-01-30 00:00:00,19.04,1.4
DWLR0035,2025-02-02 00:00:00,19.06,1.9
DWLR0035,2025-02-05 00:00:00,19.15,2.4
DWLR0035,2025-02-08 00:00:00,19.21,4.2
DWLR0035,2025-02-11 00:00:00,19.2,1.3
DWLR0035,2025-02-14 00:00:00,19.2,2.6
DWLR0035,2025-02-17 00:00:00,19.22,3.1
DWLR0035,2025-02-20 00:00:00,19.22,3.0
DWLR0035,2025-02-23 00:00:00,19.24,0.8
DWLR0035,2025-02-26 00:00:00,19.32,3.2
DWLR0035,2025-03-01 00:00:00,19.37,4.3
DWLR0035,2025-03-04 00:00:00,19.41,3.9
DWLR0035,2025-03-07 00:00:00,19.37,4.9
DWLR0035,2025-03-10 00:00:00,19.38,3.8
DWLR0035,2025-03-13 00:00:00,19.32,0.7
DWLR0035,2025-03-16 00:00:00,19.44,0.9
DWLR0035,2025-03-19 00:00:00,19.46,1.1
DWLR0035,2025-03-22 00:00:00,19.54,2.3
DWLR0035,2025-03-25 00:00:00,19.45,3.3
DWLR0035,2025-03-28 00:00:00,19.48,4.3
DWLR0035,2025-03-31 00:00:00,19.47,3.0
DWLR0035,2025-04-03 00:00:00,19.4,3.2
DWLR0035,2025-04-06 00:00:00,19.39,4.3
DWLR0035,2025-04-09 00:00:00,19.4,4.8
DWLR0035,2025-04-12 00:00:00,19.41,3.4
DWLR0035,2025-04-15 00:00:00,19.49,1.1
DWLR0035,2025-04-18 00:00:00,19.48,0.7
DWLR0035,2025-04-21 00:00:00,19.54,0.6
DWLR0035,2025-04-24 00:00:00,19.51,1.2
DWLR0035,2025-04-27 00:00:00,19.56,3.4
DWLR0035,2025-04-30 00:00:00,19.6,3.9
DWLR0035,2025-05-03 00:00:00,19.6,0.6
DWLR0035,2025-05-06 00:00:00,19.54,3.8
DWLR0035,2025-05-09 00:00:00,19.63,3.6
DWLR0035,2025-05-12 00:00:00,19.62,2.6
DWLR0035,2025-05-15 00:00:00,19.7,0.6
DWLR0035,2025-05-18 00:00:00,19.77,1.9
DWLR0035,2025-05-21 00:00:00,19.8,1.9
DWLR0035,2025-05-24 00:00:00,19.82,3.0
DWLR0035,2025-05-27 00:00:00,19.82,1.4
DWLR0035,2025-05-30 00:00:00,19.86,4.0
DWLR0035,2025-06-02 00:00:00,19.81,14.6
DWLR0035,2025-06-05 00:00:00,19.68,36.6
DWLR0035,2025-06-08 00:00:00,19.74,36.7
DWLR0035,2025-06-11 00:00:00,19.67,32.4
DWLR0035,2025-06-14 00:00:00,19.65,5.5
DWLR0035,2025-06-17 00:00:00,19.65,38.5
DWLR0035,2025-06-20 00:00:00,19.55,30.8
DWLR0035,2025-06-23 00:00:00,19.51,17.8
DWLR0035,2025-06-26 00:00:00,19.43,26.5
DWLR0035,2025-06-29 00:00:00,19.36,2.8
DWLR0035,2025-07-02 00:00:00,19.24,29.7
DWLR0035,2025-07-05 00:00:00,19.07,27.4
DWLR0035,2025-07-08 00:00:00,18.97,8.6
DWLR0035,2025-07-11 00:00:00,18.88,5.5
DWLR0035,2025-07-14 00:00:00,18.78,19.1
DWLR0035,2025-07-17 00:00:00,18.8,5.1
DWLR0035,2025-07-20 00:00:00,18.77,36.8
DWLR0035,2025-07-23 00:00:00,18.67,1.0
DWLR0035,2025-07-26 00:00:00,18.67,4.8
DWLR0035,2025-07-29 00:00:00,18.56,24.9
DWLR0035,2025-08-01 00:00:00,18.51,27.8
DWLR0035,2025-08-04 00:00:00,18.53,32.1
DWLR0035,2025-08-07 00:00:00,18.58,11.1
DWLR0035,2025-08-10 00:00:00,18.53,21.5
DWLR0035,2025-08-13 00:00:00,18.36,12.6
DWLR0035,2025-08-16 00:00:00,18.28,14.8
DWLR0035,2025-08-19 00:00:00,18.19,31.5
DWLR0035,2025-08-22 00:00:00,18.1,23.9
DWLR0035,2025-08-25 00:00:00,17.95,25.1
DWLR0035,2025-08-28 00:00:00,17.88,19.2
DWLR0035,2025-08-31 00:00:00,17.85,12.4
DWLR0035,2025-09-03 00:00:00,17.67,11.7
DWLR0035,2025-09-06 00:00:00,17.58,8.4
DWLR0035,2025-09-09 00:00:00,17.53,11.3
DWLR0035,2025-09-12 00:00:00,17.46,12.7
DWLR0035,2025-09-15 00:00:00,17.36,13.3
DWLR0035,2025-09-18 00:00:00,17.18,32.6
DWLR0035,2025-09-21 00:00:00,17.06,22.6
DWLR0035,2025-09-24 00:00:00,16.96,33.5
DWLR0035,2025-09-27 00:00:00,16.93,19.2
DWLR0035,2025-09-30 00:00:00,16.99,32.7
DWLR0035,2025-10-03 00:00:00,16.98,4.1
DWLR0035,2025-10-06 00:00:00,16.99,1.5
DWLR0035,2025-10-09 00:00:00,16.97,2.1
DWLR0035,2025-10-12 00:00:00,16.96,3.4
DWLR0035,2025-10-15 00:00:00,16.94,4.3
DWLR0035,2025-10-18 00:00:00,17.02,3.7
DWLR0035,2025-10-21 00:00:00,17.14,3.9
DWLR0035,2025-10-24 00:00:00,17.25,4.6
DWLR0035,2025-10-27 00:00:00,17.25,0.0
DWLR0035,2025-10-30 00:00:00,17.31,2.0
DWLR0035,2025-11-02 00:00:00,17.35,4.2
DWLR0035,2025-11-05 00:00:00,17.37,2.0
DWLR0035,2025-11-08 00:00:00,17.41,4.6
DWLR0035,2025-11-11 00:00:00,17.39,2.8
DWLR0035,2025-11-14 00:00:00,17.46,1.5
DWLR0035,2025-11-17 00:00:00,17.5,3.5
DWLR0035,2025-11-20 00:00:00,17.45,1.3
DWLR0035,2025-11-23 00:00:00,17.47,2.9
DWLR0035,2025-11-26 00:00:00,17.56,2.2
DWLR0036,2024-06-01 00:00:00,12.49,35.6
DWLR0036,2024-06-04 00:00:00,12.63,34.2
DWLR0036,2024-06-07 00:00:00,12.68,1.4
DWLR0036,2024-06-10 00:00:00,12.73,14.6
DWLR0036,2024-06-13 00:00:00,12.77,24.7
DWLR0036,2024-06-16 00:00:00,12.81,18.3
DWLR0036,2024-06-19 00:00:00,12.87,36.3
DWLR0036,2024-06-22 00:00:00,12.99,26.2
DWLR0036,2024-06-25 00:00:00,13.04,13.5
DWLR0036,2024-06-28 00:00:00,13.05,22.6
DWLR0036,2024-07-01 00:00:00,13.04,29.3
DWLR0036,2024-07-04 00:00:00,13.08,13.1
DWLR0036,2024-07-07 00:00:00,13.1,10.9
DWLR0036,2024-07-10 00:00:00,13.28,0.9
DWLR0036,2024-07-13 00:00:00,13.36,31.1
DWLR0036,2024-07-16 00:00:00,13.43,24.0
DWLR0036,2024-07-19 00:00:00,13.45,19.3
DWLR0036,2024-07-22 00:00:00,13.54,31.2
DWLR0036,2024-07-25 00:00:00,13.65,22.6
DWLR0036,2024-07-28 00:00:00,13.64,0.9
DWLR0036,2024-07-31 00:00:00,13.69,4.0
DWLR0036,2024-08-03 00:00:00,13.77,20.4
DWLR0036,2024-08-06 00:00:00,13.73,30.2
DWLR0036,2024-08-09 00:00:00,13.87,19.2
DWLR0036,2024-08-12 00:00:00,13.86,31.2
DWLR0036,2024-08-15 00:00:00,13.91,25.5
DWLR0036,2024-08-18 00:00:00,13.98,12.0
DWLR0036,2024-08-21 00:00:00,14.0,18.5
DWLR0036,2024-08-24 00:00:00,14.05,39.1
DWLR0036,2024-08-27 00:00:00,14.13,30.0
DWLR0036,2024-08-30 00:00:00,14.21,25.9
DWLR0036,2024-09-02 00:00:00,14.26,27.0
DWLR0036,2024-09-05 00:00:00,14.43,35.5
DWLR0036,2024-09-08 00:00:00,14.45,25.1
DWLR0036,2024-09-11 00:00:00,14.59,7.2
DWLR0036,2024-09-14 00:00:00,14.66,8.2
DWLR0036,2024-09-17 00:00:00,14.62,6.3
DWLR0036,2024-09-20 00:00:00,14.67,27.0
DWLR0036,2024-09-23 00:00:00,14.75,18.5
DWLR0036,2024-09-26 00:00:00,14.83,22.8
DWLR0036,2024-09-29 00:00:00,14.94,17.7
DWLR0036,2024-10-02 00:00:00,15.11,0.4
DWLR0036,2024-10-05 00:00:00,15.23,1.9
DWLR0036,2024-10-08 00:00:00,15.35,3.7
DWLR0036,2024-10-11 00:00:00,15.48,1.3
DWLR0036,2024-10-14 00:00:00,15.65,3.9
DWLR0036,2024-10-17 00:00:00,15.8,2.1
DWLR0036,2024-10-20 00:00:00,15.95,1.6
DWLR0036,2024-10-23 00:00:00,15.99,4.4
DWLR0036,2024-10-26 00:00:00,16.12,4.4
DWLR0036,2024-10-29 00:00:00,16.35,4.9
DWLR0036,2024-11-01 00:00:00,16.48,2.1
DWLR0036,2024-11-04 00:00:00,16.52,4.7
DWLR0036,2024-11-07 00:00:00,16.69,3.0
DWLR0036,2024-11-10 00:00:00,16.78,3.3
DWLR0036,2024-11-13 00:00:00,17.0,2.8
DWLR0036,2024-11-16 00:00:00,17.19,0.1
DWLR0036,2024-11-19 00:00:00,17.33,3.0
DWLR0036,2024-11-22 00:00:00,17.53,4.8
DWLR0036,2024-11-25 00:00:00,17.61,0.3
DWLR0036,2024-11-28 00:00:00,17.79,0.3
DWLR0036,2024-12-01 00:00:00,18.03,1.6
DWLR0036,2024-12-04 00:00:00,18.23,4.8
DWLR0036,2024-12-07 00:00:00,18.39,4.0
DWLR0036,2024-12-10 00:00:00,18.54,1.6
DWLR0036,2024-12-13 00:00:00,18.71,0.0
DWLR0036,2024-12-16 00:00:00,18.79,3.0
DWLR0036,2024-12-19 00:00:00,18.94,3.8
DWLR0036,2024-12-22 00:00:00,19.04,2.5
DWLR0036,2024-12-25 00:00:00,19.22,1.8
DWLR0036,2024-12-28 00:00:00,19.42,1.8
DWLR0036,2024-12-31 00:00:00,19.55,4.8
DWLR0036,2025-01-03 00:00:00,19.74,4.9
DWLR0036,2025-01-06 00:00:00,19.98,2.5
DWLR0036,2025-01-09 00:00:00,20.06,1.6
DWLR0036,2025-01-12 00:00:00,20.2,0.9
DWLR0036,2025-01-15 00:00:00,20.38,1.3
DWLR0036,2025-01-18 00:00:00,20.56,4.6
DWLR0036,2025-01-21 00:00:00,20.66,2.1
DWLR0036,2025-01-24 00:00:00,20.73,4.7
DWLR0036,2025-01-27 00:00:00,20.85,0.2
DWLR0036,2025-01-30 00:00:00,20.96,2.5
DWLR0036,2025-02-02 00:00:00,21.14,3.6
DWLR0036,2025-02-05 00:00:00,21.35,0.9
DWLR0036,2025-02-08 00:00:00,21.48,4.6
DWLR0036,2025-02-11 00:00:00,21.59,3.6
DWLR0036,2025-02-14 00:00:00,21.83,1.3
DWLR0036,2025-02-17 00:00:00,21.93,4.8
DWLR0036,2025-02-20 00:00:00,22.15,2.3
DWLR0036,2025-02-23 00:00:00,22.32,0.9
DWLR0036,2025-02-26 00:00:00,22.48,2.3
DWLR0036,2025-03-01 00:00:00,22.73,0.1
DWLR0036,2025-03-04 00:00:00,22.8,2.7
DWLR0036,2025-03-07 00:00:00,22.94,2.5
DWLR0036,2025-03-10 00:00:00,23.11,0.2
DWLR0036,2025-03-13 00:00:00,23.26,1.7
DWLR0036,2025-03-16 00:00:00,23.35,1.9
DWLR0036,2025-03-19 00:00:00,23.47,4.8
DWLR0036,2025-03-22 00:00:00,23.7,0.3
DWLR0036,2025-03-25 00:00:00,23.88,0.7
DWLR0036,2025-03-28 00:00:00,23.93,2.7
DWLR0036,2025-03-31 00:00:00,24.13,4.0
DWLR0036,2025-04-03 00:00:00,24.33,4.6
DWLR0036,2025-04-06 00:00:00,24.52,3.8
DWLR0036,2025-04-09 00:00:00,24.7,1.4
DWLR0036,2025-04-12 00:00:00,24.96,1.2
DWLR0036,2025-04-15 00:00:00,25.09,4.2
DWLR0036,2025-04-18 00:00:00,25.31,2.5
DWLR0036,2025-04-21 00:00:00,25.45,3.1
DWLR0036,2025-04-24 00:00:00,25.6,4.7
DWLR0036,2025-04-27 00:00:00,25.7,3.3
DWLR0036,2025-04-30 00:00:00,25.81,0.9
DWLR0036,2025-05-03 00:00:00,25.92,4.3
DWLR0036,2025-05-06 00:00:00,26.14,2.4
DWLR0036,2025-05-09 00:00:00,26.28,0.1
DWLR0036,2025-05-12 00:00:00,26.35,1.6
DWLR0036,2025-05-15 00:00:00,26.39,4.2
DWLR0036,2025-05-18 00:00:00,26.52,4.0
DWLR0036,2025-05-21 00:00:00,26.66,1.8
DWLR0036,2025-05-24 00:00:00,26.81,1.3
DWLR0036,2025-05-27 00:00:00,26.88,4.8
DWLR0036,2025-05-30 00:00:00,27.1,3.7
DWLR0036,2025-06-02 00:00:00,27.16,32.1
DWLR0036,2025-06-05 00:00:00,27.19,22.9
DWLR0036,2025-06-08 00:00:00,27.28,1.7
DWLR0036,2025-06-11 00:00:00,27.31,39.2
DWLR0036,2025-06-14 00:00:00,27.35,33.2
DWLR0036,2025-06-17 00:00:00,27.43,5.5
DWLR0036,2025-06-20 00:00:00,27.42,23.1
DWLR0036,2025-06-23 00:00:00,27.51,7.8
DWLR0036,2025-06-26 00:00:00,27.64,31.7
DWLR0036,2025-06-29 00:00:00,27.75,23.3
DWLR0036,2025-07-02 00:00:00,27.86,39.2
DWLR0036,2025-07-05 00:00:00,27.96,9.6
DWLR0036,2025-07-08 00:00:00,28.04,8.4
DWLR0036,2025-07-11 00:00:00,28.1,22.8
DWLR0036,2025-07-14 00:00:00,28.08,19.8
DWLR0036,2025-07-17 00:00:00,28.1,17.4
DWLR0036,2025-07-20 00:00:00,28.16,15.5
DWLR0036,2025-07-23 00:00:00,28.24,17.1
DWLR0036,2025-07-26 00:00:00,28.23,2.3
DWLR0036,2025-07-29 00:00:00,28.39,1.7
DWLR0036,2025-08-01 00:00:00,28.44,18.6
DWLR0036,2025-08-04 00:00:00,28.49,5.5
DWLR0036,2025-08-07 00:00:00,28.54,16.6
DWLR0036,2025-08-10 00:00:00,28.62,26.0
DWLR0036,2025-08-13 00:00:00,28.71,35.4
DWLR0036,2025-08-16 00:00:00,28.82,6.4
DWLR0036,2025-08-19 00:00:00,28.93,10.7
DWLR0036,2025-08-22 00:00:00,28.99,23.9
DWLR0036,2025-08-25 00:00:00,29.03,24.2
DWLR0036,2025-08-28 00:00:00,29.02,29.0
DWLR0036,2025-08-31 00:00:00,29.06,21.2
DWLR0036,2025-09-03 00:00:00,29.14,37.8
DWLR0036,2025-09-06 00:00:00,29.2,27.7
DWLR0036,2025-09-09 00:00:00,29.26,26.8
DWLR0036,2025-09-12 00:00:00,29.34,2.2
DWLR0036,2025-09-15 00:00:00,29.43,25.6
DWLR0036,2025-09-18 00:00:00,29.44,6.9
DWLR0036,2025-09-21 00:00:00,29.57,5.1
DWLR0036,2025-09-24 00:00:00,29.7,3.2
DWLR0036,2025-09-27 00:00:00,29.77,29.4
DWLR0036,2025-09-30 00:00:00,29.8,19.1
DWLR0036,2025-10-03 00:00:00,29.89,3.6
DWLR0036,2025-10-06 00:00:00,30.01,3.6
DWLR0036,2025-10-09 00:00:00,30.09,2.6
DWLR0036,2025-10-12 00:00:00,30.31,1.3
DWLR0036,2025-10-15 00:00:00,30.45,0.7
DWLR0036,2025-10-18 00:00:00,30.61,3.2
DWLR0036,2025-10-21 00:00:00,30.76,3.9
DWLR0036,2025-10-24 00:00:00,30.92,0.8
DWLR0036,2025-10-27 00:00:00,31.15,0.5
DWLR0036,2025-10-30 00:00:00,31.35,4.6
DWLR0036,2025-11-02 00:00:00,31.52,4.0
DWLR0036,2025-11-05 00:00:00,31.68,3.2
DWLR0036,2025-11-08 00:00:00,31.82,2.2
DWLR0036,2025-11-11 00:00:00,31.94,0.3
DWLR0036,2025-11-14 00:00:00,32.13,3.9
DWLR0036,2025-11-17 00:00:00,32.23,0.2
DWLR0036,2025-11-20 00:00:00,32.44,3.2
DWLR0036,2025-11-23 00:00:00,32.45,4.5
DWLR0036,2025-11-26 00:00:00,32.56,3.0
DWLR0037,2024-06-01 00:00:00,11.18,35.4
DWLR0037,2024-06-04 00:00:00,11.16,11.9
DWLR0037,2024-06-07 00:00:00,11.22,7.2
DWLR0037,2024-06-10 00:00:00,11.3,18.3
DWLR0037,2024-06-13 00:00:00,11.29,16.5
DWLR0037,2024-06-16 00:00:00,11.27,30.0
DWLR0037,2024-06-19 00:00:00,11.19,4.7
DWLR0037,2024-06-22 00:00:00,11.19,1.3
DWLR0037,2024-06-25 00:00:00,11.08,31.6
DWLR0037,2024-06-28 00:00:00,11.05,5.6
DWLR0037,2024-07-01 00:00:00,11.07,11.4
DWLR0037,2024-07-04 00:00:00,11.06,6.3
DWLR0037,2024-07-07 00:00:00,11.07,38.2
DWLR0037,2024-07-10 00:00:00,11.06,36.9
DWLR0037,2024-07-13 00:00:00,11.03,35.3
DWLR0037,2024-07-16 00:00:00,11.03,30.5
DWLR0037,2024-07-19 00:00:00,10.98,0.8
DWLR0037,2024-07-22 00:00:00,11.04,28.2
DWLR0037,2024-07-25 00:00:00,11.03,23.7
DWLR0037,2024-07-28 00:00:00,11.04,27.7
DWLR0037,2024-07-31 00:00:00,11.05,37.7
DWLR0037,2024-08-03 00:00:00,11.07,19.2
DWLR0037,2024-08-06 00:00:00,11.14,4.1
DWLR0037,2024-08-09 00:00:00,11.21,0.9
DWLR0037,2024-08-12 00:00:00,11.2,6.6
DWLR0037,2024-08-15 00:00:00,11.17,5.1
DWLR0037,2024-08-18 00:00:00,11.11,36.8
DWLR0037,2024-08-21 00:00:00,11.15,18.8
DWLR0037,2024-08-24 00:00:00,11.2,9.1
DWLR0037,2024-08-27 00:00:00,11.21,39.8
DWLR0037,2024-08-30 00:00:00,11.19,27.7
DWLR0037,2024-09-02 00:00:00,11.26,9.6
DWLR0037,2024-09-05 00:00:00,11.21,31.3
DWLR0037,2024-09-08 00:00:00,11.22,27.6
DWLR0037,2024-09-11 00:00:00,11.24,7.3
DWLR0037,2024-09-14 00:00:00,11.24,10.5
DWLR0037,2024-09-17 00:00:00,11.25,18.2
DWLR0037,2024-09-20 00:00:00,11.17,25.8
DWLR0037,2024-09-23 00:00:00,11.05,16.2
DWLR0037,2024-09-26 00:00:00,11.09,17.1
DWLR0037,2024-09-29 00:00:00,11.05,29.5
DWLR0037,2024-10-02 00:00:00,11.12,2.2
DWLR0037,2024-10-05 00:00:00,11.31,1.0
DWLR0037,2024-10-08 00:00:00,11.46,4.1
DWLR0037,2024-10-11 00:00:00,11.49,3.4
DWLR0037,2024-10-14 00:00:00,11.62,2.6
DWLR0037,2024-10-17 00:00:00,11.72,1.8
DWLR0037,2024-10-20 00:00:00,11.75,4.3
DWLR0037,2024-10-23 00:00:00,11.84,3.7
DWLR0037,2024-10-26 00:00:00,11.98,1.1
DWLR0037,2024-10-29 00:00:00,12.11,4.4
DWLR0037,2024-11-01 00:00:00,12.15,0.3
DWLR0037,2024-11-04 00:00:00,12.14,2.1
DWLR0037,2024-11-07 00:00:00,12.22,4.6
DWLR0037,2024-11-10 00:00:00,12.38,4.7
DWLR0037,2024-11-13 00:00:00,12.38,0.5
DWLR0037,2024-11-16 00:00:00,12.49,4.9
DWLR0037,2024-11-19 00:00:00,12.57,0.8
DWLR0037,2024-11-22 00:00:00,12.65,0.9
DWLR0037,2024-11-25 00:00:00,12.69,3.7
DWLR0037,2024-11-28 00:00:00,12.78,4.3
DWLR0037,2024-12-01 00:00:00,12.8,3.3
DWLR0037,2024-12-04 00:00:00,12.9,2.8
DWLR0037,2024-12-07 00:00:00,13.04,3.3
DWLR0037,2024-12-10 00:00:00,13.1,4.7
DWLR0037,2024-12-13 00:00:00,13.16,1.8
DWLR0037,2024-12-16 00:00:00,13.23,2.2
DWLR0037,2024-12-19 00:00:00,13.31,0.6
DWLR0037,2024-12-22 00:00:00,13.32,0.1
DWLR0037,2024-12-25 00:00:00,13.36,4.8
DWLR0037,2024-12-28 00:00:00,13.37,0.0
DWLR0037,2024-12-31 00:00:00,13.48,3.8
DWLR0037,2025-01-03 00:00:00,13.52,1.5
DWLR0037,2025-01-06 00:00:00,13.61,3.7
DWLR0037,2025-01-09 00:00:00,13.78,0.4
DWLR0037,2025-01-12 00:00:00,13.85,4.0
DWLR0037,2025-01-15 00:00:00,13.94,3.8
DWLR0037,2025-01-18 00:00:00,13.98,0.5
DWLR0037,2025-01-21 00:00:00,14.01,4.2
DWLR0037,2025-01-24 00:00:00,14.11,3.0
DWLR0037,2025-01-27 00:00:00,14.19,2.9
DWLR0037,2025-01-30 00:00:00,14.27,2.4
DWLR0037,2025-02-02 00:00:00,14.33,2.2
DWLR0037,2025-02-05 00:00:00,14.42,3.3
DWLR0037,2025-02-08 00:00:00,14.52,0.5
DWLR0037,2025-02-11 00:00:00,14.61,3.4
DWLR0037,2025-02-14 00:00:00,14.65,3.0
DWLR0037,2025-02-17 00:00:00,14.78,1.6
DWLR0037,2025-02-20 00:00:00,14.83,3.9
DWLR0037,2025-02-23 00:00:00,14.95,2.2
DWLR0037,2025-02-26 00:00:00,15.06,0.1
DWLR0037,2025-03-01 00:00:00,15.17,2.4
DWLR0037,2025-03-04 00:00:00,15.16,3.8
DWLR0037,2025-03-07 00:00:00,15.27,4.2
DWLR0037,2025-03-10 00:00:00,15.29,0.8
DWLR0037,2025-03-13 00:00:00,15.45,3.2
DWLR0037,2025-03-16 00:00:00,15.48,4.0
DWLR0037,2025-03-19 00:00:00,15.56,3.3
DWLR0037,2025-03-22 00:00:00,15.64,4.0
DWLR0037,2025-03-25 00:00:00,15.69,0.4
DWLR0037,2025-03-28 00:00:00,15.82,3.0
DWLR0037,2025-03-31 00:00:00,15.88,3.4
DWLR0037,2025-04-03 00:00:00,15.95,0.8
DWLR0037,2025-04-06 00:00:00,16.13,3.1
DWLR0037,2025-04-09 00:00:00,16.22,2.5
DWLR0037,2025-04-12 00:00:00,16.34,0.4
DWLR0037,2025-04-15 00:00:00,16.52,4.4
DWLR0037,2025-04-18 00:00:00,16.65,1.4
DWLR0037,2025-04-21 00:00:00,16.86,1.7
DWLR0037,2025-04-24 00:00:00,16.96,1.3
DWLR0037,2025-04-27 00:00:00,17.05,2.4
DWLR0037,2025-04-30 00:00:00,17.07,3.7
DWLR0037,2025-05-03 00:00:00,17.16,0.9
DWLR0037,2025-05-06 00:00:00,17.17,3.2
DWLR0037,2025-05-09 00:00:00,17.26,1.1
DWLR0037,2025-05-12 00:00:00,17.36,4.3
DWLR0037,2025-05-15 00:00:00,17.52,2.2
DWLR0037,2025-05-18 00:00:00,17.63,4.3
DWLR0037,2025-05-21 00:00:00,17.64,1.9
DWLR0037,2025-05-24 00:00:00,17.66,3.2
DWLR0037,2025-05-27 00:00:00,17.75,3.9
DWLR0037,2025-05-30 00:00:00,17.9,4.5
DWLR0037,2025-06-02 00:00:00,17.91,14.5
DWLR0037,2025-06-05 00:00:00,17.88,6.7
DWLR0037,2025-06-08 00:00:00,17.85,27.9
DWLR0037,2025-06-11 00:00:00,17.81,35.4
DWLR0037,2025-06-14 00:00:00,17.83,15.0
DWLR0037,2025-06-17 00:00:00,17.78,20.9
DWLR0037,2025-06-20 00:00:00,17.8,19.0
DWLR0037,2025-06-23 00:00:00,17.78,17.6
DWLR0037,2025-06-26 00:00:00,17.79,35.1
DWLR0037,2025-06-29 00:00:00,17.8,15.2
DWLR0037,2025-07-02 00:00:00,17.76,5.7
DWLR0037,2025-07-05 00:00:00,17.68,34.0
DWLR0037,2025-07-08 00:00:00,17.65,1.0
DWLR0037,2025-07-11 00:00:00,17.73,37.5
DWLR0037,2025-07-14 00:00:00,17.75,27.9
DWLR0037,2025-07-17 00:00:00,17.74,23.5
DWLR0037,2025-07-20 00:00:00,17.79,9.9
DWLR0037,2025-07-23 00:00:00,17.79,28.2
DWLR0037,2025-07-26 00:00:00,17.83,33.1
DWLR0037,2025-07-29 00:00:00,17.85,30.4
DWLR0037,2025-08-01 00:00:00,17.82,6.2
DWLR0037,2025-08-04 00:00:00,17.85,30.9
DWLR0037,2025-08-07 00:00:00,17.91,29.4
DWLR0037,2025-08-10 00:00:00,17.89,15.0
DWLR0037,2025-08-13 00:00:00,17.94,10.5
DWLR0037,2025-08-16 00:00:00,17.9,6.1
DWLR0037,2025-08-19 00:00:00,17.93,0.6
DWLR0037,2025-08-22 00:00:00,17.95,30.0
DWLR0037,2025-08-25 00:00:00,17.94,26.1
DWLR0037,2025-08-28 00:00:00,17.93,15.3
DWLR0037,2025-08-31 00:00:00,17.89,23.3
DWLR0037,2025-09-03 00:00:00,17.95,30.5
DWLR0037,2025-09-06 00:00:00,18.03,18.4
DWLR0037,2025-09-09 00:00:00,18.03,9.8
DWLR0037,2025-09-12 00:00:00,18.07,20.2
DWLR0037,2025-09-15 00:00:00,17.97,4.5
DWLR0037,2025-09-18 00:00:00,18.01,34.1
DWLR0037,2025-09-21 00:00:00,17.97,23.5
DWLR0037,2025-09-24 00:00:00,18.05,27.9
DWLR0037,2025-09-27 00:00:00,17.97,30.9
DWLR0037,2025-09-30 00:00:00,17.93,38.4
DWLR0037,2025-10-03 00:00:00,17.96,0.5
DWLR0037,2025-10-06 00:00:00,18.03,3.1
DWLR0037,2025-10-09 00:00:00,18.05,0.7
DWLR0037,2025-10-12 00:00:00,18.12,1.2
DWLR0037,2025-10-15 00:00:00,18.21,2.7
DWLR0037,2025-10-18 00:00:00,18.26,1.9
DWLR0037,2025-10-21 00:00:00,18.38,0.5
DWLR0037,2025-10-24 00:00:00,18.55,0.3
DWLR0037,2025-10-27 00:00:00,18.66,3.2
DWLR0037,2025-10-30 00:00:00,18.65,0.2
DWLR0037,2025-11-02 00:00:00,18.68,3.0
DWLR0037,2025-11-05 00:00:00,18.72,4.3
DWLR0037,2025-11-08 00:00:00,18.86,0.8
DWLR0037,2025-11-11 00:00:00,18.95,0.0
DWLR0037,2025-11-14 00:00:00,19.06,1.2
DWLR0037,2025-11-17 00:00:00,19.15,1.6
DWLR0037,2025-11-20 00:00:00,19.26,2.4
DWLR0037,2025-11-23 00:00:00,19.35,0.5
DWLR0037,2025-11-26 00:00:00,19.37,4.3
DWLR0038,2024-06-01 00:00:00,20.82,25.5
DWLR0038,2024-06-04 00:00:00,20.7,22.5
DWLR0038,2024-06-07 00:00:00,20.66,19.2
DWLR0038,2024-06-10 00:00:00,20.52,0.5
DWLR0038,2024-06-13 00:00:00,20.46,1.8
DWLR0038,2024-06-16 00:00:00,20.37,0.2
DWLR0038,2024-06-19 00:00:00,20.38,14.8
DWLR0038,2024-06-22 00:00:00,20.33,34.4
DWLR0038,2024-06-25 00:00:00,20.21,23.9
DWLR0038,2024-06-28 00:00:00,20.02,20.9
DWLR0038,2024-07-01 00:00:00,19.97,19.5
DWLR0038,2024-07-04 00:00:00,19.89,37.0
DWLR0038,2024-07-07 00:00:00,19.75,16.0
DWLR0038,2024-07-10 00:00:00,19.77,25.1
DWLR0038,2024-07-13 00:00:00,19.68,35.2
DWLR0038,2024-07-16 00:00:00,19.71,0.4
DWLR0038,2024-07-19 00:00:00,19.72,35.6
DWLR0038,2024-07-22 00:00:00,19.7,30.1
DWLR0038,2024-07-25 00:00:00,19.58,18.8
DWLR0038,2024-07-28 00:00:00,19.49,34.5
DWLR0038,2024-07-31 00:00:00,19.31,5.8
DWLR0038,2024-08-03 00:00:00,19.22,7.8
DWLR0038,2024-08-06 00:00:00,19.12,23.7
DWLR0038,2024-08-09 00:00:00,18.92,20.8
DWLR0038,2024-08-12 00:00:00,18.85,26.6
DWLR0038,2024-08-15 00:00:00,18.72,19.7
DWLR0038,2024-08-18 00:00:00,18.62,36.6
DWLR0038,2024-08-21 00:00:00,18.53,39.8
DWLR0038,2024-08-24 00:00:00,18.44,10.6
DWLR0038,2024-08-27 00:00:00,18.32,30.9
DWLR0038,2024-08-30 00:00:00,18.16,30.2
DWLR0038,2024-09-02 00:00:00,18.13,38.4
DWLR0038,2024-09-05 00:00:00,18.14,14.2
DWLR0038,2024-09-08 00:00:00,18.06,15.5
DWLR0038,2024-09-11 00:00:00,18.05,32.7
DWLR0038,2024-09-14 00:00:00,17.9,29.8
DWLR0038,2024-09-17 00:00:00,17.85,33.1
DWLR0038,2024-09-20 00:00:00,17.81,23.2
DWLR0038,2024-09-23 00:00:00,17.66,30.6
DWLR0038,2024-09-26 00:00:00,17.59,5.6
DWLR0038,2024-09-29 00:00:00,17.53,13.5
DWLR0038,2024-10-02 00:00:00,17.57,4.3
DWLR0038,2024-10-05 00:00:00,17.56,5.0
DWLR0038,2024-10-08 00:00:00,17.49,4.4
DWLR0038,2024-10-11 00:00:00,17.6,1.4
DWLR0038,2024-10-14 00:00:00,17.58,3.5
DWLR0038,2024-10-17 00:00:00,17.63,4.2
DWLR0038,2024-10-20 00:00:00,17.64,4.9
DWLR0038,2024-10-23 00:00:00,17.69,4.7
DWLR0038,2024-10-26 00:00:00,17.73,1.0
DWLR0038,2024-10-29 00:00:00,17.77,4.0
DWLR0038,2024-11-01 00:00:00,17.77,2.8
DWLR0038,2024-11-04 00:00:00,17.68,1.3
DWLR0038,2024-11-07 00:00:00,17.65,2.9
DWLR0038,2024-11-10 00:00:00,17.74,0.5
DWLR0038,2024-11-13 00:00:00,17.81,2.0
DWLR0038,2024-11-16 00:00:00,17.88,4.1
DWLR0038,2024-11-19 00:00:00,17.91,3.6
DWLR0038,2024-11-22 00:00:00,17.89,4.3
DWLR0038,2024-11-25 00:00:00,17.87,2.7
DWLR0038,2024-11-28 00:00:00,17.82,0.9
DWLR0038,2024-12-01 00:00:00,17.84,2.1
DWLR0038,2024-12-04 00:00:00,17.83,0.1
DWLR0038,2024-12-07 00:00:00,17.78,1.7
DWLR0038,2024-12-10 00:00:00,17.79,4.4
DWLR0038,2024-12-13 00:00:00,17.79,2.6
DWLR0038,2024-12-16 00:00:00,17.8,0.1
DWLR0038,2024-12-19 00:00:00,17.84,0.6
DWLR0038,2024-12-22 00:00:00,17.82,1.9
DWLR0038,2024-12-25 00:00:00,17.9,1.3
DWLR0038,2024-12-28 00:00:00,17.79,1.4
DWLR0038,2024-12-31 00:00:00,17.79,2.3
DWLR0038,2025-01-03 00:00:00,17.82,3.8
DWLR0038,2025-01-06 00:00:00,17.77,0.4
DWLR0038,2025-01-09 00:00:00,17.75,5.0
DWLR0038,2025-01-12 00:00:00,17.73,3.9
DWLR0038,2025-01-15 00:00:00,17.73,1.3
DWLR0038,2025-01-18 00:00:00,17.73,0.5
DWLR0038,2025-01-21 00:00:00,17.8,3.2
DWLR0038,2025-01-24 00:00:00,17.79,1.0
DWLR0038,2025-01-27 00:00:00,17.85,0.4
DWLR0038,2025-01-30 00:00:00,17.81,0.4
DWLR0038,2025-02-02 00:00:00,17.85,1.5
DWLR0038,2025-02-05 00:00:00,17.88,2.5
DWLR0038,2025-02-08 00:00:00,17.82,0.4
DWLR0038,2025-02-11 00:00:00,17.84,2.7
DWLR0038,2025-02-14 00:00:00,17.97,4.5
DWLR0038,2025-02-17 00:00:00,18.06,1.4
DWLR0038,2025-02-20 00:00:00,18.05,2.6
DWLR0038,2025-02-23 00:00:00,18.03,1.5
DWLR0038,2025-02-26 00:00:00,18.09,3.4
DWLR0038,2025-03-01 00:00:00,18.13,2.5
DWLR0038,2025-03-04 00:00:00,18.12,1.4
DWLR0038,2025-03-07 00:00:00,18.17,2.2
DWLR0038,2025-03-10 00:00:00,18.17,2.1
DWLR0038,2025-03-13 00:00:00,18.14,2.2
DWLR0038,2025-03-16 00:00:00,18.16,4.0
DWLR0038,2025-03-19 00:00:00,18.24,0.9
DWLR0038,2025-03-22 00:00:00,18.3,2.8
DWLR0038,2025-03-25 00:00:00,18.37,3.0
DWLR0038,2025-03-28 00:00:00,18.42,3.4
DWLR0038,2025-03-31 00:00:00,18.46,2.5
DWLR0038,2025-04-03 00:00:00,18.49,1.8
DWLR0038,2025-04-06 00:00:00,18.51,2.7
DWLR0038,2025-04-09 00:00:00,18.56,2.7
DWLR0038,2025-04-12 00:00:00,18.6,1.4
DWLR0038,2025-04-15 00:00:00,18.55,3.2
DWLR0038,2025-04-18 00:00:00,18.54,4.8
DWLR0038,2025-04-21 00:00:00,18.63,4.8
DWLR0038,2025-04-24 00:00:00,18.61,4.2
DWLR0038,2025-04-27 00:00:00,18.67,0.5
DWLR0038,2025-04-30 00:00:00,18.69,1.9
DWLR0038,2025-05-03 00:00:00,18.65,4.1
DWLR0038,2025-05-06 00:00:00,18.72,1.0
DWLR0038,2025-05-09 00:00:00,18.69,3.4
DWLR0038,2025-05-12 00:00:00,18.66,4.7
DWLR0038,2025-05-15 00:00:00,18.63,3.2
DWLR0038,2025-05-18 00:00:00,18.69,3.8
DWLR0038,2025-05-21 00:00:00,18.75,1.1
DWLR0038,2025-05-24 00:00:00,18.83,0.0
DWLR0038,2025-05-27 00:00:00,18.82,4.0
DWLR0038,2025-05-30 00:00:00,18.83,0.1
DWLR0038,2025-06-02 00:00:00,18.82,23.6
DWLR0038,2025-06-05 00:00:00,18.76,15.5
DWLR0038,2025-06-08 00:00:00,18.67,15.7
DWLR0038,2025-06-11 00:00:00,18.52,14.9
DWLR0038,2025-06-14 00:00:00,18.39,23.6
DWLR0038,2025-06-17 00:00:00,18.36,37.5
DWLR0038,2025-06-20 00:00:00,18.32,11.5
DWLR0038,2025-06-23 00:00:00,18.2,17.8
DWLR0038,2025-06-26 00:00:00,18.14,9.6
DWLR0038,2025-06-29 00:00:00,18.06,8.3
DWLR0038,2025-07-02 00:00:00,17.96,27.5
DWLR0038,2025-07-05 00:00:00,17.88,17.6
DWLR0038,2025-07-08 00:00:00,17.76,31.3
DWLR0038,2025-07-11 00:00:00,17.67,8.4
DWLR0038,2025-07-14 00:00:00,17.61,25.9
DWLR0038,2025-07-17 00:00:00,17.47,18.2
DWLR0038,2025-07-20 00:00:00,17.47,25.8
DWLR0038,2025-07-23 00:00:00,17.37,8.7
DWLR0038,2025-07-26 00:00:00,17.24,4.7
DWLR0038,2025-07-29 00:00:00,17.06,6.5
DWLR0038,2025-08-01 00:00:00,16.99,29.5
DWLR0038,2025-08-04 00:00:00,16.92,9.4
DWLR0038,2025-08-07 00:00:00,16.89,24.2
DWLR0038,2025-08-10 00:00:00,16.78,9.3
DWLR0038,2025-08-13 00:00:00,16.7,23.4
DWLR0038,2025-08-16 00:00:00,16.6,11.6
DWLR0038,2025-08-19 00:00:00,16.46,13.7
DWLR0038,2025-08-22 00:00:00,16.28,33.1
DWLR0038,2025-08-25 00:00:00,16.26,34.9
DWLR0038,2025-08-28 00:00:00,16.11,21.8
DWLR0038,2025-08-31 00:00:00,16.04,23.9
DWLR0038,2025-09-03 00:00:00,15.92,19.8
DWLR0038,2025-09-06 00:00:00,15.81,26.2
DWLR0038,2025-09-09 00:00:00,15.74,38.7
DWLR0038,2025-09-12 00:00:00,15.73,12.2
DWLR0038,2025-09-15 00:00:00,15.64,19.3
DWLR0038,2025-09-18 00:00:00,15.59,21.1
DWLR0038,2025-09-21 00:00:00,15.49,31.6
DWLR0038,2025-09-24 00:00:00,15.34,12.1
DWLR0038,2025-09-27 00:00:00,15.26,14.7
DWLR0038,2025-09-30 00:00:00,15.19,11.9
DWLR0038,2025-10-03 00:00:00,15.3,1.4
DWLR0038,2025-10-06 00:00:00,15.27,0.2
DWLR0038,2025-10-09 00:00:00,15.22,2.5
DWLR0038,2025-10-12 00:00:00,15.3,1.8
DWLR0038,2025-10-15 00:00:00,15.33,3.1
DWLR0038,2025-10-18 00:00:00,15.29,0.4
DWLR0038,2025-10-21 00:00:00,15.36,0.6
DWLR0038,2025-10-24 00:00:00,15.39,2.3
DWLR0038,2025-10-27 00:00:00,15.36,4.1
DWLR0038,2025-10-30 00:00:00,15.4,1.2
DWLR0038,2025-11-02 00:00:00,15.36,2.8
DWLR0038,2025-11-05 00:00:00,15.33,4.1
DWLR0038,2025-11-08 00:00:00,15.39,1.8
DWLR0038,2025-11-11 00:00:00,15.36,3.2
DWLR0038,2025-11-14 00:00:00,15.47,1.8
DWLR0038,2025-11-17 00:00:00,15.54,1.8
DWLR0038,2025-11-20 00:00:00,15.55,3.8
DWLR0038,2025-11-23 00:00:00,15.52,3.4
DWLR0038,2025-11-26 00:00:00,15.49,4.9
DWLR0039,2024-06-01 00:00:00,10.95,35.1
DWLR0039,2024-06-04 00:00:00,10.91,5.0
DWLR0039,2024-06-07 00:00:00,10.84,27.7
DWLR0039,2024-06-10 00:00:00,10.75,38.8
DWLR0039,2024-06-13 00:00:00,10.62,1.7
DWLR0039,2024-06-16 00:00:00,10.52,28.0
DWLR0039,2024-06-19 00:00:00,10.46,37.4
DWLR0039,2024-06-22 00:00:00,10.4,0.9
DWLR0039,2024-06-25 00:00:00,10.33,30.9
DWLR0039,2024-06-28 00:00:00,10.17,4.8
DWLR0039,2024-07-01 00:00:00,10.11,10.9
DWLR0039,2024-07-04 00:00:00,10.05,2.4
DWLR0039,2024-07-07 00:00:00,10.06,37.4
DWLR0039,2024-07-10 00:00:00,9.99,27.4
DWLR0039,2024-07-13 00:00:00,9.93,25.3
DWLR0039,2024-07-16 00:00:00,9.83,13.2
DWLR0039,2024-07-19 00:00:00,9.79,15.3
DWLR0039,2024-07-22 00:00:00,9.73,29.3
DWLR0039,2024-07-25 00:00:00,9.7,24.1
DWLR0039,2024-07-28 00:00:00,9.58,21.6
DWLR0039,2024-07-31 00:00:00,9.49,35.2
DWLR0039,2024-08-03 00:00:00,9.47,34.8
DWLR0039,2024-08-06 00:00:00,9.44,22.4
DWLR0039,2024-08-09 00:00:00,9.42,20.9
DWLR0039,2024-08-12 00:00:00,9.36,11.7
DWLR0039,2024-08-15 00:00:00,9.33,0.1
DWLR0039,2024-08-18 00:00:00,9.21,17.9
DWLR0039,2024-08-21 00:00:00,9.14,26.6
DWLR0039,2024-08-24 00:00:00,9.03,16.0
DWLR0039,2024-08-27 00:00:00,9.02,0.8
DWLR0039,2024-08-30 00:00:00,8.94,24.6
DWLR0039,2024-09-02 00:00:00,8.89,0.5
DWLR0039,2024-09-05 00:00:00,8.83,25.0
DWLR0039,2024-09-08 00:00:00,8.78,19.5
DWLR0039,2024-09-11 00:00:00,8.71,25.2
DWLR0039,2024-09-14 00:00:00,8.69,16.6
DWLR0039,2024-09-17 00:00:00,8.68,13.9
DWLR0039,2024-09-20 00:00:00,8.52,9.9
DWLR0039,2024-09-23 00:00:00,8.54,3.0
DWLR0039,2024-09-26 00:00:00,8.45,39.6
DWLR0039,2024-09-29 00:00:00,8.51,15.3
DWLR0039,2024-10-02 00:00:00,8.45,4.0
DWLR0039,2024-10-05 00:00:00,8.38,0.7
DWLR0039,2024-10-08 00:00:00,8.47,0.2
DWLR0039,2024-10-11 00:00:00,8.42,4.5
DWLR0039,2024-10-14 00:00:00,8.42,0.2
DWLR0039,2024-10-17 00:00:00,8.39,4.0
DWLR0039,2024-10-20 00:00:00,8.46,3.7
DWLR0039,2024-10-23 00:00:00,8.55,2.7
DWLR0039,2024-10-26 00:00:00,8.53,3.7
DWLR0039,2024-10-29 00:00:00,8.6,4.6
DWLR0039,2024-11-01 00:00:00,8.65,2.9
DWLR0039,2024-11-04 00:00:00,8.75,2.4
DWLR0039,2024-11-07 00:00:00,8.77,2.7
DWLR0039,2024-11-10 00:00:00,8.7,3.1
DWLR0039,2024-11-13 00:00:00,8.68,2.0
DWLR0039,2024-11-16 00:00:00,8.74,3.9
DWLR0039,2024-11-19 00:00:00,8.75,0.7
DWLR0039,2024-11-22 00:00:00,8.77,0.3
DWLR0039,2024-11-25 00:00:00,8.85,4.9
DWLR0039,2024-11-28 00:00:00,8.99,3.9
DWLR0039,2024-12-01 00:00:00,9.1,3.2
DWLR0039,2024-12-04 00:00:00,9.11,0.8
DWLR0039,2024-12-07 00:00:00,9.06,4.9
DWLR0039,2024-12-10 00:00:00,9.1,2.2
DWLR0039,2024-12-13 00:00:00,9.06,4.9
DWLR0039,2024-12-16 00:00:00,9.06,1.8
DWLR0039,2024-12-19 00:00:00,9.05,0.6
DWLR0039,2024-12-22 00:00:00,9.08,2.2
DWLR0039,2024-12-25 00:00:00,9.11,1.7
DWLR0039,2024-12-28 00:00:00,9.17,1.5
DWLR0039,2024-12-31 00:00:00,9.16,4.2
DWLR0039,2025-01-03 00:00:00,9.22,2.9
DWLR0039,2025-01-06 00:00:00,9.15,3.3
DWLR0039,2025-01-09 00:00:00,9.2,0.1
DWLR0039,2025-01-12 00:00:00,9.32,4.1
DWLR0039,2025-01-15 00:00:00,9.27,3.3
DWLR0039,2025-01-18 00:00:00,9.32,0.8
DWLR0039,2025-01-21 00:00:00,9.43,3.0
DWLR0039,2025-01-24 00:00:00,9.52,2.5
DWLR0039,2025-01-27 00:00:00,9.6,3.4
DWLR0039,2025-01-30 00:00:00,9.69,0.4
DWLR0039,2025-02-02 00:00:00,9.75,1.0
DWLR0039,2025-02-05 00:00:00,9.79,1.1
DWLR0039,2025-02-08 00:00:00,9.85,2.6
DWLR0039,2025-02-11 00:00:00,9.94,4.8
DWLR0039,2025-02-14 00:00:00,9.88,2.1
DWLR0039,2025-02-17 00:00:00,9.87,3.1
DWLR0039,2025-02-20 00:00:00,9.87,1.2
DWLR0039,2025-02-23 00:00:00,9.85,4.2
DWLR0039,2025-02-26 00:00:00,9.85,1.7
DWLR0039,2025-03-01 00:00:00,9.81,0.5
DWLR0039,2025-03-04 00:00:00,9.89,2.8
DWLR0039,2025-03-07 00:00:00,9.91,3.1
DWLR0039,2025-03-10 00:00:00,9.95,3.6
DWLR0039,2025-03-13 00:00:00,10.0,1.7
DWLR0039,2025-03-16 00:00:00,9.98,0.5
DWLR0039,2025-03-19 00:00:00,9.98,2.3
DWLR0039,2025-03-22 00:00:00,10.01,2.2
DWLR0039,2025-03-25 00:00:00,10.09,2.7
DWLR0039,2025-03-28 00:00:00,10.09,2.2
DWLR0039,2025-03-31 00:00:00,10.08,3.2
DWLR0039,2025-04-03 00:00:00,10.16,4.0
DWLR0039,2025-04-06 00:00:00,10.26,4.0
DWLR0039,2025-04-09 00:00:00,10.28,4.0
DWLR0039,2025-04-12 00:00:00,10.28,1.5
DWLR0039,2025-04-15 00:00:00,10.38,3.1
DWLR0039,2025-04-18 00:00:00,10.44,1.3
DWLR0039,2025-04-21 00:00:00,10.41,0.4
DWLR0039,2025-04-24 00:00:00,10.49,2.5
DWLR0039,2025-04-27 00:00:00,10.47,2.3
DWLR0039,2025-04-30 00:00:00,10.51,3.3
DWLR0039,2025-05-03 00:00:00,10.55,0.8
DWLR0039,2025-05-06 00:00:00,10.58,1.9
DWLR0039,2025-05-09 00:00:00,10.57,1.3
DWLR0039,2025-05-12 00:00:00,10.5,0.1
DWLR0039,2025-05-15 00:00:00,10.53,0.2
DWLR0039,2025-05-18 00:00:00,10.56,4.3
DWLR0039,2025-05-21 00:00:00,10.51,4.6
DWLR0039,2025-05-24 00:00:00,10.6,3.1
DWLR0039,2025-05-27 00:00:00,10.69,1.0
DWLR0039,2025-05-30 00:00:00,10.77,2.9
DWLR0039,2025-06-02 00:00:00,10.73,25.9
DWLR0039,2025-06-05 00:00:00,10.61,39.0
DWLR0039,2025-06-08 00:00:00,10.58,18.2
DWLR0039,2025-06-11 00:00:00,10.5,32.9
DWLR0039,2025-06-14 00:00:00,10.4,12.3
DWLR0039,2025-06-17 00:00:00,10.31,32.8
DWLR0039,2025-06-20 00:00:00,10.22,24.4
DWLR0039,2025-06-23 00:00:00,10.26,20.2
DWLR0039,2025-06-26 00:00:00,10.21,26.2
DWLR0039,2025-06-29 00:00:00,10.13,1.1
DWLR0039,2025-07-02 00:00:00,10.07,6.0
DWLR0039,2025-07-05 00:00:00,9.96,31.6
DWLR0039,2025-07-08 00:00:00,9.92,13.1
DWLR0039,2025-07-11 00:00:00,9.88,24.6
DWLR0039,2025-07-14 00:00:00,9.82,32.4
DWLR0039,2025-07-17 00:00:00,9.73,13.5
DWLR0039,2025-07-20 00:00:00,9.62,1.8
DWLR0039,2025-07-23 00:00:00,9.64,13.9
DWLR0039,2025-07-26 00:00:00,9.67,33.1
DWLR0039,2025-07-29 00:00:00,9.55,36.1
DWLR0039,2025-08-01 00:00:00,9.48,12.9
DWLR0039,2025-08-04 00:00:00,9.37,27.9
DWLR0039,2025-08-07 00:00:00,9.3,17.0
DWLR0039,2025-08-10 00:00:00,9.21,5.1
DWLR0039,2025-08-13 00:00:00,9.1,39.2
DWLR0039,2025-08-16 00:00:00,9.01,4.6
DWLR0039,2025-08-19 00:00:00,8.96,10.8
DWLR0039,2025-08-22 00:00:00,8.9,35.9
DWLR0039,2025-08-25 00:00:00,8.84,35.9
DWLR0039,2025-08-28 00:00:00,8.72,24.1
DWLR0039,2025-08-31 00:00:00,8.74,33.2
DWLR0039,2025-09-03 00:00:00,8.59,0.6
DWLR0039,2025-09-06 00:00:00,8.43,12.6
DWLR0039,2025-09-09 00:00:00,8.43,33.0
DWLR0039,2025-09-12 00:00:00,8.48,15.1
DWLR0039,2025-09-15 00:00:00,8.45,22.3
DWLR0039,2025-09-18 00:00:00,8.4,15.4
DWLR0039,2025-09-21 00:00:00,8.37,38.9
DWLR0039,2025-09-24 00:00:00,8.24,16.2
DWLR0039,2025-09-27 00:00:00,8.13,5.4
DWLR0039,2025-09-30 00:00:00,7.99,32.7
DWLR0039,2025-10-03 00:00:00,7.98,3.8
DWLR0039,2025-10-06 00:00:00,8.08,2.6
DWLR0039,2025-10-09 00:00:00,8.12,1.8
DWLR0039,2025-10-12 00:00:00,8.13,0.5
DWLR0039,2025-10-15 00:00:00,8.15,3.1
DWLR0039,2025-10-18 00:00:00,8.19,0.5
DWLR0039,2025-10-21 00:00:00,8.29,1.9
DWLR0039,2025-10-24 00:00:00,8.4,3.0
DWLR0039,2025-10-27 00:00:00,8.42,2.4
DWLR0039,2025-10-30 00:00:00,8.49,4.7
DWLR0039,2025-11-02 00:00:00,8.54,0.5
DWLR0039,2025-11-05 00:00:00,8.68,1.6
DWLR0039,2025-11-08 00:00:00,8.68,1.6
DWLR0039,2025-11-11 00:00:00,8.68,3.9
DWLR0039,2025-11-14 00:00:00,8.65,1.6
DWLR0039,2025-11-17 00:00:00,8.7,3.8
DWLR0039,2025-11-20 00:00:00,8.74,2.1
DWLR0039,2025-11-23 00:00:00,8.77,0.5
DWLR0039,2025-11-26 00:00:00,8.77,3.5
DWLR0040,2024-06-01 00:00:00,11.14,10.5
DWLR0040,2024-06-04 00:00:00,11.05,38.6
DWLR0040,2024-06-07 00:00:00,10.95,15.3
DWLR0040,2024-06-10 00:00:00,10.78,31.3
DWLR0040,2024-06-13 00:00:00,10.74,6.2
DWLR0040,2024-06-16 00:00:00,10.67,3.0
DWLR0040,2024-06-19 00:00:00,10.64,11.9
DWLR0040,2024-06-22 00:00:00,10.58,35.5
DWLR0040,2024-06-25 00:00:00,10.45,28.4
DWLR0040,2024-06-28 00:00:00,10.36,6.8
DWLR0040,2024-07-01 00:00:00,10.29,38.3
DWLR0040,2024-07-04 00:00:00,10.25,26.7
DWLR0040,2024-07-07 00:00:00,10.22,21.4
DWLR0040,2024-07-10 00:00:00,10.18,9.8
DWLR0040,2024-07-13 00:00:00,10.16,37.1
DWLR0040,2024-07-16 00:00:00,10.17,3.1
DWLR0040,2024-07-19 00:00:00,10.03,36.5
DWLR0040,2024-07-22 00:00:00,9.89,19.7
DWLR0040,2024-07-25 00:00:00,9.9,8.8
DWLR0040,2024-07-28 00:00:00,9.8,21.0
DWLR0040,2024-07-31 00:00:00,9.66,21.2
DWLR0040,2024-08-03 00:00:00,9.52,28.5
DWLR0040,2024-08-06 00:00:00,9.39,38.9
DWLR0040,2024-08-09 00:00:00,9.34,12.2
DWLR0040,2024-08-12 00:00:00,9.2,13.3
DWLR0040,2024-08-15 00:00:00,9.2,25.4
DWLR0040,2024-08-18 00:00:00,9.18,19.9
DWLR0040,2024-08-21 00:00:00,9.08,1.7
DWLR0040,2024-08-24 00:00:00,8.92,1.5
DWLR0040,2024-08-27 00:00:00,8.92,15.3
DWLR0040,2024-08-30 00:00:00,8.81,12.0
DWLR0040,2024-09-02 00:00:00,8.8,5.3
DWLR0040,2024-09-05 00:00:00,8.73,4.8
DWLR0040,2024-09-08 00:00:00,8.61,5.8
DWLR0040,2024-09-11 00:00:00,8.52,5.3
DWLR0040,2024-09-14 00:00:00,8.43,24.1
DWLR0040,2024-09-17 00:00:00,8.3,23.4
DWLR0040,2024-09-20 00:00:00,8.3,24.2
DWLR0040,2024-09-23 00:00:00,8.29,11.2
DWLR0040,2024-09-26 00:00:00,8.23,2.2
DWLR0040,2024-09-29 00:00:00,8.22,23.2
DWLR0040,2024-10-02 00:00:00,8.21,3.2
DWLR0040,2024-10-05 00:00:00,8.15,0.6
DWLR0040,2024-10-08 00:00:00,8.23,3.6
DWLR0040,2024-10-11 00:00:00,8.28,2.9
DWLR0040,2024-10-14 00:00:00,8.32,4.3
DWLR0040,2024-10-17 00:00:00,8.33,0.8
DWLR0040,2024-10-20 00:00:00,8.26,2.7
DWLR0040,2024-10-23 00:00:00,8.33,1.6
DWLR0040,2024-10-26 00:00:00,8.34,3.4
DWLR0040,2024-10-29 00:00:00,8.41,4.4
DWLR0040,2024-11-01 00:00:00,8.41,0.8
DWLR0040,2024-11-04 00:00:00,8.49,2.6
DWLR0040,2024-11-07 00:00:00,8.59,3.2
DWLR0040,2024-11-10 00:00:00,8.55,1.0
DWLR0040,2024-11-13 00:00:00,8.59,4.1
DWLR0040,2024-11-16 00:00:00,8.6,3.2
DWLR0040,2024-11-19 00:00:00,8.63,0.1
DWLR0040,2024-11-22 00:00:00,8.65,1.8
DWLR0040,2024-11-25 00:00:00,8.75,0.6
DWLR0040,2024-11-28 00:00:00,8.66,2.1
DWLR0040,2024-12-01 00:00:00,8.76,2.0
DWLR0040,2024-12-04 00:00:00,8.81,0.5
DWLR0040,2024-12-07 00:00:00,8.87,2.8
DWLR0040,2024-12-10 00:00:00,8.97,4.3
DWLR0040,2024-12-13 00:00:00,9.01,4.0
DWLR0040,2024-12-16 00:00:00,9.05,3.3
DWLR0040,2024-12-19 00:00:00,9.11,4.9
DWLR0040,2024-12-22 00:00:00,9.09,3.9
DWLR0040,2024-12-25 00:00:00,9.21,1.5
DWLR0040,2024-12-28 00:00:00,9.2,3.8
DWLR0040,2024-12-31 00:00:00,9.19,3.6
DWLR0040,2025-01-03 00:00:00,9.17,4.3
DWLR0040,2025-01-06 00:00:00,9.21,0.4
DWLR0040,2025-01-09 00:00:00,9.13,0.3
DWLR0040,2025-01-12 00:00:00,9.13,4.6
DWLR0040,2025-01-15 00:00:00,9.27,0.8
DWLR0040,2025-01-18 00:00:00,9.3,2.2
DWLR0040,2025-01-21 00:00:00,9.31,0.8
DWLR0040,2025-01-24 00:00:00,9.31,0.1
DWLR0040,2025-01-27 00:00:00,9.32,1.5
DWLR0040,2025-01-30 00:00:00,9.42,1.5
DWLR0040,2025-02-02 00:00:00,9.41,0.1
DWLR0040,2025-02-05 00:00:00,9.47,0.3
DWLR0040,2025-02-08 00:00:00,9.4,2.9
DWLR0040,2025-02-11 00:00:00,9.53,1.4
DWLR0040,2025-02-14 00:00:00,9.56,1.4
DWLR0040,2025-02-17 00:00:00,9.61,0.4
DWLR0040,2025-02-20 00:00:00,9.65,3.9
DWLR0040,2025-02-23 00:00:00,9.66,1.1
DWLR0040,2025-02-26 00:00:00,9.65,0.7
DWLR0040,2025-03-01 00:00:00,9.61,1.9
DWLR0040,2025-03-04 00:00:00,9.55,4.3
DWLR0040,2025-03-07 00:00:00,9.51,0.6
DWLR0040,2025-03-10 00:00:00,9.52,4.8
DWLR0040,2025-03-13 00:00:00,9.6,0.2
DWLR0040,2025-03-16 00:00:00,9.53,3.7
DWLR0040,2025-03-19 00:00:00,9.5,4.6
DWLR0040,2025-03-22 00:00:00,9.55,3.0
DWLR0040,2025-03-25 00:00:00,9.55,0.1
DWLR0040,2025-03-28 00:00:00,9.58,4.4
DWLR0040,2025-03-31 00:00:00,9.63,4.1
DWLR0040,2025-04-03 00:00:00,9.64,4.7
DWLR0040,2025-04-06 00:00:00,9.61,0.9
DWLR0040,2025-04-09 00:00:00,9.64,4.3
DWLR0040,2025-04-12 00:00:00,9.6,1.7
DWLR0040,2025-04-15 00:00:00,9.53,4.7
DWLR0040,2025-04-18 00:00:00,9.51,0.3
DWLR0040,2025-04-21 00:00:00,9.55,0.7
DWLR0040,2025-04-24 00:00:00,9.58,2.4
DWLR0040,2025-04-27 00:00:00,9.56,2.5
DWLR0040,2025-04-30 00:00:00,9.57,1.1
DWLR0040,2025-05-03 00:00:00,9.64,0.5
DWLR0040,2025-05-06 00:00:00,9.58,2.2
DWLR0040,2025-05-09 00:00:00,9.57,4.9
DWLR0040,2025-05-12 00:00:00,9.5,3.2
DWLR0040,2025-05-15 00:00:00,9.57,2.9
DWLR0040,2025-05-18 00:00:00,9.63,3.4
DWLR0040,2025-05-21 00:00:00,9.68,2.4
DWLR0040,2025-05-24 00:00:00,9.72,4.4
DWLR0040,2025-05-27 00:00:00,9.68,2.0
DWLR0040,2025-05-30 00:00:00,9.67,0.1
DWLR0040,2025-06-02 00:00:00,9.65,2.1
DWLR0040,2025-06-05 00:00:00,9.58,23.6
DWLR0040,2025-06-08 00:00:00,9.6,37.1
DWLR0040,2025-06-11 00:00:00,9.48,5.1
DWLR0040,2025-06-14 00:00:00,9.31,25.4
DWLR0040,2025-06-17 00:00:00,9.25,30.5
DWLR0040,2025-06-20 00:00:00,9.22,16.5
DWLR0040,2025-06-23 00:00:00,9.09,17.7
DWLR0040,2025-06-26 00:00:00,8.99,17.6
DWLR0040,2025-06-29 00:00:00,8.93,33.0
DWLR0040,2025-07-02 00:00:00,8.9,14.2
DWLR0040,2025-07-05 00:00:00,8.87,21.5
DWLR0040,2025-07-08 00:00:00,8.84,17.0
DWLR0040,2025-07-11 00:00:00,8.78,14.7
DWLR0040,2025-07-14 00:00:00,8.7,26.5
DWLR0040,2025-07-17 00:00:00,8.65,20.7
DWLR0040,2025-07-20 00:00:00,8.46,19.7
DWLR0040,2025-07-23 00:00:00,8.33,0.2
DWLR0040,2025-07-26 00:00:00,8.26,23.9
DWLR0040,2025-07-29 00:00:00,8.19,31.9
DWLR0040,2025-08-01 00:00:00,8.08,10.4
DWLR0040,2025-08-04 00:00:00,7.94,26.9
DWLR0040,2025-08-07 00:00:00,7.84,27.6
DWLR0040,2025-08-10 00:00:00,7.82,13.6
DWLR0040,2025-08-13 00:00:00,7.81,29.8
DWLR0040,2025-08-16 00:00:00,7.77,23.4
DWLR0040,2025-08-19 00:00:00,7.75,16.0
DWLR0040,2025-08-22 00:00:00,7.63,23.4
DWLR0040,2025-08-25 00:00:00,7.65,7.0
DWLR0040,2025-08-28 00:00:00,7.56,10.2
DWLR0040,2025-08-31 00:00:00,7.57,15.1
DWLR0040,2025-09-03 00:00:00,7.55,13.6
DWLR0040,2025-09-06 00:00:00,7.46,21.1
DWLR0040,2025-09-09 00:00:00,7.35,37.3
DWLR0040,2025-09-12 00:00:00,7.33,11.8
DWLR0040,2025-09-15 00:00:00,7.31,6.4
DWLR0040,2025-09-18 00:00:00,7.26,24.3
DWLR0040,2025-09-21 00:00:00,7.17,35.4
DWLR0040,2025-09-24 00:00:00,7.1,16.9
DWLR0040,2025-09-27 00:00:00,6.99,25.5
DWLR0040,2025-09-30 00:00:00,6.85,9.3
DWLR0040,2025-10-03 00:00:00,6.9,1.9
DWLR0040,2025-10-06 00:00:00,7.05,1.5
DWLR0040,2025-10-09 00:00:00,7.06,4.9
DWLR0040,2025-10-12 00:00:00,7.08,4.7
DWLR0040,2025-10-15 00:00:00,7.05,0.2
DWLR0040,2025-10-18 00:00:00,7.01,1.8
DWLR0040,2025-10-21 00:00:00,7.03,5.0
DWLR0040,2025-10-24 00:00:00,7.15,3.7
DWLR0040,2025-10-27 00:00:00,7.15,2.6
DWLR0040,2025-10-30 00:00:00,7.23,0.1
DWLR0040,2025-11-02 00:00:00,7.32,3.0
DWLR0040,2025-11-05 00:00:00,7.4,2.2
DWLR0040,2025-11-08 00:00:00,7.46,1.6
DWLR0040,2025-11-11 00:00:00,7.54,3.3
DWLR0040,2025-11-14 00:00:00,7.5,4.9
DWLR0040,2025-11-17 00:00:00,7.54,3.7
DWLR0040,2025-11-20 00:00:00,7.5,4.4
DWLR0040,2025-11-23 00:00:00,7.57,1.5
DWLR0040,2025-11-26 00:00:00,7.53,2.5
DWLR0041,2024-06-01 00:00:00,6.35,10.2
DWLR0041,2024-06-04 00:00:00,6.15,29.1
DWLR0041,2024-06-07 00:00:00,6.09,13.2
DWLR0041,2024-06-10 00:00:00,6.05,32.3
DWLR0041,2024-06-13 00:00:00,5.94,11.9
DWLR0041,2024-06-16 00:00:00,5.87,10.9
DWLR0041,2024-06-19 00:00:00,5.84,14.2
DWLR0041,2024-06-22 00:00:00,5.83,26.7
DWLR0041,2024-06-25 00:00:00,5.74,33.0
DWLR0041,2024-06-28 00:00:00,5.67,38.8
DWLR0041,2024-07-01 00:00:00,5.58,11.9
DWLR0041,2024-07-04 00:00:00,5.51,13.3
DWLR0041,2024-07-07 00:00:00,5.49,8.0
DWLR0041,2024-07-10 00:00:00,5.53,29.1
DWLR0041,2024-07-13 00:00:00,5.49,10.9
DWLR0041,2024-07-16 00:00:00,5.48,18.0
DWLR0041,2024-07-19 00:00:00,5.49,25.9
DWLR0041,2024-07-22 00:00:00,5.45,35.9
DWLR0041,2024-07-25 00:00:00,5.37,2.4
DWLR0041,2024-07-28 00:00:00,5.32,12.1
DWLR0041,2024-07-31 00:00:00,5.28,38.3
DWLR0041,2024-08-03 00:00:00,5.29,33.6
DWLR0041,2024-08-06 00:00:00,5.23,4.5
DWLR0041,2024-08-09 00:00:00,5.12,35.6
DWLR0041,2024-08-12 00:00:00,4.96,37.3
DWLR0041,2024-08-15 00:00:00,4.89,0.8
DWLR0041,2024-08-18 00:00:00,4.76,17.0
DWLR0041,2024-08-21 00:00:00,4.74,15.9
DWLR0041,2024-08-24 00:00:00,4.71,36.9
DWLR0041,2024-08-27 00:00:00,4.61,38.9
DWLR0041,2024-08-30 00:00:00,4.59,22.1
DWLR0041,2024-09-02 00:00:00,4.51,25.5
DWLR0041,2024-09-05 00:00:00,4.44,14.8
DWLR0041,2024-09-08 00:00:00,4.35,39.9
DWLR0041,2024-09-11 00:00:00,4.34,10.0
DWLR0041,2024-09-14 00:00:00,4.28,38.6
DWLR0041,2024-09-17 00:00:00,4.29,22.3
DWLR0041,2024-09-20 00:00:00,4.3,18.0
DWLR0041,2024-09-23 00:00:00,4.22,33.1
DWLR0041,2024-09-26 00:00:00,4.13,9.8
DWLR0041,2024-09-29 00:00:00,4.07,34.2
DWLR0041,2024-10-02 00:00:00,4.15,0.9
DWLR0041,2024-10-05 00:00:00,4.19,2.3
DWLR0041,2024-10-08 00:00:00,4.23,4.2
DWLR0041,2024-10-11 00:00:00,4.3,2.4
DWLR0041,2024-10-14 00:00:00,4.3,0.2
DWLR0041,2024-10-17 00:00:00,4.33,4.6
DWLR0041,2024-10-20 00:00:00,1003.34,4.9
DWLR0041,2024-10-23 00:00:00,1003.35,4.9
DWLR0041,2024-10-26 00:00:00,1003.32,2.0
DWLR0041,2024-10-29 00:00:00,1003.45,2.8
DWLR0041,2024-11-01 00:00:00,1003.47,5.0
DWLR0041,2024-11-04 00:00:00,1003.47,4.1
DWLR0041,2024-11-07 00:00:00,1003.46,0.3
DWLR0041,2024-11-10 00:00:00,6.37,1.0
DWLR0041,2024-11-13 00:00:00,6.37,0.8
DWLR0041,2024-11-16 00:00:00,6.37,4.2
DWLR0041,2024-11-19 00:00:00,6.37,4.9
DWLR0041,2024-11-22 00:00:00,6.37,4.9
DWLR0041,2024-11-25 00:00:00,6.37,1.6
DWLR0041,2024-11-28 00:00:00,6.37,1.4
DWLR0041,2024-12-01 00:00:00,6.37,4.3
DWLR0041,2024-12-04 00:00:00,6.37,1.0
DWLR0041,2024-12-07 00:00:00,6.37,1.7
DWLR0041,2024-12-10 00:00:00,6.37,2.4
DWLR0041,2024-12-13 00:00:00,6.37,4.0
DWLR0041,2024-12-16 00:00:00,6.37,2.1
DWLR0041,2024-12-19 00:00:00,6.37,2.9
DWLR0041,2024-12-22 00:00:00,6.37,4.4
DWLR0041,2024-12-25 00:00:00,6.37,4.5
DWLR0041,2024-12-28 00:00:00,6.37,1.1
DWLR0041,2024-12-31 00:00:00,6.37,2.5
DWLR0041,2025-01-03 00:00:00,6.37,1.0
DWLR0041,2025-01-06 00:00:00,6.37,4.0
DWLR0041,2025-01-09 00:00:00,6.37,2.8
DWLR0041,2025-01-12 00:00:00,6.37,4.3
DWLR0041,2025-01-15 00:00:00,6.37,3.5
DWLR0041,2025-01-18 00:00:00,6.37,0.8
DWLR0041,2025-01-21 00:00:00,6.37,4.0
DWLR0041,2025-01-24 00:00:00,6.37,1.0
DWLR0041,2025-01-27 00:00:00,6.37,2.0
DWLR0041,2025-01-30 00:00:00,6.37,1.8
DWLR0041,2025-02-02 00:00:00,6.37,1.9
DWLR0041,2025-02-05 00:00:00,6.37,2.9
DWLR0041,2025-02-08 00:00:00,6.37,1.6
DWLR0041,2025-02-11 00:00:00,6.37,3.0
DWLR0041,2025-02-14 00:00:00,6.37,1.0
DWLR0041,2025-02-17 00:00:00,6.37,3.2
DWLR0041,2025-02-20 00:00:00,6.37,4.7
DWLR0041,2025-02-23 00:00:00,6.37,3.3
DWLR0041,2025-02-26 00:00:00,6.37,3.6
DWLR0041,2025-03-01 00:00:00,6.37,2.6
DWLR0041,2025-03-04 00:00:00,6.37,0.7
DWLR0041,2025-03-07 00:00:00,6.37,1.4
DWLR0041,2025-03-10 00:00:00,6.37,1.6
DWLR0041,2025-03-13 00:00:00,6.37,3.6
DWLR0041,2025-03-16 00:00:00,6.37,4.2
DWLR0041,2025-03-19 00:00:00,6.37,2.5
DWLR0041,2025-03-22 00:00:00,6.37,0.8
DWLR0041,2025-03-25 00:00:00,6.37,4.7
DWLR0041,2025-03-28 00:00:00,6.37,3.6
DWLR0041,2025-03-31 00:00:00,6.37,0.3
DWLR0041,2025-04-03 00:00:00,6.37,4.1
DWLR0041,2025-04-06 00:00:00,6.37,0.9
DWLR0041,2025-04-09 00:00:00,6.37,0.5
DWLR0041,2025-04-12 00:00:00,6.37,3.7
DWLR0041,2025-04-15 00:00:00,6.37,5.0
DWLR0041,2025-04-18 00:00:00,6.37,3.1
DWLR0041,2025-04-21 00:00:00,6.37,2.7
DWLR0041,2025-04-24 00:00:00,6.37,2.5
DWLR0041,2025-04-27 00:00:00,6.37,1.9
DWLR0041,2025-04-30 00:00:00,6.37,2.5
DWLR0041,2025-05-03 00:00:00,6.37,3.0
DWLR0041,2025-05-06 00:00:00,6.37,1.6
DWLR0041,2025-05-09 00:00:00,6.37,2.6
DWLR0041,2025-05-12 00:00:00,6.37,4.5
DWLR0041,2025-05-15 00:00:00,6.37,0.5
DWLR0041,2025-05-18 00:00:00,6.37,2.5
DWLR0041,2025-05-21 00:00:00,6.37,4.3
DWLR0041,2025-05-24 00:00:00,6.37,4.2
DWLR0041,2025-05-27 00:00:00,6.37,4.2
DWLR0041,2025-05-30 00:00:00,6.37,3.4
DWLR0041,2025-06-02 00:00:00,6.37,35.7
DWLR0041,2025-06-05 00:00:00,6.37,22.5
DWLR0041,2025-06-08 00:00:00,6.37,37.5
DWLR0041,2025-06-11 00:00:00,6.37,3.1
DWLR0041,2025-06-14 00:00:00,6.37,24.9
DWLR0041,2025-06-17 00:00:00,6.37,20.2
DWLR0041,2025-06-20 00:00:00,6.37,12.6
DWLR0041,2025-06-23 00:00:00,6.37,5.8
DWLR0041,2025-06-26 00:00:00,6.37,5.7
DWLR0041,2025-06-29 00:00:00,6.37,36.4
DWLR0041,2025-07-02 00:00:00,6.37,35.8
DWLR0041,2025-07-05 00:00:00,6.37,18.9
DWLR0041,2025-07-08 00:00:00,6.37,4.5
DWLR0041,2025-07-11 00:00:00,6.37,4.7
DWLR0041,2025-07-14 00:00:00,6.37,19.8
DWLR0041,2025-07-17 00:00:00,6.37,12.1
DWLR0041,2025-07-20 00:00:00,6.37,21.5
DWLR0041,2025-07-23 00:00:00,6.37,32.5
DWLR0041,2025-07-26 00:00:00,6.37,14.3
DWLR0041,2025-07-29 00:00:00,6.37,21.1
DWLR0041,2025-08-01 00:00:00,6.37,31.0
DWLR0041,2025-08-04 00:00:00,6.37,8.2
DWLR0041,2025-08-07 00:00:00,6.37,39.9
DWLR0041,2025-08-10 00:00:00,6.37,29.6
DWLR0041,2025-08-13 00:00:00,6.37,16.7
DWLR0041,2025-08-16 00:00:00,6.37,27.7
DWLR0041,2025-08-19 00:00:00,6.37,20.8
DWLR0041,2025-08-22 00:00:00,6.37,13.4
DWLR0041,2025-08-25 00:00:00,6.37,25.5
DWLR0041,2025-08-28 00:00:00,6.37,25.7
DWLR0041,2025-08-31 00:00:00,6.37,0.8
DWLR0041,2025-09-03 00:00:00,6.37,38.5
DWLR0041,2025-09-06 00:00:00,6.37,17.9
DWLR0041,2025-09-09 00:00:00,6.37,6.5
DWLR0041,2025-09-12 00:00:00,6.37,12.8
DWLR0041,2025-09-15 00:00:00,6.37,8.6
DWLR0041,2025-09-18 00:00:00,6.37,2.1
DWLR0041,2025-09-21 00:00:00,6.37,15.0
DWLR0041,2025-09-24 00:00:00,6.37,20.5
DWLR0041,2025-09-27 00:00:00,6.37,1.3
DWLR0041,2025-09-30 00:00:00,6.37,28.8
DWLR0041,2025-10-03 00:00:00,6.37,3.6
DWLR0041,2025-10-06 00:00:00,6.37,3.8
DWLR0041,2025-10-09 00:00:00,6.37,2.0
DWLR0041,2025-10-12 00:00:00,6.37,4.0
DWLR0041,2025-10-15 00:00:00,6.37,1.5
DWLR0041,2025-10-18 00:00:00,6.37,0.6
DWLR0041,2025-10-21 00:00:00,6.37,0.9
DWLR0041,2025-10-24 00:00:00,6.37,1.4
DWLR0041,2025-10-27 00:00:00,6.37,4.5
DWLR0041,2025-10-30 00:00:00,6.37,0.7
DWLR0041,2025-11-02 00:00:00,6.37,2.8
DWLR0041,2025-11-05 00:00:00,6.37,0.4
DWLR0041,2025-11-08 00:00:00,6.37,2.3
DWLR0041,2025-11-11 00:00:00,6.37,4.0
DWLR0041,2025-11-14 00:00:00,6.37,2.6
DWLR0041,2025-11-17 00:00:00,6.37,1.3
DWLR0041,2025-11-20 00:00:00,6.37,1.4
DWLR0041,2025-11-23 00:00:00,6.37,4.6
DWLR0041,2025-11-26 00:00:00,6.37,1.6
DWLR0042,2024-06-01 00:00:00,18.13,35.4
DWLR0042,2024-06-04 00:00:00,18.15,12.5
DWLR0042,2024-06-07 00:00:00,18.12,30.3
DWLR0042,2024-06-10 00:00:00,18.06,31.8
DWLR0042,2024-06-13 00:00:00,17.96,37.0
DWLR0042,2024-06-16 00:00:00,17.92,9.5
DWLR0042,2024-06-19 00:00:00,17.91,13.0
DWLR0042,2024-06-22 00:00:00,17.97,34.9
DWLR0042,2024-06-25 00:00:00,17.95,9.4
DWLR0042,2024-06-28 00:00:00,17.93,32.6
DWLR0042,2024-07-01 00:00:00,17.93,7.1
DWLR0042,2024-07-04 00:00:00,18.0,5.2
DWLR0042,2024-07-07 00:00:00,17.97,17.7
DWLR0042,2024-07-10 00:00:00,18.02,27.2
DWLR0042,2024-07-13 00:00:00,18.05,35.9
DWLR0042,2024-07-16 00:00:00,18.02,22.4
DWLR0042,2024-07-19 00:00:00,17.97,7.8
DWLR0042,2024-07-22 00:00:00,17.99,7.3
DWLR0042,2024-07-25 00:00:00,17.96,0.9
DWLR0042,2024-07-28 00:00:00,17.9,5.7
DWLR0042,2024-07-31 00:00:00,17.94,11.2
DWLR0042,2024-08-03 00:00:00,17.95,32.1
DWLR0042,2024-08-06 00:00:00,17.88,7.1
DWLR0042,2024-08-09 00:00:00,17.87,29.0
DWLR0042,2024-08-12 00:00:00,17.86,16.7
DWLR0042,2024-08-15 00:00:00,17.96,29.2
DWLR0042,2024-08-18 00:00:00,17.97,7.0
DWLR0042,2024-08-21 00:00:00,18.06,4.2
DWLR0042,2024-08-24 00:00:00,18.06,20.2
DWLR0042,2024-08-27 00:00:00,18.03,8.3
DWLR0042,2024-08-30 00:00:00,17.96,33.2
DWLR0042,2024-09-02 00:00:00,17.87,5.4
DWLR0042,2024-09-05 00:00:00,17.81,12.6
DWLR0042,2024-09-08 00:00:00,17.75,23.1
DWLR0042,2024-09-11 00:00:00,17.8,3.4
DWLR0042,2024-09-14 00:00:00,17.78,0.2
DWLR0042,2024-09-17 00:00:00,17.73,4.2
DWLR0042,2024-09-20 00:00:00,17.74,13.6
DWLR0042,2024-09-23 00:00:00,17.77,36.3
DWLR0042,2024-09-26 00:00:00,17.76,5.4
DWLR0042,2024-09-29 00:00:00,17.74,21.5
DWLR0042,2024-10-02 00:00:00,17.82,1.1
DWLR0042,2024-10-05 00:00:00,17.94,4.8
DWLR0042,2024-10-08 00:00:00,17.99,3.1
DWLR0042,2024-10-11 00:00:00,18.17,2.9
DWLR0042,2024-10-14 00:00:00,18.26,2.9
DWLR0042,2024-10-17 00:00:00,18.34,3.3
DWLR0042,2024-10-20 00:00:00,18.44,0.5
DWLR0042,2024-10-23 00:00:00,18.5,3.5
DWLR0042,2024-10-26 00:00:00,18.5,4.8
DWLR0042,2024-10-29 00:00:00,18.6,0.5
DWLR0042,2024-11-01 00:00:00,18.69,1.0
DWLR0042,2024-11-04 00:00:00,18.76,1.2
DWLR0042,2024-11-07 00:00:00,18.87,0.1
DWLR0042,2024-11-10 00:00:00,18.9,2.1
DWLR0042,2024-11-13 00:00:00,18.95,4.8
DWLR0042,2024-11-16 00:00:00,19.08,4.6
DWLR0042,2024-11-19 00:00:00,19.11,1.3
DWLR0042,2024-11-22 00:00:00,19.29,1.6
DWLR0042,2024-11-25 00:00:00,19.35,0.7
DWLR0042,2024-11-28 00:00:00,19.47,1.3
DWLR0042,2024-12-01 00:00:00,19.53,2.3
DWLR0042,2024-12-04 00:00:00,19.7,3.3
DWLR0042,2024-12-07 00:00:00,19.78,3.0
DWLR0042,2024-12-10 00:00:00,19.76,1.1
DWLR0042,2024-12-13 00:00:00,19.89,4.2
DWLR0042,2024-12-16 00:00:00,19.94,2.3
DWLR0042,2024-12-19 00:00:00,19.99,0.4
DWLR0042,2024-12-22 00:00:00,20.06,1.9
DWLR0042,2024-12-25 00:00:00,20.11,3.0
DWLR0042,2024-12-28 00:00:00,20.18,3.0
DWLR0042,2024-12-31 00:00:00,20.2,3.1
DWLR0042,2025-01-03 00:00:00,20.19,4.6
DWLR0042,2025-01-06 00:00:00,20.32,2.5
DWLR0042,2025-01-09 00:00:00,20.38,1.8
DWLR0042,2025-01-12 00:00:00,20.44,2.0
DWLR0042,2025-01-15 00:00:00,20.52,4.7
DWLR0042,2025-01-18 00:00:00,20.55,1.4
DWLR0042,2025-01-21 00:00:00,20.6,0.6
DWLR0042,2025-01-24 00:00:00,20.73,3.7
DWLR0042,2025-01-27 00:00:00,20.76,0.9
DWLR0042,2025-01-30 00:00:00,20.9,4.5
DWLR0042,2025-02-02 00:00:00,21.02,3.1
DWLR0042,2025-02-05 00:00:00,21.07,1.8
DWLR0042,2025-02-08 00:00:00,21.2,3.2
DWLR0042,2025-02-11 00:00:00,21.34,2.5
DWLR0042,2025-02-14 00:00:00,21.33,1.1
DWLR0042,2025-02-17 00:00:00,21.41,4.6
DWLR0042,2025-02-20 00:00:00,21.53,3.3
DWLR0042,2025-02-23 00:00:00,21.61,3.7
DWLR0042,2025-02-26 00:00:00,21.66,2.9
DWLR0042,2025-03-01 00:00:00,21.72,2.8
DWLR0042,2025-03-04 00:00:00,21.74,4.9
DWLR0042,2025-03-07 00:00:00,21.85,2.8
DWLR0042,2025-03-10 00:00:00,21.96,0.8
DWLR0042,2025-03-13 00:00:00,22.1,1.0
DWLR0042,2025-03-16 00:00:00,22.18,0.2
DWLR0042,2025-03-19 00:00:00,22.3,1.6
DWLR0042,2025-03-22 00:00:00,22.34,4.1
DWLR0042,2025-03-25 00:00:00,22.47,4.8
DWLR0042,2025-03-28 00:00:00,22.47,3.6
DWLR0042,2025-03-31 00:00:00,22.42,0.7
DWLR0042,2025-04-03 00:00:00,22.43,3.4
DWLR0042,2025-04-06 00:00:00,22.46,4.1
DWLR0042,2025-04-09 00:00:00,22.48,0.6
DWLR0042,2025-04-12 00:00:00,22.62,2.5
DWLR0042,2025-04-15 00:00:00,22.65,0.7
DWLR0042,2025-04-18 00:00:00,22.8,3.2
DWLR0042,2025-04-21 00:00:00,22.86,4.6
DWLR0042,2025-04-24 00:00:00,22.85,0.4
DWLR0042,2025-04-27 00:00:00,22.87,3.3
DWLR0042,2025-04-30 00:00:00,22.95,1.2
DWLR0042,2025-05-03 00:00:00,23.04,4.4
DWLR0042,2025-05-06 00:00:00,23.23,3.5
DWLR0042,2025-05-09 00:00:00,23.26,3.6
DWLR0042,2025-05-12 00:00:00,23.28,1.9
DWLR0042,2025-05-15 00:00:00,23.25,2.6
DWLR0042,2025-05-18 00:00:00,23.3,4.0
DWLR0042,2025-05-21 00:00:00,23.41,4.6
DWLR0042,2025-05-24 00:00:00,23.59,3.9
DWLR0042,2025-05-27 00:00:00,23.7,1.2
DWLR0042,2025-05-30 00:00:00,23.79,3.4
DWLR0042,2025-06-02 00:00:00,23.78,23.7
DWLR0042,2025-06-05 00:00:00,23.73,20.1
DWLR0042,2025-06-08 00:00:00,23.66,24.9
DWLR0042,2025-06-11 00:00:00,23.6,24.9
DWLR0042,2025-06-14 00:00:00,23.55,13.6
DWLR0042,2025-06-17 00:00:00,23.55,34.0
DWLR0042,2025-06-20 00:00:00,23.57,39.5
DWLR0042,2025-06-23 00:00:00,23.61,27.7
DWLR0042,2025-06-26 00:00:00,23.59,22.3
DWLR0042,2025-06-29 00:00:00,23.56,36.9
DWLR0042,2025-07-02 00:00:00,23.66,27.1
DWLR0042,2025-07-05 00:00:00,23.63,17.9
DWLR0042,2025-07-08 00:00:00,23.63,18.6
DWLR0042,2025-07-11 00:00:00,23.63,13.1
DWLR0042,2025-07-14 00:00:00,23.68,37.5
DWLR0042,2025-07-17 00:00:00,23.59,27.6
DWLR0042,2025-07-20 00:00:00,23.58,2.2
DWLR0042,2025-07-23 00:00:00,23.53,33.3
DWLR0042,2025-07-26 00:00:00,23.52,2.2
DWLR0042,2025-07-29 00:00:00,23.48,8.5
DWLR0042,2025-08-01 00:00:00,23.44,17.5
DWLR0042,2025-08-04 00:00:00,23.38,6.4
DWLR0042,2025-08-07 00:00:00,23.37,7.1
DWLR0042,2025-08-10 00:00:00,23.33,23.2
DWLR0042,2025-08-13 00:00:00,23.28,29.4
DWLR0042,2025-08-16 00:00:00,23.32,30.4
DWLR0042,2025-08-19 00:00:00,23.32,32.9
DWLR0042,2025-08-22 00:00:00,23.28,36.4
DWLR0042,2025-08-25 00:00:00,23.31,19.9
DWLR0042,2025-08-28 00:00:00,23.37,2.1
DWLR0042,2025-08-31 00:00:00,23.41,2.7
DWLR0042,2025-09-03 00:00:00,23.42,13.3
DWLR0042,2025-09-06 00:00:00,23.43,24.4
DWLR0042,2025-09-09 00:00:00,23.48,27.5
DWLR0042,2025-09-12 00:00:00,23.51,31.3
DWLR0042,2025-09-15 00:00:00,23.48,30.5
DWLR0042,2025-09-18 00:00:00,23.48,6.3
DWLR0042,2025-09-21 00:00:00,23.49,7.0
DWLR0042,2025-09-24 00:00:00,23.54,35.2
DWLR0042,2025-09-27 00:00:00,23.42,34.9
DWLR0042,2025-09-30 00:00:00,23.43,3.9
DWLR0042,2025-10-03 00:00:00,23.51,1.2
DWLR0042,2025-10-06 00:00:00,23.66,2.5
DWLR0042,2025-10-09 00:00:00,23.78,3.8
DWLR0042,2025-10-12 00:00:00,23.91,3.0
DWLR0042,2025-10-15 00:00:00,23.98,0.6
DWLR0042,2025-10-18 00:00:00,23.98,3.8
DWLR0042,2025-10-21 00:00:00,24.03,1.2
DWLR0042,2025-10-24 00:00:00,24.15,0.3
DWLR0042,2025-10-27 00:00:00,24.33,3.2
DWLR0042,2025-10-30 00:00:00,24.36,4.2
DWLR0042,2025-11-02 00:00:00,24.5,5.0
DWLR0042,2025-11-05 00:00:00,24.51,0.1
DWLR0042,2025-11-08 00:00:00,24.56,4.6
DWLR0042,2025-11-11 00:00:00,24.58,1.6
DWLR0042,2025-11-14 00:00:00,24.54,0.2
DWLR0042,2025-11-17 00:00:00,24.53,4.2
DWLR0042,2025-11-20 00:00:00,24.61,4.3
DWLR0042,2025-11-23 00:00:00,24.64,1.8
DWLR0042,2025-11-26 00:00:00,24.63,4.2
DWLR0043,2024-06-01 00:00:00,12.18,18.5
DWLR0043,2024-06-04 00:00:00,12.15,24.0
DWLR0043,2024-06-07 00:00:00,12.24,23.9
DWLR0043,2024-06-10 00:00:00,12.27,0.8
DWLR0043,2024-06-13 00:00:00,12.26,25.0
DWLR0043,2024-06-16 00:00:00,12.36,13.4
DWLR0043,2024-06-19 00:00:00,12.37,13.8
DWLR0043,2024-06-22 00:00:00,12.43,27.8
DWLR0043,2024-06-25 00:00:00,12.42,28.3
DWLR0043,2024-06-28 00:00:00,12.5,27.5
DWLR0043,2024-07-01 00:00:00,12.58,13.0
DWLR0043,2024-07-04 00:00:00,12.58,3.3
DWLR0043,2024-07-07 00:00:00,12.61,19.6
DWLR0043,2024-07-10 00:00:00,12.63,32.5
DWLR0043,2024-07-13 00:00:00,12.75,6.9
DWLR0043,2024-07-16 00:00:00,12.69,20.8
DWLR0043,2024-07-19 00:00:00,12.78,31.1
DWLR0043,2024-07-22 00:00:00,12.89,32.1
DWLR0043,2024-07-25 00:00:00,12.9,23.6
DWLR0043,2024-07-28 00:00:00,12.87,11.0
DWLR0043,2024-07-31 00:00:00,12.85,37.9
DWLR0043,2024-08-03 00:00:00,12.84,8.4
DWLR0043,2024-08-06 00:00:00,12.9,18.9
DWLR0043,2024-08-09 00:00:00,12.89,36.9
DWLR0043,2024-08-12 00:00:00,12.89,25.1
DWLR0043,2024-08-15 00:00:00,12.97,22.1
DWLR0043,2024-08-18 00:00:00,13.02,25.4
DWLR0043,2024-08-21 00:00:00,12.98,0.4
DWLR0043,2024-08-24 00:00:00,13.06,26.7
DWLR0043,2024-08-27 00:00:00,13.1,35.5
DWLR0043,2024-08-30 00:00:00,13.06,24.2
DWLR0043,2024-09-02 00:00:00,13.14,23.6
DWLR0043,2024-09-05 00:00:00,13.29,37.2
DWLR0043,2024-09-08 00:00:00,13.37,17.6
DWLR0043,2024-09-11 00:00:00,13.32,19.6
DWLR0043,2024-09-14 00:00:00,13.38,16.5
DWLR0043,2024-09-17 00:00:00,13.46,34.9
DWLR0043,2024-09-20 00:00:00,13.48,2.7
DWLR0043,2024-09-23 00:00:00,13.48,20.4
DWLR0043,2024-09-26 00:00:00,13.57,24.4
DWLR0043,2024-09-29 00:00:00,13.7,6.2
DWLR0043,2024-10-02 00:00:00,13.76,4.7
DWLR0043,2024-10-05 00:00:00,13.89,5.0
DWLR0043,2024-10-08 00:00:00,14.04,0.8
DWLR0043,2024-10-11 00:00:00,14.16,3.6
DWLR0043,2024-10-14 00:00:00,14.28,0.7
DWLR0043,2024-10-17 00:00:00,14.38,4.6
DWLR0043,2024-10-20 00:00:00,14.57,4.3
DWLR0043,2024-10-23 00:00:00,14.73,2.8
DWLR0043,2024-10-26 00:00:00,14.8,0.0
DWLR0043,2024-10-29 00:00:00,14.94,4.6
DWLR0043,2024-11-01 00:00:00,15.13,0.4
DWLR0043,2024-11-04 00:00:00,15.26,0.3
DWLR0043,2024-11-07 00:00:00,15.4,3.5
DWLR0043,2024-11-10 00:00:00,15.46,0.9
DWLR0043,2024-11-13 00:00:00,15.54,3.2
DWLR0043,2024-11-16 00:00:00,15.69,4.9
DWLR0043,2024-11-19 00:00:00,15.8,3.6
DWLR0043,2024-11-22 00:00:00,16.0,4.4
DWLR0043,2024-11-25 00:00:00,16.1,3.1
DWLR0043,2024-11-28 00:00:00,16.25,3.7
DWLR0043,2024-12-01 00:00:00,16.38,1.1
DWLR0043,2024-12-04 00:00:00,16.51,1.3
DWLR0043,2024-12-07 00:00:00,16.62,0.7
DWLR0043,2024-12-10 00:00:00,16.84,2.2
DWLR0043,2024-12-13 00:00:00,16.95,2.5
DWLR0043,2024-12-16 00:00:00,17.12,3.1
DWLR0043,2024-12-19 00:00:00,17.24,1.8
DWLR0043,2024-12-22 00:00:00,17.37,2.5
DWLR0043,2024-12-25 00:00:00,17.45,0.5
DWLR0043,2024-12-28 00:00:00,17.59,2.3
DWLR0043,2024-12-31 00:00:00,17.74,1.7
DWLR0043,2025-01-03 00:00:00,17.9,2.1
DWLR0043,2025-01-06 00:00:00,18.06,2.4
DWLR0043,2025-01-09 00:00:00,18.26,4.0
DWLR0043,2025-01-12 00:00:00,18.4,1.9
DWLR0043,2025-01-15 00:00:00,18.49,0.8
DWLR0043,2025-01-18 00:00:00,18.64,0.5
DWLR0043,2025-01-21 00:00:00,18.78,3.6
DWLR0043,2025-01-24 00:00:00,18.79,3.9
DWLR0043,2025-01-27 00:00:00,18.95,5.0
DWLR0043,2025-01-30 00:00:00,19.11,4.1
DWLR0043,2025-02-02 00:00:00,19.24,0.5
DWLR0043,2025-02-05 00:00:00,19.4,1.1
DWLR0043,2025-02-08 00:00:00,19.66,2.2
DWLR0043,2025-02-11 00:00:00,19.86,0.6
DWLR0043,2025-02-14 00:00:00,19.98,2.9
DWLR0043,2025-02-17 00:00:00,20.14,1.5
DWLR0043,2025-02-20 00:00:00,20.26,4.9
DWLR0043,2025-02-23 00:00:00,20.36,0.4
DWLR0043,2025-02-26 00:00:00,20.58,1.5
DWLR0043,2025-03-01 00:00:00,20.69,2.1
DWLR0043,2025-03-04 00:00:00,20.78,1.9
DWLR0043,2025-03-07 00:00:00,20.99,1.4
DWLR0043,2025-03-10 00:00:00,21.05,4.2
DWLR0043,2025-03-13 00:00:00,21.17,0.1
DWLR0043,2025-03-16 00:00:00,21.37,4.9
DWLR0043,2025-03-19 00:00:00,21.53,2.2
DWLR0043,2025-03-22 00:00:00,21.69,0.7
DWLR0043,2025-03-25 00:00:00,21.81,3.8
DWLR0043,2025-03-28 00:00:00,21.88,1.3
DWLR0043,2025-03-31 00:00:00,22.08,4.6
DWLR0043,2025-04-03 00:00:00,22.25,3.8
DWLR0043,2025-04-06 00:00:00,22.32,2.0
DWLR0043,2025-04-09 00:00:00,22.48,0.5
DWLR0043,2025-04-12 00:00:00,22.59,1.4
DWLR0043,2025-04-15 00:00:00,22.7,1.7
DWLR0043,2025-04-18 00:00:00,22.72,4.0
DWLR0043,2025-04-21 00:00:00,22.89,4.0
DWLR0043,2025-04-24 00:00:00,23.06,0.2
DWLR0043,2025-04-27 00:00:00,23.14,1.6
DWLR0043,2025-04-30 00:00:00,23.19,2.8
DWLR0043,2025-05-03 00:00:00,23.38,2.7
DWLR0043,2025-05-06 00:00:00,23.51,3.9
DWLR0043,2025-05-09 00:00:00,23.59,4.2
DWLR0043,2025-05-12 00:00:00,23.82,0.5
DWLR0043,2025-05-15 00:00:00,23.93,3.5
DWLR0043,2025-05-18 00:00:00,24.03,0.7
DWLR0043,2025-05-21 00:00:00,24.09,0.1
DWLR0043,2025-05-24 00:00:00,24.2,0.0
DWLR0043,2025-05-27 00:00:00,24.37,3.4
DWLR0043,2025-05-30 00:00:00,24.41,2.6
DWLR0043,2025-06-02 00:00:00,24.41,0.8
DWLR0043,2025-06-05 00:00:00,24.34,15.8
DWLR0043,2025-06-08 00:00:00,24.41,29.8
DWLR0043,2025-06-11 00:00:00,24.38,2.7
DWLR0043,2025-06-14 00:00:00,24.34,15.3
DWLR0043,2025-06-17 00:00:00,24.37,39.2
DWLR0043,2025-06-20 00:00:00,24.37,17.0
DWLR0043,2025-06-23 00:00:00,24.48,10.3
DWLR0043,2025-06-26 00:00:00,24.51,4.9
DWLR0043,2025-06-29 00:00:00,24.62,6.2
DWLR0043,2025-07-02 00:00:00,24.65,1.4
DWLR0043,2025-07-05 00:00:00,24.64,20.7
DWLR0043,2025-07-08 00:00:00,24.73,2.0
DWLR0043,2025-07-11 00:00:00,24.75,35.2
DWLR0043,2025-07-14 00:00:00,24.76,38.6
DWLR0043,2025-07-17 00:00:00,24.76,19.9
DWLR0043,2025-07-20 00:00:00,24.69,3.6
DWLR0043,2025-07-23 00:00:00,24.69,16.6
DWLR0043,2025-07-26 00:00:00,24.76,6.7
DWLR0043,2025-07-29 00:00:00,24.77,1.8
DWLR0043,2025-08-01 00:00:00,24.84,15.5
DWLR0043,2025-08-04 00:00:00,24.89,25.3
DWLR0043,2025-08-07 00:00:00,25.0,24.4
DWLR0043,2025-08-10 00:00:00,24.95,39.4
DWLR0043,2025-08-13 00:00:00,24.98,12.8
DWLR0043,2025-08-16 00:00:00,25.0,28.7
DWLR0043,2025-08-19 00:00:00,25.03,10.2
DWLR0043,2025-08-22 00:00:00,25.04,34.0
DWLR0043,2025-08-25 00:00:00,25.14,15.1
DWLR0043,2025-08-28 00:00:00,25.21,34.4
DWLR0043,2025-08-31 00:00:00,25.24,25.1
DWLR0043,2025-09-03 00:00:00,25.28,4.0
DWLR0043,2025-09-06 00:00:00,25.33,11.8
DWLR0043,2025-09-09 00:00:00,25.51,5.5
DWLR0043,2025-09-12 00:00:00,25.5,16.7
DWLR0043,2025-09-15 00:00:00,25.64,30.6
DWLR0043,2025-09-18 00:00:00,25.77,6.0
DWLR0043,2025-09-21 00:00:00,25.74,4.5
DWLR0043,2025-09-24 00:00:00,25.78,36.0
DWLR0043,2025-09-27 00:00:00,25.83,4.6
DWLR0043,2025-09-30 00:00:00,25.86,8.5
DWLR0043,2025-10-03 00:00:00,25.93,2.3
DWLR0043,2025-10-06 00:00:00,26.03,4.5
DWLR0043,2025-10-09 00:00:00,26.14,3.0
DWLR0043,2025-10-12 00:00:00,26.29,4.7
DWLR0043,2025-10-15 00:00:00,26.36,1.1
DWLR0043,2025-10-18 00:00:00,26.43,1.7
DWLR0043,2025-10-21 00:00:00,26.59,4.2
DWLR0043,2025-10-24 00:00:00,26.68,2.2
DWLR0043,2025-10-27 00:00:00,26.76,0.3
DWLR0043,2025-10-30 00:00:00,26.91,5.0
DWLR0043,2025-11-02 00:00:00,27.09,1.5
DWLR0043,2025-11-05 00:00:00,27.19,1.9
DWLR0043,2025-11-08 00:00:00,27.33,2.5
DWLR0043,2025-11-11 00:00:00,27.48,3.6
DWLR0043,2025-11-14 00:00:00,27.66,2.4
DWLR0043,2025-11-17 00:00:00,27.71,2.5
DWLR0043,2025-11-20 00:00:00,27.85,2.3
DWLR0043,2025-11-23 00:00:00,28.02,1.7
DWLR0043,2025-11-26 00:00:00,28.15,0.0
DWLR0044,2024-06-01 00:00:00,12.97,21.1
DWLR0044,2024-06-04 00:00:00,12.91,13.9
DWLR0044,2024-06-07 00:00:00,12.89,23.8
DWLR0044,2024-06-10 00:00:00,12.93,29.2
DWLR0044,2024-06-13 00:00:00,12.83,14.0
DWLR0044,2024-06-16 00:00:00,12.75,27.7
DWLR0044,2024-06-19 00:00:00,12.68,14.4
DWLR0044,2024-06-22 00:00:00,12.61,40.0
DWLR0044,2024-06-25 00:00:00,12.55,8.2
DWLR0044,2024-06-28 00:00:00,12.55,5.0
DWLR0044,2024-07-01 00:00:00,12.44,21.9
DWLR0044,2024-07-04 00:00:00,12.36,8.6
DWLR0044,2024-07-07 00:00:00,12.33,14.0
DWLR0044,2024-07-10 00:00:00,12.32,6.4
DWLR0044,2024-07-13 00:00:00,12.32,8.1
DWLR0044,2024-07-16 00:00:00,12.21,37.3
DWLR0044,2024-07-19 00:00:00,12.15,26.7
DWLR0044,2024-07-22 00:00:00,12.07,5.5
DWLR0044,2024-07-25 00:00:00,12.04,15.4
DWLR0044,2024-07-28 00:00:00,12.07,12.5
DWLR0044,2024-07-31 00:00:00,12.02,16.8
DWLR0044,2024-08-03 00:00:00,11.92,15.3
DWLR0044,2024-08-06 00:00:00,11.85,33.7
DWLR0044,2024-08-09 00:00:00,11.73,9.8
DWLR0044,2024-08-12 00:00:00,11.67,13.0
DWLR0044,2024-08-15 00:00:00,11.53,8.0
DWLR0044,2024-08-18 00:00:00,11.56,38.2
DWLR0044,2024-08-21 00:00:00,11.51,12.3
DWLR0044,2024-08-24 00:00:00,11.48,27.0
DWLR0044,2024-08-27 00:00:00,11.43,35.5
DWLR0044,2024-08-30 00:00:00,11.48,20.1
DWLR0044,2024-09-02 00:00:00,11.39,31.4
DWLR0044,2024-09-05 00:00:00,11.37,18.5
DWLR0044,2024-09-08 00:00:00,11.31,33.1
DWLR0044,2024-09-11 00:00:00,11.31,37.5
DWLR0044,2024-09-14 00:00:00,11.24,17.1
DWLR0044,2024-09-17 00:00:00,11.29,29.4
DWLR0044,2024-09-20 00:00:00,11.14,28.4
DWLR0044,2024-09-23 00:00:00,10.97,22.8
DWLR0044,2024-09-26 00:00:00,10.92,2.0
DWLR0044,2024-09-29 00:00:00,10.88,19.5
DWLR0044,2024-10-02 00:00:00,10.89,3.4
DWLR0044,2024-10-05 00:00:00,10.91,4.0
DWLR0044,2024-10-08 00:00:00,11.04,0.6
DWLR0044,2024-10-11 00:00:00,11.1,1.8
DWLR0044,2024-10-14 00:00:00,11.12,2.2
DWLR0044,2024-10-17 00:00:00,11.17,0.4
DWLR0044,2024-10-20 00:00:00,11.19,4.9
DWLR0044,2024-10-23 00:00:00,11.29,1.0
DWLR0044,2024-10-26 00:00:00,11.31,1.2
DWLR0044,2024-10-29 00:00:00,11.39,2.1
DWLR0044,2024-11-01 00:00:00,11.38,3.3
DWLR0044,2024-11-04 00:00:00,11.44,2.1
DWLR0044,2024-11-07 00:00:00,11.44,0.5
DWLR0044,2024-11-10 00:00:00,11.39,3.7
DWLR0044,2024-11-13 00:00:00,11.42,1.4
DWLR0044,2024-11-16 00:00:00,11.47,2.5
DWLR0044,2024-11-19 00:00:00,11.5,3.5
DWLR0044,2024-11-22 00:00:00,11.58,3.1
DWLR0044,2024-11-25 00:00:00,11.69,2.6
DWLR0044,2024-11-28 00:00:00,11.78,0.3
DWLR0044,2024-12-01 00:00:00,11.81,0.3
DWLR0044,2024-12-04 00:00:00,11.93,3.4
DWLR0044,2024-12-07 00:00:00,11.92,1.1
DWLR0044,2024-12-10 00:00:00,11.92,4.6
DWLR0044,2024-12-13 00:00:00,12.02,3.9
DWLR0044,2024-12-16 00:00:00,12.13,2.2
DWLR0044,2024-12-19 00:00:00,12.25,4.4
DWLR0044,2024-12-22 00:00:00,12.34,4.9
DWLR0044,2024-12-25 00:00:00,12.32,4.3
DWLR0044,2024-12-28 00:00:00,12.42,3.7
DWLR0044,2024-12-31 00:00:00,12.49,3.4
DWLR0044,2025-01-03 00:00:00,12.62,0.9
DWLR0044,2025-01-06 00:00:00,12.74,0.7
DWLR0044,2025-01-09 00:00:00,12.77,1.4
DWLR0044,2025-01-12 00:00:00,12.82,2.5
DWLR0044,2025-01-15 00:00:00,12.88,4.9
DWLR0044,2025-01-18 00:00:00,12.95,1.8
DWLR0044,2025-01-21 00:00:00,12.93,4.6
DWLR0044,2025-01-24 00:00:00,12.89,1.9
DWLR0044,2025-01-27 00:00:00,12.99,1.8
DWLR0044,2025-01-30 00:00:00,13.05,1.0
DWLR0044,2025-02-02 00:00:00,13.05,2.1
DWLR0044,2025-02-05 00:00:00,13.1,1.1
DWLR0044,2025-02-08 00:00:00,13.22,4.4
DWLR0044,2025-02-11 00:00:00,13.21,2.2
DWLR0044,2025-02-14 00:00:00,13.28,4.2
DWLR0044,2025-02-17 00:00:00,13.34,3.8
DWLR0044,2025-02-20 00:00:00,13.45,4.7
DWLR0044,2025-02-23 00:00:00,13.51,1.6
DWLR0044,2025-02-26 00:00:00,13.56,2.8
DWLR0044,2025-03-01 00:00:00,13.59,1.7
DWLR0044,2025-03-04 00:00:00,13.57,4.3
DWLR0044,2025-03-07 00:00:00,13.58,4.4
DWLR0044,2025-03-10 00:00:00,13.67,1.2
DWLR0044,2025-03-13 00:00:00,13.81,1.7
DWLR0044,2025-03-16 00:00:00,13.9,0.5
DWLR0044,2025-03-19 00:00:00,13.99,4.0
DWLR0044,2025-03-22 00:00:00,13.99,0.3
DWLR0044,2025-03-25 00:00:00,14.09,4.1
DWLR0044,2025-03-28 00:00:00,14.11,4.6
DWLR0044,2025-03-31 00:00:00,14.2,3.0
DWLR0044,2025-04-03 00:00:00,14.18,3.8
DWLR0044,2025-04-06 00:00:00,14.12,0.1
DWLR0044,2025-04-09 00:00:00,14.16,3.4
DWLR0044,2025-04-12 00:00:00,14.15,4.5
DWLR0044,2025-04-15 00:00:00,14.18,2.4
DWLR0044,2025-04-18 00:00:00,14.27,4.5
DWLR0044,2025-04-21 00:00:00,14.3,2.2
DWLR0044,2025-04-24 00:00:00,14.37,0.6
DWLR0044,2025-04-27 00:00:00,14.43,3.0
DWLR0044,2025-04-30 00:00:00,14.49,4.9
DWLR0044,2025-05-03 00:00:00,14.55,3.9
DWLR0044,2025-05-06 00:00:00,14.61,4.7
DWLR0044,2025-05-09 00:00:00,14.58,3.8
DWLR0044,2025-05-12 00:00:00,14.57,2.8
DWLR0044,2025-05-15 00:00:00,14.67,3.7
DWLR0044,2025-05-18 00:00:00,14.75,1.0
DWLR0044,2025-05-21 00:00:00,14.77,4.7
DWLR0044,2025-05-24 00:00:00,14.82,4.9
DWLR0044,2025-05-27 00:00:00,14.91,3.5
DWLR0044,2025-05-30 00:00:00,14.92,2.1
DWLR0044,2025-06-02 00:00:00,14.8,39.1
DWLR0044,2025-06-05 00:00:00,14.68,9.5
DWLR0044,2025-06-08 00:00:00,14.65,14.8
DWLR0044,2025-06-11 00:00:00,14.6,26.4
DWLR0044,2025-06-14 00:00:00,14.57,0.1
DWLR0044,2025-06-17 00:00:00,14.58,2.8
DWLR0044,2025-06-20 00:00:00,14.49,30.3
DWLR0044,2025-06-23 00:00:00,14.45,15.6
DWLR0044,2025-06-26 00:00:00,14.44,30.2
DWLR0044,2025-06-29 00:00:00,14.41,32.8
DWLR0044,2025-07-02 00:00:00,14.39,21.2
DWLR0044,2025-07-05 00:00:00,14.35,38.7
DWLR0044,2025-07-08 00:00:00,14.22,1.5
DWLR0044,2025-07-11 00:00:00,14.2,21.7
DWLR0044,2025-07-14 00:00:00,14.15,1.0
DWLR0044,2025-07-17 00:00:00,14.2,37.2
DWLR0044,2025-07-20 00:00:00,14.26,2.3
DWLR0044,2025-07-23 00:00:00,14.23,7.4
DWLR0044,2025-07-26 00:00:00,14.18,32.3
DWLR0044,2025-07-29 00:00:00,14.15,19.3
DWLR0044,2025-08-01 00:00:00,14.12,10.6
DWLR0044,2025-08-04 00:00:00,14.04,14.5
DWLR0044,2025-08-07 00:00:00,14.0,15.5
DWLR0044,2025-08-10 00:00:00,13.89,19.9
DWLR0044,2025-08-13 00:00:00,13.8,21.5
DWLR0044,2025-08-16 00:00:00,13.66,9.5
DWLR0044,2025-08-19 00:00:00,13.54,22.0
DWLR0044,2025-08-22 00:00:00,13.46,0.4
DWLR0044,2025-08-25 00:00:00,13.4,28.5
DWLR0044,2025-08-28 00:00:00,13.37,23.6
DWLR0044,2025-08-31 00:00:00,13.31,27.9
DWLR0044,2025-09-03 00:00:00,13.33,2.6
DWLR0044,2025-09-06 00:00:00,13.23,28.8
DWLR0044,2025-09-09 00:00:00,13.19,39.7
DWLR0044,2025-09-12 00:00:00,13.16,28.9
DWLR0044,2025-09-15 00:00:00,13.08,17.2
DWLR0044,2025-09-18 00:00:00,13.07,9.7
DWLR0044,2025-09-21 00:00:00,13.09,29.7
DWLR0044,2025-09-24 00:00:00,13.12,18.8
DWLR0044,2025-09-27 00:00:00,13.13,35.9
DWLR0044,2025-09-30 00:00:00,13.09,0.4
DWLR0044,2025-10-03 00:00:00,13.25,0.2
DWLR0044,2025-10-06 00:00:00,13.26,3.1
DWLR0044,2025-10-09 00:00:00,13.3,1.1
DWLR0044,2025-10-12 00:00:00,13.36,1.8
DWLR0044,2025-10-15 00:00:00,13.39,2.7
DWLR0044,2025-10-18 00:00:00,13.43,2.9
DWLR0044,2025-10-21 00:00:00,13.44,0.3
DWLR0044,2025-10-24 00:00:00,13.45,0.1
DWLR0044,2025-10-27 00:00:00,13.46,4.2
DWLR0044,2025-10-30 00:00:00,13.53,0.7
DWLR0044,2025-11-02 00:00:00,13.59,2.3
DWLR0044,2025-11-05 00:00:00,13.56,2.7
DWLR0044,2025-11-08 00:00:00,13.59,2.9
DWLR0044,2025-11-11 00:00:00,13.69,1.2
DWLR0044,2025-11-14 00:00:00,13.7,1.8
DWLR0044,2025-11-17 00:00:00,13.68,0.5
DWLR0044,2025-11-20 00:00:00,13.78,2.6
DWLR0044,2025-11-23 00:00:00,13.91,1.4
DWLR0044,2025-11-26 00:00:00,13.9,5.0
DWLR0045,2024-06-01 00:00:00,8.67,38.1
DWLR0045,2024-06-04 00:00:00,8.59,6.1
DWLR0045,2024-06-07 00:00:00,8.5,0.3
DWLR0045,2024-06-10 00:00:00,8.47,34.4
DWLR0045,2024-06-13 00:00:00,8.38,13.4
DWLR0045,2024-06-16 00:00:00,8.31,39.4
DWLR0045,2024-06-19 00:00:00,8.3,25.8
DWLR0045,2024-06-22 00:00:00,8.24,32.2
DWLR0045,2024-06-25 00:00:00,8.18,10.7
DWLR0045,2024-06-28 00:00:00,8.13,34.8
DWLR0045,2024-07-01 00:00:00,8.11,32.3
DWLR0045,2024-07-04 00:00:00,8.01,19.9
DWLR0045,2024-07-07 00:00:00,7.99,6.7
DWLR0045,2024-07-10 00:00:00,7.93,30.5
DWLR0045,2024-07-13 00:00:00,7.82,31.3
DWLR0045,2024-07-16 00:00:00,7.77,3.9
DWLR0045,2024-07-19 00:00:00,7.69,0.5
DWLR0045,2024-07-22 00:00:00,7.6,10.6
DWLR0045,2024-07-25 00:00:00,7.53,15.7
DWLR0045,2024-07-28 00:00:00,7.53,1.3
DWLR0045,2024-07-31 00:00:00,7.55,30.1
DWLR0045,2024-08-03 00:00:00,7.49,3.7
DWLR0045,2024-08-06 00:00:00,7.46,13.3
DWLR0045,2024-08-09 00:00:00,7.38,36.4
DWLR0045,2024-08-12 00:00:00,7.36,21.2
DWLR0045,2024-08-15 00:00:00,7.31,31.5
DWLR0045,2024-08-18 00:00:00,7.23,23.8
DWLR0045,2024-08-21 00:00:00,7.1,14.5
DWLR0045,2024-08-24 00:00:00,7.06,34.3
DWLR0045,2024-08-27 00:00:00,7.01,19.9
DWLR0045,2024-08-30 00:00:00,6.96,24.0
DWLR0045,2024-09-02 00:00:00,6.82,35.8
DWLR0045,2024-09-05 00:00:00,6.79,20.4
DWLR0045,2024-09-08 00:00:00,6.7,35.5
DWLR0045,2024-09-11 00:00:00,6.67,26.4
DWLR0045,2024-09-14 00:00:00,6.64,27.1
DWLR0045,2024-09-17 00:00:00,6.63,6.6
DWLR0045,2024-09-20 00:00:00,6.59,31.5
DWLR0045,2024-09-23 00:00:00,6.54,4.4
DWLR0045,2024-09-26 00:00:00,6.54,35.2
DWLR0045,2024-09-29 00:00:00,6.54,32.6
DWLR0045,2024-10-02 00:00:00,6.6,3.4
DWLR0045,2024-10-05 00:00:00,6.64,1.0
DWLR0045,2024-10-08 00:00:00,6.65,1.7
DWLR0045,2024-10-11 00:00:00,6.72,1.2
DWLR0045,2024-10-14 00:00:00,6.72,1.3
DWLR0045,2024-10-17 00:00:00,6.74,4.6
DWLR0045,2024-10-20 00:00:00,6.72,2.1
DWLR0045,2024-10-23 00:00:00,6.76,1.3
DWLR0045,2024-10-26 00:00:00,6.82,4.8
DWLR0045,2024-10-29 00:00:00,6.89,2.2
DWLR0045,2024-11-01 00:00:00,6.98,2.4
DWLR0045,2024-11-04 00:00:00,7.06,0.4
DWLR0045,2024-11-07 00:00:00,7.02,0.6
DWLR0045,2024-11-10 00:00:00,7.05,1.6
DWLR0045,2024-11-13 00:00:00,7.1,3.9
DWLR0045,2024-11-16 00:00:00,7.17,0.9
DWLR0045,2024-11-19 00:00:00,7.24,1.2
DWLR0045,2024-11-22 00:00:00,7.27,4.3
DWLR0045,2024-11-25 00:00:00,7.36,0.2
DWLR0045,2024-11-28 00:00:00,7.44,0.0
DWLR0045,2024-12-01 00:00:00,7.47,0.6
DWLR0045,2024-12-04 00:00:00,7.45,0.3
DWLR0045,2024-12-07 00:00:00,7.41,5.0
DWLR0045,2024-12-10 00:00:00,7.43,1.6
DWLR0045,2024-12-13 00:00:00,7.44,2.9
DWLR0045,2024-12-16 00:00:00,7.4,3.8
DWLR0045,2024-12-19 00:00:00,7.49,3.8
DWLR0045,2024-12-22 00:00:00,7.6,4.2
DWLR0045,2024-12-25 00:00:00,7.58,0.7
DWLR0045,2024-12-28 00:00:00,7.54,3.5
DWLR0045,2024-12-31 00:00:00,7.47,3.5
DWLR0045,2025-01-03 00:00:00,7.46,4.3
DWLR0045,2025-01-06 00:00:00,7.56,4.9
DWLR0045,2025-01-09 00:00:00,7.54,0.2
DWLR0045,2025-01-12 00:00:00,7.52,1.3
DWLR0045,2025-01-15 00:00:00,7.6,1.6
DWLR0045,2025-01-18 00:00:00,7.65,0.3
DWLR0045,2025-01-21 00:00:00,7.69,2.3
DWLR0045,2025-01-24 00:00:00,7.71,3.4
DWLR0045,2025-01-27 00:00:00,7.75,2.0
DWLR0045,2025-01-30 00:00:00,7.71,0.6
DWLR0045,2025-02-02 00:00:00,7.73,1.8
DWLR0045,2025-02-05 00:00:00,7.75,3.7
DWLR0045,2025-02-08 00:00:00,7.73,3.9
DWLR0045,2025-02-11 00:00:00,7.76,2.6
DWLR0045,2025-02-14 00:00:00,7.73,0.2
DWLR0045,2025-02-17 00:00:00,7.81,4.8
DWLR0045,2025-02-20 00:00:00,7.84,4.7
DWLR0045,2025-02-23 00:00:00,7.9,4.0
DWLR0045,2025-02-26 00:00:00,8.03,2.4
DWLR0045,2025-03-01 00:00:00,8.05,0.2
DWLR0045,2025-03-04 00:00:00,7.99,2.9
DWLR0045,2025-03-07 00:00:00,8.05,1.1
DWLR0045,2025-03-10 00:00:00,8.14,4.7
DWLR0045,2025-03-13 00:00:00,8.16,0.6
DWLR0045,2025-03-16 00:00:00,8.13,1.6
DWLR0045,2025-03-19 00:00:00,8.21,4.0
DWLR0045,2025-03-22 00:00:00,8.32,0.5
DWLR0045,2025-03-25 00:00:00,8.32,2.0
DWLR0045,2025-03-28 00:00:00,8.31,3.6
DWLR0045,2025-03-31 00:00:00,8.39,1.7
DWLR0045,2025-04-03 00:00:00,8.31,1.5
DWLR0045,2025-04-06 00:00:00,8.38,3.2
DWLR0045,2025-04-09 00:00:00,8.41,1.4
DWLR0045,2025-04-12 00:00:00,8.46,2.2
DWLR0045,2025-04-15 00:00:00,8.56,2.2
DWLR0045,2025-04-18 00:00:00,8.62,2.6
DWLR0045,2025-04-21 00:00:00,8.65,1.5
DWLR0045,2025-04-24 00:00:00,8.7,4.8
DWLR0045,2025-04-27 00:00:00,8.61,1.7
DWLR0045,2025-04-30 00:00:00,8.62,4.6
DWLR0045,2025-05-03 00:00:00,8.58,2.5
DWLR0045,2025-05-06 00:00:00,8.64,4.4
DWLR0045,2025-05-09 00:00:00,8.67,1.9
DWLR0045,2025-05-12 00:00:00,8.81,3.8
DWLR0045,2025-05-15 00:00:00,8.87,2.0
DWLR0045,2025-05-18 00:00:00,8.91,2.2
DWLR0045,2025-05-21 00:00:00,8.89,0.7
DWLR0045,2025-05-24 00:00:00,8.97,3.8
DWLR0045,2025-05-27 00:00:00,9.06,1.5
DWLR0045,2025-05-30 00:00:00,9.06,0.8
DWLR0045,2025-06-02 00:00:00,9.03,17.0
DWLR0045,2025-06-05 00:00:00,8.99,1.8
DWLR0045,2025-06-08 00:00:00,8.97,24.8
DWLR0045,2025-06-11 00:00:00,8.91,14.3
DWLR0045,2025-06-14 00:00:00,8.85,19.2
DWLR0045,2025-06-17 00:00:00,8.76,16.6
DWLR0045,2025-06-20 00:00:00,8.66,27.7
DWLR0045,2025-06-23 00:00:00,8.64,24.0
DWLR0045,2025-06-26 00:00:00,8.6,3.3
DWLR0045,2025-06-29 00:00:00,8.53,28.0
DWLR0045,2025-07-02 00:00:00,8.53,7.4
DWLR0045,2025-07-05 00:00:00,8.45,3.9
DWLR0045,2025-07-08 00:00:00,8.41,15.6
DWLR0045,2025-07-11 00:00:00,8.44,19.5
DWLR0045,2025-07-14 00:00:00,8.35,17.4
DWLR0045,2025-07-17 00:00:00,8.21,3.1
DWLR0045,2025-07-20 00:00:00,8.1,33.8
DWLR0045,2025-07-23 00:00:00,8.09,12.3
DWLR0045,2025-07-26 00:00:00,8.04,30.7
DWLR0045,2025-07-29 00:00:00,7.91,9.6
DWLR0045,2025-08-01 00:00:00,7.84,36.5
DWLR0045,2025-08-04 00:00:00,7.72,36.2
DWLR0045,2025-08-07 00:00:00,7.56,11.6
DWLR0045,2025-08-10 00:00:00,7.51,7.9
DWLR0045,2025-08-13 00:00:00,7.41,39.9
DWLR0045,2025-08-16 00:00:00,7.33,14.2
DWLR0045,2025-08-19 00:00:00,7.3,3.5
DWLR0045,2025-08-22 00:00:00,7.24,37.1
DWLR0045,2025-08-25 00:00:00,7.16,13.0
DWLR0045,2025-08-28 00:00:00,7.13,23.8
DWLR0045,2025-08-31 00:00:00,7.12,38.9
DWLR0045,2025-09-03 00:00:00,7.09,26.8
DWLR0045,2025-09-06 00:00:00,7.02,3.5
DWLR0045,2025-09-09 00:00:00,6.95,1.6
DWLR0045,2025-09-12 00:00:00,6.92,35.6
DWLR0045,2025-09-15 00:00:00,6.84,26.0
DWLR0045,2025-09-18 00:00:00,6.79,37.9
DWLR0045,2025-09-21 00:00:00,6.77,37.3
DWLR0045,2025-09-24 00:00:00,6.75,12.5
DWLR0045,2025-09-27 00:00:00,6.7,24.4
DWLR0045,2025-09-30 00:00:00,6.68,15.5
DWLR0045,2025-10-03 00:00:00,6.69,1.0
DWLR0045,2025-10-06 00:00:00,6.72,4.7
DWLR0045,2025-10-09 00:00:00,6.73,4.3
DWLR0045,2025-10-12 00:00:00,6.67,0.5
DWLR0045,2025-10-15 00:00:00,6.78,4.9
DWLR0045,2025-10-18 00:00:00,6.83,3.5
DWLR0045,2025-10-21 00:00:00,6.83,2.5
DWLR0045,2025-10-24 00:00:00,6.86,2.8
DWLR0045,2025-10-27 00:00:00,6.94,0.9
DWLR0045,2025-10-30 00:00:00,7.04,2.5
DWLR0045,2025-11-02 00:00:00,7.15,4.4
DWLR0045,2025-11-05 00:00:00,7.24,4.8
DWLR0045,2025-11-08 00:00:00,7.21,4.2
DWLR0045,2025-11-11 00:00:00,7.21,2.9
DWLR0045,2025-11-14 00:00:00,7.2,0.8
DWLR0045,2025-11-17 00:00:00,7.22,1.9
DWLR0045,2025-11-20 00:00:00,7.26,0.5
DWLR0045,2025-11-23 00:00:00,7.29,3.7
DWLR0045,2025-11-26 00:00:00,7.37,2.8
DWLR0046,2024-06-01 00:00:00,23.79,22.1
DWLR0046,2024-06-04 00:00:00,23.84,33.4
DWLR0046,2024-06-07 00:00:00,23.84,18.4
DWLR0046,2024-06-10 00:00:00,23.79,12.4
DWLR0046,2024-06-13 00:00:00,23.84,4.9
DWLR0046,2024-06-16 00:00:00,23.81,2.5
DWLR0046,2024-06-19 00:00:00,23.72,4.8
DWLR0046,2024-06-22 00:00:00,23.78,28.0
DWLR0046,2024-06-25 00:00:00,23.79,39.8
DWLR0046,2024-06-28 00:00:00,23.78,11.3
DWLR0046,2024-07-01 00:00:00,23.77,22.8
DWLR0046,2024-07-04 00:00:00,23.83,26.0
DWLR0046,2024-07-07 00:00:00,23.89,8.5
DWLR0046,2024-07-10 00:00:00,23.88,21.0
DWLR0046,2024-07-13 00:00:00,23.92,5.3
DWLR0046,2024-07-16 00:00:00,23.86,28.5
DWLR0046,2024-07-19 00:00:00,23.82,34.1
DWLR0046,2024-07-22 00:00:00,23.88,31.8
DWLR0046,2024-07-25 00:00:00,23.89,2.9
DWLR0046,2024-07-28 00:00:00,23.95,32.9
DWLR0046,2024-07-31 00:00:00,24.01,2.3
DWLR0046,2024-08-03 00:00:00,24.12,37.6
DWLR0046,2024-08-06 00:00:00,24.18,33.6
DWLR0046,2024-08-09 00:00:00,24.2,11.4
DWLR0046,2024-08-12 00:00:00,24.17,31.4
DWLR0046,2024-08-15 00:00:00,24.26,38.5
DWLR0046,2024-08-18 00:00:00,24.26,3.3
DWLR0046,2024-08-21 00:00:00,24.22,23.3
DWLR0046,2024-08-24 00:00:00,24.23,30.9
DWLR0046,2024-08-27 00:00:00,24.24,38.2
DWLR0046,2024-08-30 00:00:00,24.25,3.5
DWLR0046,2024-09-02 00:00:00,24.35,39.6
DWLR0046,2024-09-05 00:00:00,24.34,28.2
DWLR0046,2024-09-08 00:00:00,24.37,33.2
DWLR0046,2024-09-11 00:00:00,24.33,18.6
DWLR0046,2024-09-14 00:00:00,24.35,23.2
DWLR0046,2024-09-17 00:00:00,24.34,21.0
DWLR0046,2024-09-20 00:00:00,24.33,24.7
DWLR0046,2024-09-23 00:00:00,24.31,15.6
DWLR0046,2024-09-26 00:00:00,24.29,28.9
DWLR0046,2024-09-29 00:00:00,24.3,36.5
DWLR0046,2024-10-02 00:00:00,24.4,1.5
DWLR0046,2024-10-05 00:00:00,24.45,2.0
DWLR0046,2024-10-08 00:00:00,24.48,2.2
DWLR0046,2024-10-11 00:00:00,24.67,3.9
DWLR0046,2024-10-14 00:00:00,24.82,2.9
DWLR0046,2024-10-17 00:00:00,25.01,4.8
DWLR0046,2024-10-20 00:00:00,25.15,0.3
DWLR0046,2024-10-23 00:00:00,25.24,1.2
DWLR0046,2024-10-26 00:00:00,25.35,1.1
DWLR0046,2024-10-29 00:00:00,25.47,4.0
DWLR0046,2024-11-01 00:00:00,25.59,4.1
DWLR0046,2024-11-04 00:00:00,25.69,4.5
DWLR0046,2024-11-07 00:00:00,25.74,1.7
DWLR0046,2024-11-10 00:00:00,25.88,4.7
DWLR0046,2024-11-13 00:00:00,25.96,3.8
DWLR0046,2024-11-16 00:00:00,26.06,4.0
DWLR0046,2024-11-19 00:00:00,26.2,2.1
DWLR0046,2024-11-22 00:00:00,26.3,1.7
DWLR0046,2024-11-25 00:00:00,26.39,2.6
DWLR0046,2024-11-28 00:00:00,26.48,4.8
DWLR0046,2024-12-01 00:00:00,26.54,3.0
DWLR0046,2024-12-04 00:00:00,26.68,3.5
DWLR0046,2024-12-07 00:00:00,26.71,1.1
DWLR0046,2024-12-10 00:00:00,26.8,2.1
DWLR0046,2024-12-13 00:00:00,26.97,0.1
DWLR0046,2024-12-16 00:00:00,27.04,4.2
DWLR0046,2024-12-19 00:00:00,27.17,3.1
DWLR0046,2024-12-22 00:00:00,27.33,1.4
DWLR0046,2024-12-25 00:00:00,27.36,0.6
DWLR0046,2024-12-28 00:00:00,27.5,0.9
DWLR0046,2024-12-31 00:00:00,27.63,1.9
DWLR0046,2025-01-03 00:00:00,27.79,1.6
DWLR0046,2025-01-06 00:00:00,27.96,3.9
DWLR0046,2025-01-09 00:00:00,28.07,3.1
DWLR0046,2025-01-12 00:00:00,28.13,0.7
DWLR0046,2025-01-15 00:00:00,28.16,0.2
DWLR0046,2025-01-18 00:00:00,28.23,0.8
DWLR0046,2025-01-21 00:00:00,28.3,3.7
DWLR0046,2025-01-24 00:00:00,28.43,4.8
DWLR0046,2025-01-27 00:00:00,28.48,2.9
DWLR0046,2025-01-30 00:00:00,28.58,4.4
DWLR0046,2025-02-02 00:00:00,28.7,4.3
DWLR0046,2025-02-05 00:00:00,28.82,0.4
DWLR0046,2025-02-08 00:00:00,28.95,3.4
DWLR0046,2025-02-11 00:00:00,28.99,3.3
DWLR0046,2025-02-14 00:00:00,28.99,1.5
DWLR0046,2025-02-17 00:00:00,29.18,4.8
DWLR0046,2025-02-20 00:00:00,29.31,3.0
DWLR0046,2025-02-23 00:00:00,29.39,3.6
DWLR0046,2025-02-26 00:00:00,29.47,0.4
DWLR0046,2025-03-01 00:00:00,29.63,4.2
DWLR0046,2025-03-04 00:00:00,29.77,0.3
DWLR0046,2025-03-07 00:00:00,29.76,4.2
DWLR0046,2025-03-10 00:00:00,29.79,0.3
DWLR0046,2025-03-13 00:00:00,29.88,3.8
DWLR0046,2025-03-16 00:00:00,30.03,3.8
DWLR0046,2025-03-19 00:00:00,30.13,3.4
DWLR0046,2025-03-22 00:00:00,30.21,2.2
DWLR0046,2025-03-25 00:00:00,30.31,2.7
DWLR0046,2025-03-28 00:00:00,30.33,2.3
DWLR0046,2025-03-31 00:00:00,30.41,4.8
DWLR0046,2025-04-03 00:00:00,30.59,1.4
DWLR0046,2025-04-06 00:00:00,30.76,4.6
DWLR0046,2025-04-09 00:00:00,30.94,1.9
DWLR0046,2025-04-12 00:00:00,31.04,2.5
DWLR0046,2025-04-15 00:00:00,31.12,0.2
DWLR0046,2025-04-18 00:00:00,31.25,1.7
DWLR0046,2025-04-21 00:00:00,31.32,0.4
DWLR0046,2025-04-24 00:00:00,31.38,2.7
DWLR0046,2025-04-27 00:00:00,31.42,1.7
DWLR0046,2025-04-30 00:00:00,31.5,2.8
DWLR0046,2025-05-03 00:00:00,31.55,2.8
DWLR0046,2025-05-06 00:00:00,31.66,2.9
DWLR0046,2025-05-09 00:00:00,31.78,2.7
DWLR0046,2025-05-12 00:00:00,31.96,2.8
DWLR0046,2025-05-15 00:00:00,32.07,3.3
DWLR0046,2025-05-18 00:00:00,32.19,1.7
DWLR0046,2025-05-21 00:00:00,32.39,2.0
DWLR0046,2025-05-24 00:00:00,32.41,2.7
DWLR0046,2025-05-27 00:00:00,32.42,1.5
DWLR0046,2025-05-30 00:00:00,32.52,3.2
DWLR0046,2025-06-02 00:00:00,32.6,17.1
DWLR0046,2025-06-05 00:00:00,32.64,31.3
DWLR0046,2025-06-08 00:00:00,32.61,16.6
DWLR0046,2025-06-11 00:00:00,32.63,6.6
DWLR0046,2025-06-14 00:00:00,32.64,15.0
DWLR0046,2025-06-17 00:00:00,32.64,18.1
DWLR0046,2025-06-20 00:00:00,32.72,5.6
DWLR0046,2025-06-23 00:00:00,32.77,8.6
DWLR0046,2025-06-26 00:00:00,32.71,2.1
DWLR0046,2025-06-29 00:00:00,32.7,34.1
DWLR0046,2025-07-02 00:00:00,32.64,22.4
DWLR0046,2025-07-05 00:00:00,32.62,2.7
DWLR0046,2025-07-08 00:00:00,32.67,10.5
DWLR0046,2025-07-11 00:00:00,32.66,24.0
DWLR0046,2025-07-14 00:00:00,32.66,12.6
DWLR0046,2025-07-17 00:00:00,32.63,18.6
DWLR0046,2025-07-20 00:00:00,32.64,13.9
DWLR0046,2025-07-23 00:00:00,32.6,32.5
DWLR0046,2025-07-26 00:00:00,32.57,36.9
DWLR0046,2025-07-29 00:00:00,32.63,22.6
DWLR0046,2025-08-01 00:00:00,32.61,38.4
DWLR0046,2025-08-04 00:00:00,32.56,37.2
DWLR0046,2025-08-07 00:00:00,32.57,1.8
DWLR0046,2025-08-10 00:00:00,32.59,3.0
DWLR0046,2025-08-13 00:00:00,32.59,15.3
DWLR0046,2025-08-16 00:00:00,32.63,6.6
DWLR0046,2025-08-19 00:00:00,32.64,19.0
DWLR0046,2025-08-22 00:00:00,32.61,17.2
DWLR0046,2025-08-25 00:00:00,32.63,6.4
DWLR0046,2025-08-28 00:00:00,32.69,8.8
DWLR0046,2025-08-31 00:00:00,32.83,21.8
DWLR0046,2025-09-03 00:00:00,32.82,35.6
DWLR0046,2025-09-06 00:00:00,32.77,16.9
DWLR0046,2025-09-09 00:00:00,32.82,5.5
DWLR0046,2025-09-12 00:00:00,32.78,38.1
DWLR0046,2025-09-15 00:00:00,32.8,27.6
DWLR0046,2025-09-18 00:00:00,32.77,13.2
DWLR0046,2025-09-21 00:00:00,32.81,28.1
DWLR0046,2025-09-24 00:00:00,32.91,10.1
DWLR0046,2025-09-27 00:00:00,32.95,24.1
DWLR0046,2025-09-30 00:00:00,33.01,39.8
DWLR0046,2025-10-03 00:00:00,33.08,0.8
DWLR0046,2025-10-06 00:00:00,33.2,4.7
DWLR0046,2025-10-09 00:00:00,33.3,0.1
DWLR0046,2025-10-12 00:00:00,33.39,2.4
DWLR0046,2025-10-15 00:00:00,33.45,0.9
DWLR0046,2025-10-18 00:00:00,33.58,0.9
DWLR0046,2025-10-21 00:00:00,33.7,2.7
DWLR0046,2025-10-24 00:00:00,33.82,3.2
DWLR0046,2025-10-27 00:00:00,33.89,3.6
DWLR0046,2025-10-30 00:00:00,33.95,3.2
DWLR0046,2025-11-02 00:00:00,34.07,0.9
DWLR0046,2025-11-05 00:00:00,34.07,4.7
DWLR0046,2025-11-08 00:00:00,34.13,0.7
DWLR0046,2025-11-11 00:00:00,34.12,2.9
DWLR0046,2025-11-14 00:00:00,34.28,0.2
DWLR0046,2025-11-17 00:00:00,34.32,0.5
DWLR0046,2025-11-20 00:00:00,34.38,2.8
DWLR0046,2025-11-23 00:00:00,34.5,2.0
DWLR0046,2025-11-26 00:00:00,34.59,2.3
DWLR0047,2024-06-01 00:00:00,14.25,39.5
DWLR0047,2024-06-04 00:00:00,14.16,38.7
DWLR0047,2024-06-07 00:00:00,14.13,27.8
DWLR0047,2024-06-10 00:00:00,14.07,17.1
DWLR0047,2024-06-13 00:00:00,14.09,15.3
DWLR0047,2024-06-16 00:00:00,14.06,10.2
DWLR0047,2024-06-19 00:00:00,13.95,0.7
DWLR0047,2024-06-22 00:00:00,13.99,38.5
DWLR0047,2024-06-25 00:00:00,13.82,19.0
DWLR0047,2024-06-28 00:00:00,13.83,37.7
DWLR0047,2024-07-01 00:00:00,13.78,6.6
DWLR0047,2024-07-04 00:00:00,13.68,4.6
DWLR0047,2024-07-07 00:00:00,13.63,39.9
DWLR0047,2024-07-10 00:00:00,13.6,23.9
DWLR0047,2024-07-13 00:00:00,13.63,20.0
DWLR0047,2024-07-16 00:00:00,13.58,26.6
DWLR0047,2024-07-19 00:00:00,13.47,38.6
DWLR0047,2024-07-22 00:00:00,13.44,27.0
DWLR0047,2024-07-25 00:00:00,13.3,13.1
DWLR0047,2024-07-28 00:00:00,13.3,22.1
DWLR0047,2024-07-31 00:00:00,13.27,15.5
DWLR0047,2024-08-03 00:00:00,13.2,9.8
DWLR0047,2024-08-06 00:00:00,13.14,12.3
DWLR0047,2024-08-09 00:00:00,13.05,1.8
DWLR0047,2024-08-12 00:00:00,13.0,34.8
DWLR0047,2024-08-15 00:00:00,12.89,11.8
DWLR0047,2024-08-18 00:00:00,12.77,25.1
DWLR0047,2024-08-21 00:00:00,12.67,16.7
DWLR0047,2024-08-24 00:00:00,12.58,27.8
DWLR0047,2024-08-27 00:00:00,12.51,14.4
DWLR0047,2024-08-30 00:00:00,12.4,22.0
DWLR0047,2024-09-02 00:00:00,12.24,12.2
DWLR0047,2024-09-05 00:00:00,12.08,7.9
DWLR0047,2024-09-08 00:00:00,12.02,20.1
DWLR0047,2024-09-11 00:00:00,11.88,19.0
DWLR0047,2024-09-14 00:00:00,11.81,31.9
DWLR0047,2024-09-17 00:00:00,11.75,32.4
DWLR0047,2024-09-20 00:00:00,1010.74,21.1
DWLR0047,2024-09-23 00:00:00,1010.63,28.1
DWLR0047,2024-09-26 00:00:00,1010.53,29.8
DWLR0047,2024-09-29 00:00:00,1010.49,9.3
DWLR0047,2024-10-02 00:00:00,1010.51,3.8
DWLR0047,2024-10-05 00:00:00,1010.51,4.5
DWLR0047,2024-10-08 00:00:00,1010.5,4.0
DWLR0047,2024-10-11 00:00:00,14.3,2.4
DWLR0047,2024-10-14 00:00:00,14.3,0.2
DWLR0047,2024-10-17 00:00:00,14.3,1.6
DWLR0047,2024-10-20 00:00:00,14.3,3.2
DWLR0047,2024-10-23 00:00:00,14.3,1.1
DWLR0047,2024-10-26 00:00:00,14.3,2.7
DWLR0047,2024-10-29 00:00:00,14.3,4.2
DWLR0047,2024-11-01 00:00:00,14.3,3.6
DWLR0047,2024-11-04 00:00:00,14.3,1.2
DWLR0047,2024-11-07 00:00:00,14.3,4.6
DWLR0047,2024-11-10 00:00:00,14.3,3.4
DWLR0047,2024-11-13 00:00:00,14.3,3.8
DWLR0047,2024-11-16 00:00:00,14.3,1.5
DWLR0047,2024-11-19 00:00:00,14.3,3.8
DWLR0047,2024-11-22 00:00:00,14.3,3.7
DWLR0047,2024-11-25 00:00:00,14.3,1.9
DWLR0047,2024-11-28 00:00:00,14.3,1.9
DWLR0047,2024-12-01 00:00:00,14.3,4.3
DWLR0047,2024-12-04 00:00:00,14.3,1.9
DWLR0047,2024-12-07 00:00:00,14.3,4.2
DWLR0047,2024-12-10 00:00:00,14.3,2.2
DWLR0047,2024-12-13 00:00:00,14.3,2.3
DWLR0047,2024-12-16 00:00:00,14.3,3.9
DWLR0047,2024-12-19 00:00:00,14.3,3.5
DWLR0047,2024-12-22 00:00:00,14.3,1.7
DWLR0047,2024-12-25 00:00:00,14.3,4.2
DWLR0047,2024-12-28 00:00:00,14.3,4.4
DWLR0047,2024-12-31 00:00:00,14.3,2.2
DWLR0047,2025-01-03 00:00:00,14.3,0.8
DWLR0047,2025-01-06 00:00:00,14.3,3.9
DWLR0047,2025-01-09 00:00:00,14.3,2.7
DWLR0047,2025-01-12 00:00:00,14.3,4.2
DWLR0047,2025-01-15 00:00:00,14.3,3.2
DWLR0047,2025-01-18 00:00:00,14.3,4.1
DWLR0047,2025-01-21 00:00:00,14.3,2.7
DWLR0047,2025-01-24 00:00:00,14.3,3.0
DWLR0047,2025-01-27 00:00:00,14.3,4.2
DWLR0047,2025-01-30 00:00:00,14.3,0.7
DWLR0047,2025-02-02 00:00:00,14.3,2.5
DWLR0047,2025-02-05 00:00:00,14.3,0.7
DWLR0047,2025-02-08 00:00:00,14.3,4.3
DWLR0047,2025-02-11 00:00:00,14.3,3.6
DWLR0047,2025-02-14 00:00:00,14.3,4.6
DWLR0047,2025-02-17 00:00:00,14.3,1.2
DWLR0047,2025-02-20 00:00:00,14.3,1.6
DWLR0047,2025-02-23 00:00:00,14.3,4.9
DWLR0047,2025-02-26 00:00:00,14.3,1.8
DWLR0047,2025-03-01 00:00:00,14.3,4.9
DWLR0047,2025-03-04 00:00:00,14.3,0.4
DWLR0047,2025-03-07 00:00:00,14.3,2.6
DWLR0047,2025-03-10 00:00:00,14.3,1.3
DWLR0047,2025-03-13 00:00:00,14.3,2.8
DWLR0047,2025-03-16 00:00:00,14.3,2.2
DWLR0047,2025-03-19 00:00:00,14.3,0.5
DWLR0047,2025-03-22 00:00:00,14.3,4.3
DWLR0047,2025-03-25 00:00:00,14.3,1.1
DWLR0047,2025-03-28 00:00:00,14.3,3.8
DWLR0047,2025-03-31 00:00:00,14.3,0.8
DWLR0047,2025-04-03 00:00:00,14.3,0.7
DWLR0047,2025-04-06 00:00:00,14.3,0.9
DWLR0047,2025-04-09 00:00:00,14.3,2.6
DWLR0047,2025-04-12 00:00:00,14.3,0.8
DWLR0047,2025-04-15 00:00:00,14.3,1.2
DWLR0047,2025-04-18 00:00:00,14.3,0.6
DWLR0047,2025-04-21 00:00:00,14.3,3.9
DWLR0047,2025-04-24 00:00:00,14.3,2.9
DWLR0047,2025-04-27 00:00:00,14.3,0.1
DWLR0047,2025-04-30 00:00:00,14.3,5.0
DWLR0047,2025-05-03 00:00:00,14.3,2.3
DWLR0047,2025-05-06 00:00:00,14.3,0.5
DWLR0047,2025-05-09 00:00:00,14.3,3.5
DWLR0047,2025-05-12 00:00:00,14.3,1.2
DWLR0047,2025-05-15 00:00:00,14.3,1.6
DWLR0047,2025-05-18 00:00:00,14.3,4.6
DWLR0047,2025-05-21 00:00:00,14.3,3.8
DWLR0047,2025-05-24 00:00:00,14.3,3.3
DWLR0047,2025-05-27 00:00:00,14.3,1.9
DWLR0047,2025-05-30 00:00:00,14.3,4.3
DWLR0047,2025-06-02 00:00:00,14.3,38.8
DWLR0047,2025-06-05 00:00:00,14.3,8.0
DWLR0047,2025-06-08 00:00:00,14.3,13.6
DWLR0047,2025-06-11 00:00:00,14.3,32.5
DWLR0047,2025-06-14 00:00:00,14.3,3.6
DWLR0047,2025-06-17 00:00:00,14.3,12.0
DWLR0047,2025-06-20 00:00:00,14.3,23.2
DWLR0047,2025-06-23 00:00:00,14.3,11.1
DWLR0047,2025-06-26 00:00:00,14.3,22.0
DWLR0047,2025-06-29 00:00:00,14.3,28.7
DWLR0047,2025-07-02 00:00:00,14.3,7.1
DWLR0047,2025-07-05 00:00:00,14.3,12.0
DWLR0047,2025-07-08 00:00:00,14.3,21.9
DWLR0047,2025-07-11 00:00:00,14.3,13.9
DWLR0047,2025-07-14 00:00:00,14.3,30.1
DWLR0047,2025-07-17 00:00:00,14.3,7.0
DWLR0047,2025-07-20 00:00:00,14.3,7.3
DWLR0047,2025-07-23 00:00:00,14.3,25.9
DWLR0047,2025-07-26 00:00:00,14.3,19.6
DWLR0047,2025-07-29 00:00:00,14.3,23.5
DWLR0047,2025-08-01 00:00:00,14.3,36.5
DWLR0047,2025-08-04 00:00:00,14.3,18.5
DWLR0047,2025-08-07 00:00:00,14.3,24.5
DWLR0047,2025-08-10 00:00:00,14.3,9.3
DWLR0047,2025-08-13 00:00:00,14.3,25.7
DWLR0047,2025-08-16 00:00:00,14.3,2.0
DWLR0047,2025-08-19 00:00:00,14.3,39.9
DWLR0047,2025-08-22 00:00:00,14.3,13.1
DWLR0047,2025-08-25 00:00:00,14.3,36.7
DWLR0047,2025-08-28 00:00:00,14.3,27.6
DWLR0047,2025-08-31 00:00:00,14.3,23.3
DWLR0047,2025-09-03 00:00:00,14.3,18.8
DWLR0047,2025-09-06 00:00:00,14.3,5.8
DWLR0047,2025-09-09 00:00:00,14.3,9.2
DWLR0047,2025-09-12 00:00:00,14.3,17.1
DWLR0047,2025-09-15 00:00:00,14.3,32.4
DWLR0047,2025-09-18 00:00:00,14.3,35.5
DWLR0047,2025-09-21 00:00:00,14.3,26.9
DWLR0047,2025-09-24 00:00:00,14.3,29.7
DWLR0047,2025-09-27 00:00:00,14.3,8.9
DWLR0047,2025-09-30 00:00:00,14.3,0.4
DWLR0047,2025-10-03 00:00:00,14.3,2.7
DWLR0047,2025-10-06 00:00:00,14.3,1.4
DWLR0047,2025-10-09 00:00:00,14.3,4.3
DWLR0047,2025-10-12 00:00:00,14.3,4.0
DWLR0047,2025-10-15 00:00:00,14.3,1.9
DWLR0047,2025-10-18 00:00:00,14.3,2.1
DWLR0047,2025-10-21 00:00:00,14.3,0.1
DWLR0047,2025-10-24 00:00:00,14.3,4.1
DWLR0047,2025-10-27 00:00:00,14.3,1.2
DWLR0047,2025-10-30 00:00:00,14.3,0.4
DWLR0047,2025-11-02 00:00:00,14.3,3.3
DWLR0047,2025-11-05 00:00:00,14.3,4.4
DWLR0047,2025-11-08 00:00:00,14.3,1.3
DWLR0047,2025-11-11 00:00:00,14.3,1.4
DWLR0047,2025-11-14 00:00:00,14.3,2.1
DWLR0047,2025-11-17 00:00:00,14.3,4.7
DWLR0047,2025-11-20 00:00:00,14.3,1.9
DWLR0047,2025-11-23 00:00:00,14.3,2.2
DWLR0047,2025-11-26 00:00:00,14.3,1.4
DWLR0048,2024-06-01 00:00:00,13.94,14.8
DWLR0048,2024-06-04 00:00:00,13.83,21.6
DWLR0048,2024-06-07 00:00:00,13.74,28.5
DWLR0048,2024-06-10 00:00:00,13.67,15.4
DWLR0048,2024-06-13 00:00:00,13.67,38.2
DWLR0048,2024-06-16 00:00:00,13.6,5.0
DWLR0048,2024-06-19 00:00:00,13.53,40.0
DWLR0048,2024-06-22 00:00:00,13.38,32.6
DWLR0048,2024-06-25 00:00:00,13.26,10.0
DWLR0048,2024-06-28 00:00:00,13.21,29.6
DWLR0048,2024-07-01 00:00:00,13.13,35.3
DWLR0048,2024-07-04 00:00:00,13.06,5.1
DWLR0048,2024-07-07 00:00:00,12.95,34.8
DWLR0048,2024-07-10 00:00:00,12.9,19.9
DWLR0048,2024-07-13 00:00:00,12.87,17.6
DWLR0048,2024-07-16 00:00:00,12.74,34.2
DWLR0048,2024-07-19 00:00:00,12.66,1.1
DWLR0048,2024-07-22 00:00:00,12.59,34.2
DWLR0048,2024-07-25 00:00:00,12.51,14.0
DWLR0048,2024-07-28 00:00:00,12.48,8.7
DWLR0048,2024-07-31 00:00:00,12.49,15.6
DWLR0048,2024-08-03 00:00:00,12.36,0.6
DWLR0048,2024-08-06 00:00:00,12.37,19.8
DWLR0048,2024-08-09 00:00:00,12.37,11.1
DWLR0048,2024-08-12 00:00:00,12.29,1.7
DWLR0048,2024-08-15 00:00:00,12.26,39.7
DWLR0048,2024-08-18 00:00:00,12.21,24.3
DWLR0048,2024-08-21 00:00:00,12.15,38.3
DWLR0048,2024-08-24 00:00:00,12.07,5.1
DWLR0048,2024-08-27 00:00:00,12.07,33.0
DWLR0048,2024-08-30 00:00:00,12.05,22.0
DWLR0048,2024-09-02 00:00:00,12.02,2.1
DWLR0048,2024-09-05 00:00:00,11.96,28.9
DWLR0048,2024-09-08 00:00:00,11.95,39.6
DWLR0048,2024-09-11 00:00:00,11.86,27.9
DWLR0048,2024-09-14 00:00:00,11.75,35.3
DWLR0048,2024-09-17 00:00:00,11.74,33.9
DWLR0048,2024-09-20 00:00:00,11.64,34.8
DWLR0048,2024-09-23 00:00:00,11.57,15.4
DWLR0048,2024-09-26 00:00:00,11.44,17.4
DWLR0048,2024-09-29 00:00:00,11.37,6.2
DWLR0048,2024-10-02 00:00:00,11.43,2.4
DWLR0048,2024-10-05 00:00:00,11.48,1.8
DWLR0048,2024-10-08 00:00:00,11.41,0.1
DWLR0048,2024-10-11 00:00:00,11.44,5.0
DWLR0048,2024-10-14 00:00:00,11.54,4.6
DWLR0048,2024-10-17 00:00:00,11.6,0.5
DWLR0048,2024-10-20 00:00:00,11.58,2.4
DWLR0048,2024-10-23 00:00:00,11.6,4.3
DWLR0048,2024-10-26 00:00:00,11.65,0.9
DWLR0048,2024-10-29 00:00:00,11.75,1.9
DWLR0048,2024-11-01 00:00:00,11.8,3.5
DWLR0048,2024-11-04 00:00:00,11.9,4.6
DWLR0048,2024-11-07 00:00:00,11.91,4.2
DWLR0048,2024-11-10 00:00:00,12.03,2.1
DWLR0048,2024-11-13 00:00:00,12.03,3.9
DWLR0048,2024-11-16 00:00:00,12.15,1.2
DWLR0048,2024-11-19 00:00:00,12.17,1.3
DWLR0048,2024-11-22 00:00:00,12.09,1.7
DWLR0048,2024-11-25 00:00:00,12.09,1.0
DWLR0048,2024-11-28 00:00:00,12.1,3.9
DWLR0048,2024-12-01 00:00:00,12.17,0.8
DWLR0048,2024-12-04 00:00:00,12.23,0.1
DWLR0048,2024-12-07 00:00:00,12.29,2.4
DWLR0048,2024-12-10 00:00:00,12.35,2.8
DWLR0048,2024-12-13 00:00:00,12.37,1.5
DWLR0048,2024-12-16 00:00:00,12.43,4.3
DWLR0048,2024-12-19 00:00:00,12.55,2.7
DWLR0048,2024-12-22 00:00:00,12.6,3.4
DWLR0048,2024-12-25 00:00:00,12.62,1.5
DWLR0048,2024-12-28 00:00:00,12.67,3.7
DWLR0048,2024-12-31 00:00:00,12.7,2.3
DWLR0048,2025-01-03 00:00:00,12.66,0.3
DWLR0048,2025-01-06 00:00:00,12.59,2.0
DWLR0048,2025-01-09 00:00:00,12.65,1.8
DWLR0048,2025-01-12 00:00:00,12.73,3.6
DWLR0048,2025-01-15 00:00:00,12.72,2.1
DWLR0048,2025-01-18 00:00:00,12.77,3.4
DWLR0048,2025-01-21 00:00:00,12.78,2.8
DWLR0048,2025-01-24 00:00:00,12.72,0.6
DWLR0048,2025-01-27 00:00:00,12.74,4.7
DWLR0048,2025-01-30 00:00:00,12.82,4.4
DWLR0048,2025-02-02 00:00:00,12.83,4.7
DWLR0048,2025-02-05 00:00:00,12.78,0.4
DWLR0048,2025-02-08 00:00:00,12.84,2.0
DWLR0048,2025-02-11 00:00:00,12.8,2.3
DWLR0048,2025-02-14 00:00:00,12.92,1.5
DWLR0048,2025-02-17 00:00:00,13.03,4.3
DWLR0048,2025-02-20 00:00:00,13.01,1.9
DWLR0048,2025-02-23 00:00:00,13.01,0.4
DWLR0048,2025-02-26 00:00:00,13.11,3.2
DWLR0048,2025-03-01 00:00:00,13.06,1.8
DWLR0048,2025-03-04 00:00:00,13.07,5.0
DWLR0048,2025-03-07 00:00:00,13.04,4.8
DWLR0048,2025-03-10 00:00:00,13.07,2.2
DWLR0048,2025-03-13 00:00:00,13.11,2.7
DWLR0048,2025-03-16 00:00:00,13.14,0.1
DWLR0048,2025-03-19 00:00:00,13.11,4.3
DWLR0048,2025-03-22 00:00:00,13.11,0.1
DWLR0048,2025-03-25 00:00:00,13.03,0.8
DWLR0048,2025-03-28 00:00:00,12.98,2.9
DWLR0048,2025-03-31 00:00:00,12.98,0.1
DWLR0048,2025-04-03 00:00:00,12.99,1.3
DWLR0048,2025-04-06 00:00:00,13.02,4.3
DWLR0048,2025-04-09 00:00:00,13.04,3.7
DWLR0048,2025-04-12 00:00:00,13.15,1.8
DWLR0048,2025-04-15 00:00:00,13.15,1.8
DWLR0048,2025-04-18 00:00:00,13.12,2.8
DWLR0048,2025-04-21 00:00:00,13.05,3.6
DWLR0048,2025-04-24 00:00:00,13.13,2.5
DWLR0048,2025-04-27 00:00:00,13.19,4.4
DWLR0048,2025-04-30 00:00:00,13.18,1.6
DWLR0048,2025-05-03 00:00:00,13.24,3.8
DWLR0048,2025-05-06 00:00:00,13.25,3.2
DWLR0048,2025-05-09 00:00:00,13.27,3.3
DWLR0048,2025-05-12 00:00:00,13.25,3.9
DWLR0048,2025-05-15 00:00:00,13.36,2.4
DWLR0048,2025-05-18 00:00:00,13.33,0.5
DWLR0048,2025-05-21 00:00:00,13.32,4.1
DWLR0048,2025-05-24 00:00:00,13.29,1.5
DWLR0048,2025-05-27 00:00:00,13.41,2.6
DWLR0048,2025-05-30 00:00:00,13.39,4.7
DWLR0048,2025-06-02 00:00:00,13.34,18.2
DWLR0048,2025-06-05 00:00:00,13.23,0.6
DWLR0048,2025-06-08 00:00:00,13.23,27.7
DWLR0048,2025-06-11 00:00:00,13.2,36.2
DWLR0048,2025-06-14 00:00:00,13.12,5.5
DWLR0048,2025-06-17 00:00:00,13.06,17.3
DWLR0048,2025-06-20 00:00:00,13.03,17.6
DWLR0048,2025-06-23 00:00:00,12.94,15.9
DWLR0048,2025-06-26 00:00:00,12.85,23.5
DWLR0048,2025-06-29 00:00:00,12.7,20.9
DWLR0048,2025-07-02 00:00:00,12.57,29.6
DWLR0048,2025-07-05 00:00:00,12.4,37.0
DWLR0048,2025-07-08 00:00:00,12.39,30.9
DWLR0048,2025-07-11 00:00:00,12.29,25.9
DWLR0048,2025-07-14 00:00:00,12.25,19.0
DWLR0048,2025-07-17 00:00:00,12.17,31.1
DWLR0048,2025-07-20 00:00:00,12.04,6.2
DWLR0048,2025-07-23 00:00:00,11.98,1.7
DWLR0048,2025-07-26 00:00:00,11.93,16.4
DWLR0048,2025-07-29 00:00:00,11.8,37.9
DWLR0048,2025-08-01 00:00:00,11.75,15.9
DWLR0048,2025-08-04 00:00:00,11.74,7.0
DWLR0048,2025-08-07 00:00:00,11.65,37.3
DWLR0048,2025-08-10 00:00:00,11.61,8.3
DWLR0048,2025-08-13 00:00:00,11.56,14.4
DWLR0048,2025-08-16 00:00:00,11.55,38.2
DWLR0048,2025-08-19 00:00:00,11.48,5.5
DWLR0048,2025-08-22 00:00:00,11.4,27.7
DWLR0048,2025-08-25 00:00:00,11.39,11.8
DWLR0048,2025-08-28 00:00:00,11.33,10.6
DWLR0048,2025-08-31 00:00:00,11.24,16.0
DWLR0048,2025-09-03 00:00:00,11.2,34.6
DWLR0048,2025-09-06 00:00:00,11.0,25.5
DWLR0048,2025-09-09 00:00:00,10.96,5.6
DWLR0048,2025-09-12 00:00:00,10.81,7.2
DWLR0048,2025-09-15 00:00:00,10.67,31.8
DWLR0048,2025-09-18 00:00:00,10.52,35.8
DWLR0048,2025-09-21 00:00:00,10.37,35.9
DWLR0048,2025-09-24 00:00:00,10.38,26.7
DWLR0048,2025-09-27 00:00:00,10.34,6.7
DWLR0048,2025-09-30 00:00:00,10.33,29.1
DWLR0048,2025-10-03 00:00:00,10.34,0.4
DWLR0048,2025-10-06 00:00:00,10.4,4.5
DWLR0048,2025-10-09 00:00:00,10.46,3.4
DWLR0048,2025-10-12 00:00:00,10.41,2.2
DWLR0048,2025-10-15 00:00:00,10.35,3.1
DWLR0048,2025-10-18 00:00:00,10.36,4.5
DWLR0048,2025-10-21 00:00:00,10.4,1.3
DWLR0048,2025-10-24 00:00:00,10.46,4.2
DWLR0048,2025-10-27 00:00:00,10.52,0.3
DWLR0048,2025-10-30 00:00:00,10.59,2.3
DWLR0048,2025-11-02 00:00:00,10.59,2.5
DWLR0048,2025-11-05 00:00:00,10.64,3.7
DWLR0048,2025-11-08 00:00:00,10.62,2.5
DWLR0048,2025-11-11 00:00:00,10.7,3.7
DWLR0048,2025-11-14 00:00:00,10.79,1.4
DWLR0048,2025-11-17 00:00:00,10.8,3.7
DWLR0048,2025-11-20 00:00:00,10.84,2.0
DWLR0048,2025-11-23 00:00:00,10.81,1.3
DWLR0048,2025-11-26 00:00:00,10.81,4.5
DWLR0049,2024-06-01 00:00:00,14.5,4.5
DWLR0049,2024-06-04 00:00:00,14.61,19.2
DWLR0049,2024-06-07 00:00:00,14.69,10.4
DWLR0049,2024-06-10 00:00:00,14.81,19.6
DWLR0049,2024-06-13 00:00:00,14.89,28.5
DWLR0049,2024-06-16 00:00:00,14.91,33.9
DWLR0049,2024-06-19 00:00:00,14.91,9.0
DWLR0049,2024-06-22 00:00:00,14.95,12.5
DWLR0049,2024-06-25 00:00:00,14.97,33.6
DWLR0049,2024-06-28 00:00:00,14.97,4.2
DWLR0049,2024-07-01 00:00:00,15.08,14.8
DWLR0049,2024-07-04 00:00:00,15.16,39.0
DWLR0049,2024-07-07 00:00:00,15.25,33.9
DWLR0049,2024-07-10 00:00:00,15.32,33.3
DWLR0049,2024-07-13 00:00:00,15.39,28.0
DWLR0049,2024-07-16 00:00:00,15.46,16.8
DWLR0049,2024-07-19 00:00:00,15.56,36.3
DWLR0049,2024-07-22 00:00:00,15.73,30.2
DWLR0049,2024-07-25 00:00:00,15.82,21.5
DWLR0049,2024-07-28 00:00:00,15.86,4.8
DWLR0049,2024-07-31 00:00:00,15.9,38.9
DWLR0049,2024-08-03 00:00:00,15.98,29.9
DWLR0049,2024-08-06 00:00:00,16.02,5.2
DWLR0049,2024-08-09 00:00:00,16.16,36.3
DWLR0049,2024-08-12 00:00:00,16.2,38.4
DWLR0049,2024-08-15 00:00:00,16.24,10.7
DWLR0049,2024-08-18 00:00:00,16.29,16.7
DWLR0049,2024-08-21 00:00:00,16.36,4.4
DWLR0049,2024-08-24 00:00:00,16.45,12.0
DWLR0049,2024-08-27 00:00:00,16.56,30.1
DWLR0049,2024-08-30 00:00:00,16.62,17.5
DWLR0049,2024-09-02 00:00:00,16.69,16.0
DWLR0049,2024-09-05 00:00:00,16.71,15.6
DWLR0049,2024-09-08 00:00:00,16.81,21.7
DWLR0049,2024-09-11 00:00:00,16.81,21.6
DWLR0049,2024-09-14 00:00:00,16.93,16.3
DWLR0049,2024-09-17 00:00:00,17.04,8.3
DWLR0049,2024-09-20 00:00:00,17.07,25.0
DWLR0049,2024-09-23 00:00:00,17.18,10.6
DWLR0049,2024-09-26 00:00:00,17.25,6.4
DWLR0049,2024-09-29 00:00:00,17.31,17.5
DWLR0049,2024-10-02 00:00:00,17.48,2.0
DWLR0049,2024-10-05 00:00:00,17.62,4.3
DWLR0049,2024-10-08 00:00:00,17.82,4.3
DWLR0049,2024-10-11 00:00:00,18.03,3.0
DWLR0049,2024-10-14 00:00:00,18.27,3.9
DWLR0049,2024-10-17 00:00:00,18.38,0.4
DWLR0049,2024-10-20 00:00:00,18.51,2.8
DWLR0049,2024-10-23 00:00:00,18.6,0.9
DWLR0049,2024-10-26 00:00:00,18.69,0.7
DWLR0049,2024-10-29 00:00:00,18.89,4.0
DWLR0049,2024-11-01 00:00:00,18.96,0.8
DWLR0049,2024-11-04 00:00:00,19.07,4.9
DWLR0049,2024-11-07 00:00:00,19.25,3.1
DWLR0049,2024-11-10 00:00:00,19.43,1.0
DWLR0049,2024-11-13 00:00:00,19.58,4.4
DWLR0049,2024-11-16 00:00:00,19.76,4.7
DWLR0049,2024-11-19 00:00:00,19.93,1.9
DWLR0049,2024-11-22 00:00:00,20.18,0.3
DWLR0049,2024-11-25 00:00:00,20.38,1.8
DWLR0049,2024-11-28 00:00:00,20.6,2.0
DWLR0049,2024-12-01 00:00:00,20.79,3.5
DWLR0049,2024-12-04 00:00:00,20.9,2.7
DWLR0049,2024-12-07 00:00:00,21.13,4.4
DWLR0049,2024-12-10 00:00:00,21.35,1.7
DWLR0049,2024-12-13 00:00:00,21.47,4.8
DWLR0049,2024-12-16 00:00:00,21.61,4.6
DWLR0049,2024-12-19 00:00:00,21.74,1.7
DWLR0049,2024-12-22 00:00:00,21.91,3.3
DWLR0049,2024-12-25 00:00:00,22.08,1.0
DWLR0049,2024-12-28 00:00:00,22.23,0.1
DWLR0049,2024-12-31 00:00:00,22.45,0.7
DWLR0049,2025-01-03 00:00:00,22.58,2.0
DWLR0049,2025-01-06 00:00:00,22.72,0.9
DWLR0049,2025-01-09 00:00:00,22.84,1.6
DWLR0049,2025-01-12 00:00:00,22.97,4.0
DWLR0049,2025-01-15 00:00:00,23.12,4.2
DWLR0049,2025-01-18 00:00:00,23.24,4.4
DWLR0049,2025-01-21 00:00:00,23.47,3.7
DWLR0049,2025-01-24 00:00:00,23.68,4.0
DWLR0049,2025-01-27 00:00:00,23.84,0.4
DWLR0049,2025-01-30 00:00:00,23.93,4.1
DWLR0049,2025-02-02 00:00:00,24.07,3.4
DWLR0049,2025-02-05 00:00:00,24.25,3.6
DWLR0049,2025-02-08 00:00:00,24.37,2.4
DWLR0049,2025-02-11 00:00:00,24.51,3.6
DWLR0049,2025-02-14 00:00:00,24.67,4.8
DWLR0049,2025-02-17 00:00:00,24.85,4.0
DWLR0049,2025-02-20 00:00:00,25.0,2.3
DWLR0049,2025-02-23 00:00:00,25.2,3.2
DWLR0049,2025-02-26 00:00:00,25.35,4.0
DWLR0049,2025-03-01 00:00:00,25.56,2.3
DWLR0049,2025-03-04 00:00:00,25.73,1.8
DWLR0049,2025-03-07 00:00:00,25.88,4.9
DWLR0049,2025-03-10 00:00:00,25.99,0.3
DWLR0049,2025-03-13 00:00:00,26.13,1.6
DWLR0049,2025-03-16 00:00:00,26.25,3.6
DWLR0049,2025-03-19 00:00:00,26.43,1.0
DWLR0049,2025-03-22 00:00:00,26.51,2.6
DWLR0049,2025-03-25 00:00:00,26.69,0.8
DWLR0049,2025-03-28 00:00:00,26.93,4.7
DWLR0049,2025-03-31 00:00:00,27.14,1.6
DWLR0049,2025-04-03 00:00:00,27.27,0.1
DWLR0049,2025-04-06 00:00:00,27.33,0.8
DWLR0049,2025-04-09 00:00:00,27.44,2.6
DWLR0049,2025-04-12 00:00:00,27.62,0.3
DWLR0049,2025-04-15 00:00:00,27.82,0.0
DWLR0049,2025-04-18 00:00:00,27.99,3.8
DWLR0049,2025-04-21 00:00:00,28.09,1.0
DWLR0049,2025-04-24 00:00:00,28.23,3.0
DWLR0049,2025-04-27 00:00:00,28.45,3.0
DWLR0049,2025-04-30 00:00:00,28.55,3.8
DWLR0049,2025-05-03 00:00:00,28.78,1.5
DWLR0049,2025-05-06 00:00:00,28.92,0.6
DWLR0049,2025-05-09 00:00:00,29.09,4.6
DWLR0049,2025-05-12 00:00:00,29.3,3.0
DWLR0049,2025-05-15 00:00:00,29.4,3.8
DWLR0049,2025-05-18 00:00:00,29.52,3.7
DWLR0049,2025-05-21 00:00:00,29.73,0.9
DWLR0049,2025-05-24 00:00:00,29.92,2.6
DWLR0049,2025-05-27 00:00:00,30.05,4.9
DWLR0049,2025-05-30 00:00:00,30.27,0.3
DWLR0049,2025-06-02 00:00:00,30.33,27.1
DWLR0049,2025-06-05 00:00:00,30.39,14.6
DWLR0049,2025-06-08 00:00:00,30.53,19.5
DWLR0049,2025-06-11 00:00:00,30.6,26.5
DWLR0049,2025-06-14 00:00:00,30.6,1.5
DWLR0049,2025-06-17 00:00:00,30.71,9.9
DWLR0049,2025-06-20 00:00:00,30.8,38.2
DWLR0049,2025-06-23 00:00:00,30.78,18.9
DWLR0049,2025-06-26 00:00:00,30.77,12.0
DWLR0049,2025-06-29 00:00:00,30.84,32.5
DWLR0049,2025-07-02 00:00:00,30.96,11.3
DWLR0049,2025-07-05 00:00:00,30.98,24.0
DWLR0049,2025-07-08 00:00:00,31.08,33.4
DWLR0049,2025-07-11 00:00:00,31.15,5.7
DWLR0049,2025-07-14 00:00:00,31.27,7.5
DWLR0049,2025-07-17 00:00:00,31.34,18.5
DWLR0049,2025-07-20 00:00:00,31.34,20.8
DWLR0049,2025-07-23 00:00:00,31.46,35.1
DWLR0049,2025-07-26 00:00:00,31.47,22.3
DWLR0049,2025-07-29 00:00:00,31.49,2.3
DWLR0049,2025-08-01 00:00:00,31.65,27.2
DWLR0049,2025-08-04 00:00:00,31.76,16.4
DWLR0049,2025-08-07 00:00:00,31.85,31.8
DWLR0049,2025-08-10 00:00:00,31.99,6.6
DWLR0049,2025-08-13 00:00:00,32.03,37.2
DWLR0049,2025-08-16 00:00:00,32.01,21.6
DWLR0049,2025-08-19 00:00:00,32.1,23.2
DWLR0049,2025-08-22 00:00:00,32.22,16.2
DWLR0049,2025-08-25 00:00:00,32.24,6.5
DWLR0049,2025-08-28 00:00:00,32.25,27.7
DWLR0049,2025-08-31 00:00:00,32.31,19.7
DWLR0049,2025-09-03 00:00:00,32.32,33.0
DWLR0049,2025-09-06 00:00:00,32.38,17.0
DWLR0049,2025-09-09 00:00:00,32.42,39.0
DWLR0049,2025-09-12 00:00:00,32.47,36.6
DWLR0049,2025-09-15 00:00:00,32.53,7.1
DWLR0049,2025-09-18 00:00:00,32.53,5.9
DWLR0049,2025-09-21 00:00:00,32.54,29.3
DWLR0049,2025-09-24 00:00:00,32.58,2.5
DWLR0049,2025-09-27 00:00:00,32.66,18.2
DWLR0049,2025-09-30 00:00:00,32.77,34.3
DWLR0049,2025-10-03 00:00:00,32.97,2.8
DWLR0049,2025-10-06 00:00:00,33.08,1.6
DWLR0049,2025-10-09 00:00:00,33.24,3.2
DWLR0049,2025-10-12 00:00:00,33.39,2.7
DWLR0049,2025-10-15 00:00:00,33.53,0.5
DWLR0049,2025-10-18 00:00:00,33.65,4.7
DWLR0049,2025-10-21 00:00:00,33.84,3.0
DWLR0049,2025-10-24 00:00:00,33.93,2.4
DWLR0049,2025-10-27 00:00:00,34.03,0.4
DWLR0049,2025-10-30 00:00:00,34.16,0.8
DWLR0049,2025-11-02 00:00:00,34.38,0.3
DWLR0049,2025-11-05 00:00:00,34.5,1.3
DWLR0049,2025-11-08 00:00:00,34.6,4.7
DWLR0049,2025-11-11 00:00:00,34.71,0.0
DWLR0049,2025-11-14 00:00:00,34.88,3.5
DWLR0049,2025-11-17 00:00:00,35.15,0.6
DWLR0049,2025-11-20 00:00:00,35.29,3.1
DWLR0049,2025-11-23 00:00:00,35.5,1.0
DWLR0049,2025-11-26 00:00:00,35.7,3.2
DWLR0050,2024-06-01 00:00:00,9.22,15.5
DWLR0050,2024-06-04 00:00:00,9.28,21.4
DWLR0050,2024-06-07 00:00:00,9.38,24.8
DWLR0050,2024-06-10 00:00:00,9.43,17.7
DWLR0050,2024-06-13 00:00:00,9.51,14.3
DWLR0050,2024-06-16 00:00:00,9.59,34.2
DWLR0050,2024-06-19 00:00:00,9.61,27.7
DWLR0050,2024-06-22 00:00:00,9.65,11.8
DWLR0050,2024-06-25 00:00:00,9.68,0.3
DWLR0050,2024-06-28 00:00:00,9.73,34.0
DWLR0050,2024-07-01 00:00:00,9.87,2.2
DWLR0050,2024-07-04 00:00:00,9.85,3.8
DWLR0050,2024-07-07 00:00:00,9.94,17.9
DWLR0050,2024-07-10 00:00:00,9.99,35.6
DWLR0050,2024-07-13 00:00:00,9.95,5.7
DWLR0050,2024-07-16 00:00:00,10.02,8.3
DWLR0050,2024-07-19 00:00:00,10.11,20.8
DWLR0050,2024-07-22 00:00:00,10.14,32.5
DWLR0050,2024-07-25 00:00:00,10.21,5.0
DWLR0050,2024-07-28 00:00:00,10.3,26.0
DWLR0050,2024-07-31 00:00:00,10.39,34.7
DWLR0050,2024-08-03 00:00:00,10.52,10.5
DWLR0050,2024-08-06 00:00:00,10.55,4.4
DWLR0050,2024-08-09 00:00:00,10.68,28.5
DWLR0050,2024-08-12 00:00:00,10.76,25.1
DWLR0050,2024-08-15 00:00:00,10.7,6.0
DWLR0050,2024-08-18 00:00:00,10.8,27.1
DWLR0050,2024-08-21 00:00:00,10.9,8.4
DWLR0050,2024-08-24 00:00:00,10.99,9.6
DWLR0050,2024-08-27 00:00:00,11.0,34.9
DWLR0050,2024-08-30 00:00:00,11.12,19.2
DWLR0050,2024-09-02 00:00:00,11.25,35.8
DWLR0050,2024-09-05 00:00:00,11.29,19.9
DWLR0050,2024-09-08 00:00:00,11.3,8.4
DWLR0050,2024-09-11 00:00:00,11.43,16.0
DWLR0050,2024-09-14 00:00:00,11.51,3.9
DWLR0050,2024-09-17 00:00:00,11.59,18.3
DWLR0050,2024-09-20 00:00:00,11.61,27.0
DWLR0050,2024-09-23 00:00:00,11.76,39.5
DWLR0050,2024-09-26 00:00:00,11.78,25.6
DWLR0050,2024-09-29 00:00:00,11.86,9.0
DWLR0050,2024-10-02 00:00:00,11.89,2.8
DWLR0050,2024-10-05 00:00:00,11.96,3.5
DWLR0050,2024-10-08 00:00:00,12.14,4.9
DWLR0050,2024-10-11 00:00:00,12.35,4.1
DWLR0050,2024-10-14 00:00:00,12.49,1.1
DWLR0050,2024-10-17 00:00:00,12.67,4.2
DWLR0050,2024-10-20 00:00:00,12.79,0.8
DWLR0050,2024-10-23 00:00:00,12.97,1.1
DWLR0050,2024-10-26 00:00:00,13.12,0.4
DWLR0050,2024-10-29 00:00:00,13.32,1.3
DWLR0050,2024-11-01 00:00:00,13.54,4.6
DWLR0050,2024-11-04 00:00:00,13.58,3.1
DWLR0050,2024-11-07 00:00:00,13.75,2.5
DWLR0050,2024-11-10 00:00:00,13.93,0.6
DWLR0050,2024-11-13 00:00:00,14.11,1.8
DWLR0050,2024-11-16 00:00:00,14.26,1.5
DWLR0050,2024-11-19 00:00:00,14.43,0.6
DWLR0050,2024-11-22 00:00:00,14.58,1.6
DWLR0050,2024-11-25 00:00:00,14.71,4.3
DWLR0050,2024-11-28 00:00:00,14.93,0.1
DWLR0050,2024-12-01 00:00:00,15.0,0.4
DWLR0050,2024-12-04 00:00:00,15.13,0.9
DWLR0050,2024-12-07 00:00:00,15.21,3.1
DWLR0050,2024-12-10 00:00:00,15.36,4.5
DWLR0050,2024-12-13 00:00:00,15.47,0.0
DWLR0050,2024-12-16 00:00:00,15.6,3.7
DWLR0050,2024-12-19 00:00:00,15.74,3.4
DWLR0050,2024-12-22 00:00:00,15.86,4.3
DWLR0050,2024-12-25 00:00:00,16.06,4.7
DWLR0050,2024-12-28 00:00:00,16.29,2.6
DWLR0050,2024-12-31 00:00:00,16.43,1.9
DWLR0050,2025-01-03 00:00:00,16.57,0.7
DWLR0050,2025-01-06 00:00:00,16.71,1.9
DWLR0050,2025-01-09 00:00:00,16.88,0.3
DWLR0050,2025-01-12 00:00:00,17.07,1.4
DWLR0050,2025-01-15 00:00:00,17.27,0.3
DWLR0050,2025-01-18 00:00:00,17.38,1.2
DWLR0050,2025-01-21 00:00:00,17.63,0.6
DWLR0050,2025-01-24 00:00:00,17.82,3.9
DWLR0050,2025-01-27 00:00:00,18.0,1.7
DWLR0050,2025-01-30 00:00:00,18.06,3.1
DWLR0050,2025-02-02 00:00:00,18.25,4.6
DWLR0050,2025-02-05 00:00:00,18.48,4.0
DWLR0050,2025-02-08 00:00:00,18.63,2.0
DWLR0050,2025-02-11 00:00:00,18.67,0.4
DWLR0050,2025-02-14 00:00:00,18.87,3.9
DWLR0050,2025-02-17 00:00:00,19.06,1.6
DWLR0050,2025-02-20 00:00:00,19.21,3.5
DWLR0050,2025-02-23 00:00:00,19.44,0.7
DWLR0050,2025-02-26 00:00:00,19.57,0.3
DWLR0050,2025-03-01 00:00:00,19.75,0.2
DWLR0050,2025-03-04 00:00:00,19.96,0.2
DWLR0050,2025-03-07 00:00:00,20.15,2.8
DWLR0050,2025-03-10 00:00:00,20.37,3.0
DWLR0050,2025-03-13 00:00:00,20.46,0.8
DWLR0050,2025-03-16 00:00:00,20.55,2.4
DWLR0050,2025-03-19 00:00:00,20.73,4.7
DWLR0050,2025-03-22 00:00:00,20.91,3.0
DWLR0050,2025-03-25 00:00:00,21.15,3.1
DWLR0050,2025-03-28 00:00:00,21.28,0.1
DWLR0050,2025-03-31 00:00:00,21.47,4.6
DWLR0050,2025-04-03 00:00:00,21.7,0.4
DWLR0050,2025-04-06 00:00:00,21.89,4.4
DWLR0050,2025-04-09 00:00:00,22.13,2.5
DWLR0050,2025-04-12 00:00:00,22.31,4.5
DWLR0050,2025-04-15 00:00:00,22.48,3.7
DWLR0050,2025-04-18 00:00:00,22.67,2.6
DWLR0050,2025-04-21 00:00:00,22.83,5.0
DWLR0050,2025-04-24 00:00:00,23.02,1.1
DWLR0050,2025-04-27 00:00:00,23.28,2.5
DWLR0050,2025-04-30 00:00:00,23.47,3.8
DWLR0050,2025-05-03 00:00:00,23.68,1.3
DWLR0050,2025-05-06 00:00:00,23.81,0.5
DWLR0050,2025-05-09 00:00:00,23.89,1.1
DWLR0050,2025-05-12 00:00:00,23.94,2.2
DWLR0050,2025-05-15 00:00:00,24.03,2.2
DWLR0050,2025-05-18 00:00:00,24.22,0.5
DWLR0050,2025-05-21 00:00:00,24.43,1.6
DWLR0050,2025-05-24 00:00:00,24.53,4.2
DWLR0050,2025-05-27 00:00:00,24.74,3.9
DWLR0050,2025-05-30 00:00:00,24.94,2.1
DWLR0050,2025-06-02 00:00:00,25.07,0.8
DWLR0050,2025-06-05 00:00:00,25.1,2.3
DWLR0050,2025-06-08 00:00:00,25.06,29.1
DWLR0050,2025-06-11 00:00:00,25.1,3.9
DWLR0050,2025-06-14 00:00:00,25.16,35.5
DWLR0050,2025-06-17 00:00:00,25.25,36.4
DWLR0050,2025-06-20 00:00:00,25.33,1.7
DWLR0050,2025-06-23 00:00:00,25.36,29.9
DWLR0050,2025-06-26 00:00:00,25.4,33.6
DWLR0050,2025-06-29 00:00:00,25.5,5.1
DWLR0050,2025-07-02 00:00:00,25.54,9.3
DWLR0050,2025-07-05 00:00:00,25.66,3.0
DWLR0050,2025-07-08 00:00:00,25.69,12.7
DWLR0050,2025-07-11 00:00:00,25.72,12.4
DWLR0050,2025-07-14 00:00:00,25.73,20.3
DWLR0050,2025-07-17 00:00:00,25.8,1.4
DWLR0050,2025-07-20 00:00:00,25.77,28.5
DWLR0050,2025-07-23 00:00:00,25.88,33.6
DWLR0050,2025-07-26 00:00:00,25.97,11.8
DWLR0050,2025-07-29 00:00:00,25.93,35.2
DWLR0050,2025-08-01 00:00:00,26.0,4.7
DWLR0050,2025-08-04 00:00:00,26.09,5.0
DWLR0050,2025-08-07 00:00:00,26.15,32.2
DWLR0050,2025-08-10 00:00:00,26.18,9.6
DWLR0050,2025-08-13 00:00:00,26.28,34.9
DWLR0050,2025-08-16 00:00:00,26.4,22.1
DWLR0050,2025-08-19 00:00:00,26.48,0.7
DWLR0050,2025-08-22 00:00:00,26.56,23.1
DWLR0050,2025-08-25 00:00:00,26.6,31.1
DWLR0050,2025-08-28 00:00:00,26.69,23.8
DWLR0050,2025-08-31 00:00:00,26.68,29.2
DWLR0050,2025-09-03 00:00:00,26.72,17.8
DWLR0050,2025-09-06 00:00:00,26.77,22.5
DWLR0050,2025-09-09 00:00:00,26.85,12.4
DWLR0050,2025-09-12 00:00:00,26.89,26.0
DWLR0050,2025-09-15 00:00:00,26.9,19.8
DWLR0050,2025-09-18 00:00:00,26.95,7.4
DWLR0050,2025-09-21 00:00:00,27.01,1.3
DWLR0050,2025-09-24 00:00:00,27.09,21.3
DWLR0050,2025-09-27 00:00:00,27.16,10.7
DWLR0050,2025-09-30 00:00:00,27.27,28.1
DWLR0050,2025-10-03 00:00:00,27.51,4.7
DWLR0050,2025-10-06 00:00:00,27.61,1.5
DWLR0050,2025-10-09 00:00:00,27.76,4.7
DWLR0050,2025-10-12 00:00:00,27.98,2.4
DWLR0050,2025-10-15 00:00:00,28.15,3.4
DWLR0050,2025-10-18 00:00:00,28.38,1.8
DWLR0050,2025-10-21 00:00:00,28.55,3.7
DWLR0050,2025-10-24 00:00:00,28.61,4.5
DWLR0050,2025-10-27 00:00:00,28.74,1.5
DWLR0050,2025-10-30 00:00:00,28.89,4.6
DWLR0050,2025-11-02 00:00:00,29.02,3.4
DWLR0050,2025-11-05 00:00:00,29.04,1.7
DWLR0050,2025-11-08 00:00:00,29.31,4.5
DWLR0050,2025-11-11 00:00:00,29.51,1.7
DWLR0050,2025-11-14 00:00:00,29.72,4.5
DWLR0050,2025-11-17 00:00:00,29.87,2.7
DWLR0050,2025-11-20 00:00:00,29.92,4.4
DWLR0050,2025-11-23 00:00:00,30.16,4.1
DWLR0050,2025-11-26 00:00:00,30.32,2.7
DWLR0051,2024-06-01 00:00:00,13.34,33.1
DWLR0051,2024-06-04 00:00:00,13.43,30.6
DWLR0051,2024-06-07 00:00:00,13.53,5.6
DWLR0051,2024-06-10 00:00:00,13.6,24.7
DWLR0051,2024-06-13 00:00:00,13.6,4.8
DWLR0051,2024-06-16 00:00:00,13.69,32.7
DWLR0051,2024-06-19 00:00:00,13.74,7.0
DWLR0051,2024-06-22 00:00:00,13.76,22.9
DWLR0051,2024-06-25 00:00:00,13.82,31.1
DWLR0051,2024-06-28 00:00:00,13.87,1.5
DWLR0051,2024-07-01 00:00:00,13.84,14.0
DWLR0051,2024-07-04 00:00:00,13.89,12.9
DWLR0051,2024-07-07 00:00:00,13.96,4.8
DWLR0051,2024-07-10 00:00:00,14.0,4.4
DWLR0051,2024-07-13 00:00:00,14.06,26.5
DWLR0051,2024-07-16 00:00:00,14.16,21.3
DWLR0051,2024-07-19 00:00:00,14.17,33.7
DWLR0051,2024-07-22 00:00:00,14.15,16.5
DWLR0051,2024-07-25 00:00:00,14.24,19.5
DWLR0051,2024-07-28 00:00:00,14.3,11.5
DWLR0051,2024-07-31 00:00:00,14.4,11.7
DWLR0051,2024-08-03 00:00:00,14.48,21.2
DWLR0051,2024-08-06 00:00:00,14.64,15.7
DWLR0051,2024-08-09 00:00:00,14.6,39.9
DWLR0051,2024-08-12 00:00:00,14.6,9.1
DWLR0051,2024-08-15 00:00:00,14.6,36.5
DWLR0051,2024-08-18 00:00:00,14.6,33.5
DWLR0051,2024-08-21 00:00:00,14.73,11.2
DWLR0051,2024-08-24 00:00:00,14.8,34.7
DWLR0051,2024-08-27 00:00:00,14.81,32.1
DWLR0051,2024-08-30 00:00:00,14.87,33.1
DWLR0051,2024-09-02 00:00:00,14.95,2.6
DWLR0051,2024-09-05 00:00:00,14.9,29.5
DWLR0051,2024-09-08 00:00:00,14.91,2.7
DWLR0051,2024-09-11 00:00:00,14.89,35.7
DWLR0051,2024-09-14 00:00:00,15.07,23.9
DWLR0051,2024-09-17 00:00:00,15.1,23.0
DWLR0051,2024-09-20 00:00:00,15.21,23.6
DWLR0051,2024-09-23 00:00:00,15.36,22.2
DWLR0051,2024-09-26 00:00:00,15.46,34.6
DWLR0051,2024-09-29 00:00:00,15.45,30.2
DWLR0051,2024-10-02 00:00:00,15.6,2.2
DWLR0051,2024-10-05 00:00:00,15.79,4.1
DWLR0051,2024-10-08 00:00:00,15.92,4.0
DWLR0051,2024-10-11 00:00:00,16.01,3.3
DWLR0051,2024-10-14 00:00:00,16.19,4.7
DWLR0051,2024-10-17 00:00:00,16.36,4.9
DWLR0051,2024-10-20 00:00:00,16.56,2.7
DWLR0051,2024-10-23 00:00:00,16.79,2.3
DWLR0051,2024-10-26 00:00:00,16.88,1.2
DWLR0051,2024-10-29 00:00:00,16.94,3.3
DWLR0051,2024-11-01 00:00:00,17.1,0.3
DWLR0051,2024-11-04 00:00:00,17.13,4.1
DWLR0051,2024-11-07 00:00:00,17.3,4.6
DWLR0051,2024-11-10 00:00:00,17.5,0.9
DWLR0051,2024-11-13 00:00:00,17.59,3.2
DWLR0051,2024-11-16 00:00:00,17.7,3.4
DWLR0051,2024-11-19 00:00:00,17.76,2.4
DWLR0051,2024-11-22 00:00:00,17.96,1.8
DWLR0051,2024-11-25 00:00:00,18.14,1.0
DWLR0051,2024-11-28 00:00:00,18.31,3.1
DWLR0051,2024-12-01 00:00:00,18.46,3.8
DWLR0051,2024-12-04 00:00:00,18.57,1.0
DWLR0051,2024-12-07 00:00:00,18.69,4.4
DWLR0051,2024-12-10 00:00:00,18.83,3.8
DWLR0051,2024-12-13 00:00:00,19.01,2.9
DWLR0051,2024-12-16 00:00:00,19.13,3.0
DWLR0051,2024-12-19 00:00:00,19.28,3.6
DWLR0051,2024-12-22 00:00:00,19.49,2.3
DWLR0051,2024-12-25 00:00:00,19.53,4.6
DWLR0051,2024-12-28 00:00:00,19.69,1.2
DWLR0051,2024-12-31 00:00:00,19.87,4.9
DWLR0051,2025-01-03 00:00:00,20.06,4.5
DWLR0051,2025-01-06 00:00:00,20.21,0.5
DWLR0051,2025-01-09 00:00:00,20.35,3.5
DWLR0051,2025-01-12 00:00:00,20.44,2.1
DWLR0051,2025-01-15 00:00:00,20.6,2.0
DWLR0051,2025-01-18 00:00:00,20.74,0.3
DWLR0051,2025-01-21 00:00:00,20.95,4.3
DWLR0051,2025-01-24 00:00:00,21.15,4.7
DWLR0051,2025-01-27 00:00:00,21.29,0.1
DWLR0051,2025-01-30 00:00:00,21.41,3.9
DWLR0051,2025-02-02 00:00:00,21.49,0.5
DWLR0051,2025-02-05 00:00:00,21.68,1.9
DWLR0051,2025-02-08 00:00:00,21.78,3.0
DWLR0051,2025-02-11 00:00:00,21.95,1.7
DWLR0051,2025-02-14 00:00:00,22.15,3.5
DWLR0051,2025-02-17 00:00:00,22.38,2.9
DWLR0051,2025-02-20 00:00:00,22.57,3.9
DWLR0051,2025-02-23 00:00:00,22.67,1.3
DWLR0051,2025-02-26 00:00:00,22.89,3.6
DWLR0051,2025-03-01 00:00:00,23.06,4.1
DWLR0051,2025-03-04 00:00:00,23.21,4.8
DWLR0051,2025-03-07 00:00:00,23.34,4.5
DWLR0051,2025-03-10 00:00:00,23.47,1.5
DWLR0051,2025-03-13 00:00:00,23.6,2.3
DWLR0051,2025-03-16 00:00:00,23.76,1.3
DWLR0051,2025-03-19 00:00:00,23.84,1.4
DWLR0051,2025-03-22 00:00:00,23.92,2.4
DWLR0051,2025-03-25 00:00:00,24.02,3.2
DWLR0051,2025-03-28 00:00:00,24.16,1.4
DWLR0051,2025-03-31 00:00:00,24.31,4.5
DWLR0051,2025-04-03 00:00:00,24.44,3.6
DWLR0051,2025-04-06 00:00:00,24.58,1.6
DWLR0051,2025-04-09 00:00:00,24.69,3.1
DWLR0051,2025-04-12 00:00:00,24.73,2.3
DWLR0051,2025-04-15 00:00:00,24.92,2.0
DWLR0051,2025-04-18 00:00:00,24.96,2.3
DWLR0051,2025-04-21 00:00:00,25.05,2.2
DWLR0051,2025-04-24 00:00:00,25.22,3.1
DWLR0051,2025-04-27 00:00:00,25.34,2.6
DWLR0051,2025-04-30 00:00:00,25.46,3.9
DWLR0051,2025-05-03 00:00:00,25.63,0.3
DWLR0051,2025-05-06 00:00:00,25.84,3.9
DWLR0051,2025-05-09 00:00:00,26.02,0.4
DWLR0051,2025-05-12 00:00:00,26.24,1.7
DWLR0051,2025-05-15 00:00:00,26.39,0.7
DWLR0051,2025-05-18 00:00:00,26.51,4.3
DWLR0051,2025-05-21 00:00:00,26.68,1.6
DWLR0051,2025-05-24 00:00:00,26.82,1.3
DWLR0051,2025-05-27 00:00:00,27.01,3.2
DWLR0051,2025-05-30 00:00:00,27.19,2.7
DWLR0051,2025-06-02 00:00:00,27.3,33.3
DWLR0051,2025-06-05 00:00:00,27.31,31.5
DWLR0051,2025-06-08 00:00:00,27.36,13.8
DWLR0051,2025-06-11 00:00:00,27.39,36.6
DWLR0051,2025-06-14 00:00:00,27.51,20.1
DWLR0051,2025-06-17 00:00:00,27.46,38.1
DWLR0051,2025-06-20 00:00:00,27.5,5.5
DWLR0051,2025-06-23 00:00:00,27.58,18.0
DWLR0051,2025-06-26 00:00:00,27.58,28.1
DWLR0051,2025-06-29 00:00:00,27.69,27.6
DWLR0051,2025-07-02 00:00:00,27.65,5.1
DWLR0051,2025-07-05 00:00:00,27.75,26.1
DWLR0051,2025-07-08 00:00:00,27.83,30.3
DWLR0051,2025-07-11 00:00:00,27.92,35.2
DWLR0051,2025-07-14 00:00:00,28.0,19.6
DWLR0051,2025-07-17 00:00:00,28.04,25.4
DWLR0051,2025-07-20 00:00:00,28.05,1.6
DWLR0051,2025-07-23 00:00:00,28.12,0.8
DWLR0051,2025-07-26 00:00:00,28.14,25.6
DWLR0051,2025-07-29 00:00:00,28.21,13.5
DWLR0051,2025-08-01 00:00:00,28.27,6.4
DWLR0051,2025-08-04 00:00:00,28.34,11.7
DWLR0051,2025-08-07 00:00:00,28.43,9.7
DWLR0051,2025-08-10 00:00:00,28.48,20.3
DWLR0051,2025-08-13 00:00:00,28.53,27.5
DWLR0051,2025-08-16 00:00:00,28.52,37.1
DWLR0051,2025-08-19 00:00:00,28.6,32.9
DWLR0051,2025-08-22 00:00:00,28.75,3.6
DWLR0051,2025-08-25 00:00:00,28.77,32.4
DWLR0051,2025-08-28 00:00:00,28.89,33.4
DWLR0051,2025-08-31 00:00:00,28.91,32.9
DWLR0051,2025-09-03 00:00:00,28.97,28.5
DWLR0051,2025-09-06 00:00:00,28.93,0.2
DWLR0051,2025-09-09 00:00:00,28.98,14.3
DWLR0051,2025-09-12 00:00:00,29.06,37.0
DWLR0051,2025-09-15 00:00:00,29.11,36.3
DWLR0051,2025-09-18 00:00:00,29.13,30.4
DWLR0051,2025-09-21 00:00:00,29.18,12.8
DWLR0051,2025-09-24 00:00:00,29.17,29.3
DWLR0051,2025-09-27 00:00:00,29.16,12.6
DWLR0051,2025-09-30 00:00:00,29.14,1.1
DWLR0051,2025-10-03 00:00:00,29.33,4.9
DWLR0051,2025-10-06 00:00:00,29.48,3.1
DWLR0051,2025-10-09 00:00:00,29.61,3.6
DWLR0051,2025-10-12 00:00:00,29.77,3.9
DWLR0051,2025-10-15 00:00:00,29.89,0.9
DWLR0051,2025-10-18 00:00:00,30.06,0.7
DWLR0051,2025-10-21 00:00:00,30.3,2.9
DWLR0051,2025-10-24 00:00:00,30.51,3.3
DWLR0051,2025-10-27 00:00:00,30.65,3.5
DWLR0051,2025-10-30 00:00:00,30.76,1.5
DWLR0051,2025-11-02 00:00:00,30.87,2.6
DWLR0051,2025-11-05 00:00:00,31.04,1.4
DWLR0051,2025-11-08 00:00:00,31.09,4.3
DWLR0051,2025-11-11 00:00:00,31.23,0.9
DWLR0051,2025-11-14 00:00:00,31.41,2.5
DWLR0051,2025-11-17 00:00:00,31.61,2.9
DWLR0051,2025-11-20 00:00:00,31.81,1.9
DWLR0051,2025-11-23 00:00:00,31.94,1.0
DWLR0051,2025-11-26 00:00:00,32.17,1.6
DWLR0052,2024-06-01 00:00:00,23.59,21.8
DWLR0052,2024-06-04 00:00:00,23.58,14.6
DWLR0052,2024-06-07 00:00:00,23.47,12.6
DWLR0052,2024-06-10 00:00:00,23.33,16.3
DWLR0052,2024-06-13 00:00:00,23.29,8.4
DWLR0052,2024-06-16 00:00:00,23.23,9.8
DWLR0052,2024-06-19 00:00:00,23.11,21.7
DWLR0052,2024-06-22 00:00:00,23.09,26.7
DWLR0052,2024-06-25 00:00:00,23.1,15.8
DWLR0052,2024-06-28 00:00:00,23.01,28.5
DWLR0052,2024-07-01 00:00:00,23.07,27.0
DWLR0052,2024-07-04 00:00:00,23.04,12.6
DWLR0052,2024-07-07 00:00:00,23.03,12.2
DWLR0052,2024-07-10 00:00:00,22.98,25.7
DWLR0052,2024-07-13 00:00:00,22.97,32.1
DWLR0052,2024-07-16 00:00:00,22.91,16.0
DWLR0052,2024-07-19 00:00:00,22.91,26.9
DWLR0052,2024-07-22 00:00:00,22.92,29.3
DWLR0052,2024-07-25 00:00:00,22.78,3.8
DWLR0052,2024-07-28 00:00:00,22.75,21.6
DWLR0052,2024-07-31 00:00:00,22.62,38.5
DWLR0052,2024-08-03 00:00:00,22.6,31.6
DWLR0052,2024-08-06 00:00:00,22.51,19.0
DWLR0052,2024-08-09 00:00:00,22.51,21.4
DWLR0052,2024-08-12 00:00:00,22.47,27.5
DWLR0052,2024-08-15 00:00:00,22.36,18.7
DWLR0052,2024-08-18 00:00:00,22.39,31.8
DWLR0052,2024-08-21 00:00:00,22.29,37.6
DWLR0052,2024-08-24 00:00:00,22.29,7.5
DWLR0052,2024-08-27 00:00:00,22.24,34.9
DWLR0052,2024-08-30 00:00:00,22.17,11.4
DWLR0052,2024-09-02 00:00:00,22.15,18.6
DWLR0052,2024-09-05 00:00:00,22.2,4.4
DWLR0052,2024-09-08 00:00:00,22.2,1.6
DWLR0052,2024-09-11 00:00:00,22.15,25.2
DWLR0052,2024-09-14 00:00:00,22.06,32.0
DWLR0052,2024-09-17 00:00:00,22.01,35.5
DWLR0052,2024-09-20 00:00:00,22.03,36.9
DWLR0052,2024-09-23 00:00:00,22.02,39.2
DWLR0052,2024-09-26 00:00:00,21.96,8.0
DWLR0052,2024-09-29 00:00:00,21.9,37.8
DWLR0052,2024-10-02 00:00:00,21.91,2.2
DWLR0052,2024-10-05 00:00:00,21.89,1.5
DWLR0052,2024-10-08 00:00:00,21.94,2.7
DWLR0052,2024-10-11 00:00:00,22.04,0.4
DWLR0052,2024-10-14 00:00:00,22.05,0.0
DWLR0052,2024-10-17 00:00:00,22.08,1.0
DWLR0052,2024-10-20 00:00:00,22.11,2.7
DWLR0052,2024-10-23 00:00:00,22.19,4.9
DWLR0052,2024-10-26 00:00:00,22.23,2.4
DWLR0052,2024-10-29 00:00:00,22.2,2.5
DWLR0052,2024-11-01 00:00:00,22.29,5.0
DWLR0052,2024-11-04 00:00:00,22.42,1.4
DWLR0052,2024-11-07 00:00:00,22.49,3.3
DWLR0052,2024-11-10 00:00:00,22.5,0.6
DWLR0052,2024-11-13 00:00:00,22.55,1.7
DWLR0052,2024-11-16 00:00:00,22.6,3.7
DWLR0052,2024-11-19 00:00:00,22.66,3.4
DWLR0052,2024-11-22 00:00:00,22.75,0.8
DWLR0052,2024-11-25 00:00:00,22.87,0.7
DWLR0052,2024-11-28 00:00:00,22.91,1.9
DWLR0052,2024-12-01 00:00:00,22.91,2.7
DWLR0052,2024-12-04 00:00:00,23.0,1.3
DWLR0052,2024-12-07 00:00:00,23.1,4.6
DWLR0052,2024-12-10 00:00:00,23.12,1.9
DWLR0052,2024-12-13 00:00:00,23.21,0.9
DWLR0052,2024-12-16 00:00:00,23.23,3.4
DWLR0052,2024-12-19 00:00:00,23.26,4.0
DWLR0052,2024-12-22 00:00:00,23.3,0.8
DWLR0052,2024-12-25 00:00:00,23.36,0.6
DWLR0052,2024-12-28 00:00:00,23.36,1.4
DWLR0052,2024-12-31 00:00:00,23.4,4.3
DWLR0052,2025-01-03 00:00:00,23.39,4.8
DWLR0052,2025-01-06 00:00:00,23.36,3.8
DWLR0052,2025-01-09 00:00:00,23.41,1.4
DWLR0052,2025-01-12 00:00:00,23.38,4.2
DWLR0052,2025-01-15 00:00:00,23.48,2.9
DWLR0052,2025-01-18 00:00:00,23.46,4.4
DWLR0052,2025-01-21 00:00:00,23.43,4.5
DWLR0052,2025-01-24 00:00:00,23.41,4.4
DWLR0052,2025-01-27 00:00:00,23.46,2.8
DWLR0052,2025-01-30 00:00:00,23.53,0.6
DWLR0052,2025-02-02 00:00:00,23.55,1.8
DWLR0052,2025-02-05 00:00:00,23.57,0.2
DWLR0052,2025-02-08 00:00:00,23.61,4.6
DWLR0052,2025-02-11 00:00:00,23.66,0.7
DWLR0052,2025-02-14 00:00:00,23.71,0.3
DWLR0052,2025-02-17 00:00:00,23.73,0.1
DWLR0052,2025-02-20 00:00:00,23.8,3.0
DWLR0052,2025-02-23 00:00:00,23.9,3.8
DWLR0052,2025-02-26 00:00:00,24.04,0.7
DWLR0052,2025-03-01 00:00:00,24.03,0.4
DWLR0052,2025-03-04 00:00:00,24.1,0.8
DWLR0052,2025-03-07 00:00:00,24.15,2.7
DWLR0052,2025-03-10 00:00:00,24.16,2.9
DWLR0052,2025-03-13 00:00:00,24.15,4.2
DWLR0052,2025-03-16 00:00:00,24.21,3.4
DWLR0052,2025-03-19 00:00:00,24.27,0.4
DWLR0052,2025-03-22 00:00:00,24.3,2.3
DWLR0052,2025-03-25 00:00:00,24.36,4.3
DWLR0052,2025-03-28 00:00:00,24.42,0.1
DWLR0052,2025-03-31 00:00:00,24.51,3.6
DWLR0052,2025-04-03 00:00:00,24.63,0.7
DWLR0052,2025-04-06 00:00:00,24.62,2.6
DWLR0052,2025-04-09 00:00:00,24.67,3.2
DWLR0052,2025-04-12 00:00:00,24.7,1.8
DWLR0052,2025-04-15 00:00:00,24.65,1.9
DWLR0052,2025-04-18 00:00:00,24.65,2.6
DWLR0052,2025-04-21 00:00:00,24.61,2.6
DWLR0052,2025-04-24 00:00:00,24.66,3.9
DWLR0052,2025-04-27 00:00:00,24.74,2.8
DWLR0052,2025-04-30 00:00:00,24.85,4.9
DWLR0052,2025-05-03 00:00:00,24.92,4.0
DWLR0052,2025-05-06 00:00:00,24.89,4.2
DWLR0052,2025-05-09 00:00:00,24.91,0.6
DWLR0052,2025-05-12 00:00:00,25.04,2.1
DWLR0052,2025-05-15 00:00:00,25.14,4.4
DWLR0052,2025-05-18 00:00:00,25.24,3.6
DWLR0052,2025-05-21 00:00:00,25.18,3.5
DWLR0052,2025-05-24 00:00:00,25.16,4.8
DWLR0052,2025-05-27 00:00:00,25.18,3.9
DWLR0052,2025-05-30 00:00:00,25.22,4.3
DWLR0052,2025-06-02 00:00:00,25.19,36.5
DWLR0052,2025-06-05 00:00:00,25.23,1.0
DWLR0052,2025-06-08 00:00:00,25.18,6.5
DWLR0052,2025-06-11 00:00:00,25.15,40.0
DWLR0052,2025-06-14 00:00:00,25.06,28.6
DWLR0052,2025-06-17 00:00:00,25.02,11.0
DWLR0052,2025-06-20 00:00:00,24.95,31.7
DWLR0052,2025-06-23 00:00:00,24.92,2.1
DWLR0052,2025-06-26 00:00:00,24.85,27.2
DWLR0052,2025-06-29 00:00:00,24.78,16.7
DWLR0052,2025-07-02 00:00:00,24.8,20.8
DWLR0052,2025-07-05 00:00:00,24.69,12.0
DWLR0052,2025-07-08 00:00:00,24.66,38.2
DWLR0052,2025-07-11 00:00:00,24.57,23.3
DWLR0052,2025-07-14 00:00:00,24.5,33.4
DWLR0052,2025-07-17 00:00:00,24.39,0.7
DWLR0052,2025-07-20 00:00:00,24.36,13.7
DWLR0052,2025-07-23 00:00:00,24.28,29.3
DWLR0052,2025-07-26 00:00:00,24.19,37.7
DWLR0052,2025-07-29 00:00:00,24.19,10.8
DWLR0052,2025-08-01 00:00:00,24.11,14.5
DWLR0052,2025-08-04 00:00:00,24.08,19.5
DWLR0052,2025-08-07 00:00:00,23.97,18.4
DWLR0052,2025-08-10 00:00:00,23.85,16.3
DWLR0052,2025-08-13 00:00:00,23.92,35.5
DWLR0052,2025-08-16 00:00:00,23.83,29.1
DWLR0052,2025-08-19 00:00:00,23.72,34.1
DWLR0052,2025-08-22 00:00:00,23.62,3.0
DWLR0052,2025-08-25 00:00:00,23.5,10.6
DWLR0052,2025-08-28 00:00:00,23.48,5.6
DWLR0052,2025-08-31 00:00:00,23.51,28.3
DWLR0052,2025-09-03 00:00:00,23.43,31.6
DWLR0052,2025-09-06 00:00:00,23.36,10.3
DWLR0052,2025-09-09 00:00:00,23.36,0.4
DWLR0052,2025-09-12 00:00:00,23.27,35.3
DWLR0052,2025-09-15 00:00:00,23.18,1.9
DWLR0052,2025-09-18 00:00:00,23.06,11.5
DWLR0052,2025-09-21 00:00:00,22.96,26.6
DWLR0052,2025-09-24 00:00:00,22.92,13.9
DWLR0052,2025-09-27 00:00:00,22.91,30.7
DWLR0052,2025-09-30 00:00:00,22.83,3.2
DWLR0052,2025-10-03 00:00:00,22.86,3.7
DWLR0052,2025-10-06 00:00:00,22.93,2.0
DWLR0052,2025-10-09 00:00:00,22.94,0.0
DWLR0052,2025-10-12 00:00:00,23.05,1.9
DWLR0052,2025-10-15 00:00:00,23.01,4.1
DWLR0052,2025-10-18 00:00:00,23.11,1.7
DWLR0052,2025-10-21 00:00:00,23.08,4.3
DWLR0052,2025-10-24 00:00:00,23.26,1.8
DWLR0052,2025-10-27 00:00:00,23.2,4.9
DWLR0052,2025-10-30 00:00:00,23.22,3.1
DWLR0052,2025-11-02 00:00:00,23.19,0.1
DWLR0052,2025-11-05 00:00:00,23.17,1.1
DWLR0052,2025-11-08 00:00:00,23.26,0.4
DWLR0052,2025-11-11 00:00:00,23.31,1.4
DWLR0052,2025-11-14 00:00:00,23.39,2.3
DWLR0052,2025-11-17 00:00:00,23.39,2.3
DWLR0052,2025-11-20 00:00:00,23.5,4.3
DWLR0052,2025-11-23 00:00:00,23.49,1.6
DWLR0052,2025-11-26 00:00:00,23.49,1.5
DWLR0053,2024-06-01 00:00:00,9.76,39.4
DWLR0053,2024-06-04 00:00:00,9.74,26.0
DWLR0053,2024-06-07 00:00:00,9.79,27.6
DWLR0053,2024-06-10 00:00:00,9.75,28.0
DWLR0053,2024-06-13 00:00:00,9.64,21.8
DWLR0053,2024-06-16 00:00:00,9.59,0.3
DWLR0053,2024-06-19 00:00:00,9.55,13.8
DWLR0053,2024-06-22 00:00:00,9.57,35.5
DWLR0053,2024-06-25 00:00:00,9.61,2.2
DWLR0053,2024-06-28 00:00:00,9.46,14.5
DWLR0053,2024-07-01 00:00:00,9.32,36.8
DWLR0053,2024-07-04 00:00:00,9.21,9.0
DWLR0053,2024-07-07 00:00:00,9.06,22.8
DWLR0053,2024-07-10 00:00:00,9.0,15.8
DWLR0053,2024-07-13 00:00:00,8.92,34.7
DWLR0053,2024-07-16 00:00:00,8.96,15.0
DWLR0053,2024-07-19 00:00:00,8.81,14.4
DWLR0053,2024-07-22 00:00:00,8.8,24.0
DWLR0053,2024-07-25 00:00:00,8.68,1.9
DWLR0053,2024-07-28 00:00:00,8.64,7.6
DWLR0053,2024-07-31 00:00:00,8.66,29.6
DWLR0053,2024-08-03 00:00:00,8.71,27.7
DWLR0053,2024-08-06 00:00:00,8.7,15.4
DWLR0053,2024-08-09 00:00:00,8.59,3.5
DWLR0053,2024-08-12 00:00:00,8.45,7.2
DWLR0053,2024-08-15 00:00:00,8.44,2.2
DWLR0053,2024-08-18 00:00:00,8.35,24.1
DWLR0053,2024-08-21 00:00:00,8.29,32.6
DWLR0053,2024-08-24 00:00:00,8.23,36.6
DWLR0053,2024-08-27 00:00:00,8.18,34.6
DWLR0053,2024-08-30 00:00:00,8.02,28.8
DWLR0053,2024-09-02 00:00:00,7.94,4.4
DWLR0053,2024-09-05 00:00:00,7.84,3.8
DWLR0053,2024-09-08 00:00:00,7.85,15.1
DWLR0053,2024-09-11 00:00:00,7.81,9.1
DWLR0053,2024-09-14 00:00:00,7.74,3.6
DWLR0053,2024-09-17 00:00:00,7.69,35.7
DWLR0053,2024-09-20 00:00:00,7.61,38.1
DWLR0053,2024-09-23 00:00:00,7.52,13.6
DWLR0053,2024-09-26 00:00:00,7.42,31.0
DWLR0053,2024-09-29 00:00:00,7.4,19.9
DWLR0053,2024-10-02 00:00:00,7.39,0.3
DWLR0053,2024-10-05 00:00:00,7.39,0.1
DWLR0053,2024-10-08 00:00:00,7.41,4.8
DWLR0053,2024-10-11 00:00:00,7.54,2.7
DWLR0053,2024-10-14 00:00:00,7.53,0.9
DWLR0053,2024-10-17 00:00:00,7.64,5.0
DWLR0053,2024-10-20 00:00:00,7.69,1.4
DWLR0053,2024-10-23 00:00:00,7.73,2.2
DWLR0053,2024-10-26 00:00:00,7.75,3.3
DWLR0053,2024-10-29 00:00:00,7.81,1.9
DWLR0053,2024-11-01 00:00:00,7.87,0.4
DWLR0053,2024-11-04 00:00:00,7.85,3.8
DWLR0053,2024-11-07 00:00:00,7.88,4.6
DWLR0053,2024-11-10 00:00:00,7.84,0.8
DWLR0053,2024-11-13 00:00:00,7.83,1.5
DWLR0053,2024-11-16 00:00:00,7.91,1.3
DWLR0053,2024-11-19 00:00:00,7.86,4.7
DWLR0053,2024-11-22 00:00:00,7.92,0.5
DWLR0053,2024-11-25 00:00:00,8.01,2.1
DWLR0053,2024-11-28 00:00:00,8.11,4.9
DWLR0053,2024-12-01 00:00:00,8.13,1.6
DWLR0053,2024-12-04 00:00:00,8.09,2.2
DWLR0053,2024-12-07 00:00:00,8.14,4.1
DWLR0053,2024-12-10 00:00:00,8.22,2.4
DWLR0053,2024-12-13 00:00:00,8.15,1.8
DWLR0053,2024-12-16 00:00:00,8.28,4.3
DWLR0053,2024-12-19 00:00:00,8.32,0.0
DWLR0053,2024-12-22 00:00:00,8.32,2.2
DWLR0053,2024-12-25 00:00:00,8.33,4.9
DWLR0053,2024-12-28 00:00:00,8.46,0.7
DWLR0053,2024-12-31 00:00:00,8.42,0.6
DWLR0053,2025-01-03 00:00:00,8.53,0.9
DWLR0053,2025-01-06 00:00:00,8.62,1.0
DWLR0053,2025-01-09 00:00:00,8.63,1.5
DWLR0053,2025-01-12 00:00:00,8.69,0.1
DWLR0053,2025-01-15 00:00:00,8.75,3.0
DWLR0053,2025-01-18 00:00:00,8.88,3.5
DWLR0053,2025-01-21 00:00:00,8.99,4.0
DWLR0053,2025-01-24 00:00:00,9.0,4.4
DWLR0053,2025-01-27 00:00:00,9.06,1.7
DWLR0053,2025-01-30 00:00:00,9.22,0.3
DWLR0053,2025-02-02 00:00:00,9.3,2.2
DWLR0053,2025-02-05 00:00:00,9.36,0.1
DWLR0053,2025-02-08 00:00:00,9.48,2.3
DWLR0053,2025-02-11 00:00:00,9.58,4.7
DWLR0053,2025-02-14 00:00:00,9.54,1.7
DWLR0053,2025-02-17 00:00:00,9.53,4.2
DWLR0053,2025-02-20 00:00:00,9.55,3.9
DWLR0053,2025-02-23 00:00:00,9.59,2.3
DWLR0053,2025-02-26 00:00:00,9.56,0.5
DWLR0053,2025-03-01 00:00:00,9.67,2.8
DWLR0053,2025-03-04 00:00:00,9.71,4.8
DWLR0053,2025-03-07 00:00:00,9.74,0.5
DWLR0053,2025-03-10 00:00:00,9.77,4.4
DWLR0053,2025-03-13 00:00:00,9.9,3.1
DWLR0053,2025-03-16 00:00:00,10.02,2.0
DWLR0053,2025-03-19 00:00:00,10.14,3.7
DWLR0053,2025-03-22 00:00:00,10.24,2.8
DWLR0053,2025-03-25 00:00:00,10.36,3.6
DWLR0053,2025-03-28 00:00:00,10.37,0.7
DWLR0053,2025-03-31 00:00:00,10.5,3.2
DWLR0053,2025-04-03 00:00:00,10.49,3.3
DWLR0053,2025-04-06 00:00:00,10.62,4.7
DWLR0053,2025-04-09 00:00:00,10.67,2.8
DWLR0053,2025-04-12 00:00:00,10.8,3.4
DWLR0053,2025-04-15 00:00:00,10.83,4.6
DWLR0053,2025-04-18 00:00:00,10.96,3.1
DWLR0053,2025-04-21 00:00:00,10.97,0.8
DWLR0053,2025-04-24 00:00:00,11.01,2.2
DWLR0053,2025-04-27 00:00:00,11.08,2.4
DWLR0053,2025-04-30 00:00:00,11.14,4.9
DWLR0053,2025-05-03 00:00:00,11.21,4.1
DWLR0053,2025-05-06 00:00:00,11.3,4.1
DWLR0053,2025-05-09 00:00:00,11.33,1.3
DWLR0053,2025-05-12 00:00:00,11.41,4.3
DWLR0053,2025-05-15 00:00:00,11.57,0.5
DWLR0053,2025-05-18 00:00:00,11.7,3.7
DWLR0053,2025-05-21 00:00:00,11.8,3.2
DWLR0053,2025-05-24 00:00:00,11.88,2.8
DWLR0053,2025-05-27 00:00:00,11.96,2.1
DWLR0053,2025-05-30 00:00:00,11.99,2.0
DWLR0053,2025-06-02 00:00:00,11.98,18.5
DWLR0053,2025-06-05 00:00:00,11.98,15.5
DWLR0053,2025-06-08 00:00:00,11.96,39.4
DWLR0053,2025-06-11 00:00:00,11.83,17.3
DWLR0053,2025-06-14 00:00:00,11.8,4.6
DWLR0053,2025-06-17 00:00:00,11.71,4.0
DWLR0053,2025-06-20 00:00:00,11.65,29.4
DWLR0053,2025-06-23 00:00:00,11.53,15.2
DWLR0053,2025-06-26 00:00:00,11.43,10.3
DWLR0053,2025-06-29 00:00:00,11.4,31.9
DWLR0053,2025-07-02 00:00:00,11.4,29.8
DWLR0053,2025-07-05 00:00:00,11.43,36.3
DWLR0053,2025-07-08 00:00:00,11.32,19.6
DWLR0053,2025-07-11 00:00:00,11.21,11.3
DWLR0053,2025-07-14 00:00:00,11.12,27.2
DWLR0053,2025-07-17 00:00:00,11.04,3.7
DWLR0053,2025-07-20 00:00:00,10.95,17.5
DWLR0053,2025-07-23 00:00:00,10.85,7.7
DWLR0053,2025-07-26 00:00:00,10.84,8.8
DWLR0053,2025-07-29 00:00:00,10.71,26.7
DWLR0053,2025-08-01 00:00:00,10.64,3.9
DWLR0053,2025-08-04 00:00:00,10.64,38.0
DWLR0053,2025-08-07 00:00:00,10.59,31.5
DWLR0053,2025-08-10 00:00:00,10.61,8.7
DWLR0053,2025-08-13 00:00:00,10.54,1.8
DWLR0053,2025-08-16 00:00:00,10.51,28.5
DWLR0053,2025-08-19 00:00:00,10.44,11.2
DWLR0053,2025-08-22 00:00:00,10.37,23.0
DWLR0053,2025-08-25 00:00:00,10.29,39.4
DWLR0053,2025-08-28 00:00:00,10.25,6.5
DWLR0053,2025-08-31 00:00:00,10.18,27.2
DWLR0053,2025-09-03 00:00:00,10.16,0.5
DWLR0053,2025-09-06 00:00:00,10.1,13.4
DWLR0053,2025-09-09 00:00:00,10.09,30.5
DWLR0053,2025-09-12 00:00:00,10.08,19.3
DWLR0053,2025-09-15 00:00:00,10.01,39.6
DWLR0053,2025-09-18 00:00:00,9.87,38.7
DWLR0053,2025-09-21 00:00:00,9.85,36.1
DWLR0053,2025-09-24 00:00:00,9.75,27.9
DWLR0053,2025-09-27 00:00:00,9.72,27.1
DWLR0053,2025-09-30 00:00:00,9.65,31.7
DWLR0053,2025-10-03 00:00:00,9.71,4.2
DWLR0053,2025-10-06 00:00:00,9.75,2.2
DWLR0053,2025-10-09 00:00:00,9.86,0.6
DWLR0053,2025-10-12 00:00:00,9.89,3.4
DWLR0053,2025-10-15 00:00:00,9.94,1.3
DWLR0053,2025-10-18 00:00:00,10.01,3.3
DWLR0053,2025-10-21 00:00:00,10.11,0.5
DWLR0053,2025-10-24 00:00:00,10.29,1.9
DWLR0053,2025-10-27 00:00:00,10.21,4.2
DWLR0053,2025-10-30 00:00:00,10.34,3.0
DWLR0053,2025-11-02 00:00:00,10.36,4.0
DWLR0053,2025-11-05 00:00:00,10.43,1.3
DWLR0053,2025-11-08 00:00:00,10.44,1.0
DWLR0053,2025-11-11 00:00:00,10.48,4.8
DWLR0053,2025-11-14 00:00:00,10.43,3.6
DWLR0053,2025-11-17 00:00:00,10.52,1.4
DWLR0053,2025-11-20 00:00:00,10.57,2.4
DWLR0053,2025-11-23 00:00:00,10.62,4.8
DWLR0053,2025-11-26 00:00:00,10.65,0.6
DWLR0054,2024-06-01 00:00:00,18.22,13.1
DWLR0054,2024-06-04 00:00:00,18.2,34.3
DWLR0054,2024-06-07 00:00:00,18.19,19.5
DWLR0054,2024-06-10 00:00:00,18.1,23.9
DWLR0054,2024-06-13 00:00:00,18.02,15.5
DWLR0054,2024-06-16 00:00:00,18.02,8.5
DWLR0054,2024-06-19 00:00:00,17.92,21.8
DWLR0054,2024-06-22 00:00:00,17.77,11.5
DWLR0054,2024-06-25 00:00:00,17.82,9.1
DWLR0054,2024-06-28 00:00:00,17.81,6.0
DWLR0054,2024-07-01 00:00:00,17.74,29.7
DWLR0054,2024-07-04 00:00:00,17.7,11.3
DWLR0054,2024-07-07 00:00:00,17.59,13.5
DWLR0054,2024-07-10 00:00:00,17.52,34.6
DWLR0054,2024-07-13 00:00:00,17.46,20.7
DWLR0054,2024-07-16 00:00:00,17.42,37.5
DWLR0054,2024-07-19 00:00:00,17.36,28.1
DWLR0054,2024-07-22 00:00:00,17.28,29.8
DWLR0054,2024-07-25 00:00:00,17.21,28.7
DWLR0054,2024-07-28 00:00:00,17.16,37.0
DWLR0054,2024-07-31 00:00:00,17.08,33.1
DWLR0054,2024-08-03 00:00:00,17.03,16.5
DWLR0054,2024-08-06 00:00:00,16.92,19.8
DWLR0054,2024-08-09 00:00:00,16.84,30.0
DWLR0054,2024-08-12 00:00:00,16.74,18.8
DWLR0054,2024-08-15 00:00:00,16.67,29.4
DWLR0054,2024-08-18 00:00:00,16.57,8.0
DWLR0054,2024-08-21 00:00:00,16.48,34.2
DWLR0054,2024-08-24 00:00:00,16.38,38.1
DWLR0054,2024-08-27 00:00:00,16.36,24.5
DWLR0054,2024-08-30 00:00:00,16.27,4.6
DWLR0054,2024-09-02 00:00:00,16.24,25.5
DWLR0054,2024-09-05 00:00:00,16.18,9.2
DWLR0054,2024-09-08 00:00:00,16.02,18.3
DWLR0054,2024-09-11 00:00:00,16.0,14.5
DWLR0054,2024-09-14 00:00:00,15.84,37.2
DWLR0054,2024-09-17 00:00:00,15.88,37.1
DWLR0054,2024-09-20 00:00:00,15.84,31.7
DWLR0054,2024-09-23 00:00:00,15.8,6.0
DWLR0054,2024-09-26 00:00:00,15.73,14.5
DWLR0054,2024-09-29 00:00:00,15.71,38.7
DWLR0054,2024-10-02 00:00:00,15.78,2.4
DWLR0054,2024-10-05 00:00:00,15.76,4.0
DWLR0054,2024-10-08 00:00:00,15.78,3.6
DWLR0054,2024-10-11 00:00:00,15.89,2.9
DWLR0054,2024-10-14 00:00:00,15.9,1.2
DWLR0054,2024-10-17 00:00:00,16.0,2.1
DWLR0054,2024-10-20 00:00:00,15.91,4.9
DWLR0054,2024-10-23 00:00:00,15.98,0.9
DWLR0054,2024-10-26 00:00:00,16.05,0.4
DWLR0054,2024-10-29 00:00:00,16.13,3.7
DWLR0054,2024-11-01 00:00:00,16.08,2.1
DWLR0054,2024-11-04 00:00:00,16.04,3.1
DWLR0054,2024-11-07 00:00:00,16.04,4.8
DWLR0054,2024-11-10 00:00:00,16.0,2.7
DWLR0054,2024-11-13 00:00:00,15.98,0.8
DWLR0054,2024-11-16 00:00:00,15.89,3.8
DWLR0054,2024-11-19 00:00:00,15.96,4.2
DWLR0054,2024-11-22 00:00:00,16.01,2.8
DWLR0054,2024-11-25 00:00:00,16.07,2.1
DWLR0054,2024-11-28 00:00:00,16.09,5.0
DWLR0054,2024-12-01 00:00:00,16.1,0.5
DWLR0054,2024-12-04 00:00:00,16.13,0.2
DWLR0054,2024-12-07 00:00:00,16.11,1.8
DWLR0054,2024-12-10 00:00:00,16.06,1.1
DWLR0054,2024-12-13 00:00:00,16.09,3.4
DWLR0054,2024-12-16 00:00:00,16.16,1.0
DWLR0054,2024-12-19 00:00:00,16.2,3.4
DWLR0054,2024-12-22 00:00:00,16.32,4.8
DWLR0054,2024-12-25 00:00:00,16.32,1.9
DWLR0054,2024-12-28 00:00:00,16.31,1.4
DWLR0054,2024-12-31 00:00:00,16.28,4.1
DWLR0054,2025-01-03 00:00:00,16.37,1.4
DWLR0054,2025-01-06 00:00:00,16.46,0.5
DWLR0054,2025-01-09 00:00:00,16.48,1.8
DWLR0054,2025-01-12 00:00:00,16.41,1.5
DWLR0054,2025-01-15 00:00:00,16.42,4.4
DWLR0054,2025-01-18 00:00:00,16.38,1.2
DWLR0054,2025-01-21 00:00:00,16.42,2.7
DWLR0054,2025-01-24 00:00:00,16.45,1.6
DWLR0054,2025-01-27 00:00:00,16.46,1.1
DWLR0054,2025-01-30 00:00:00,16.44,0.5
DWLR0054,2025-02-02 00:00:00,16.57,4.9
DWLR0054,2025-02-05 00:00:00,16.65,2.8
DWLR0054,2025-02-08 00:00:00,16.68,0.3
DWLR0054,2025-02-11 00:00:00,16.76,0.6
DWLR0054,2025-02-14 00:00:00,16.84,3.3
DWLR0054,2025-02-17 00:00:00,16.94,2.5
DWLR0054,2025-02-20 00:00:00,16.97,4.5
DWLR0054,2025-02-23 00:00:00,16.94,2.6
DWLR0054,2025-02-26 00:00:00,16.94,1.4
DWLR0054,2025-03-01 00:00:00,17.08,3.4
DWLR0054,2025-03-04 00:00:00,17.08,2.8
DWLR0054,2025-03-07 00:00:00,17.15,3.6
DWLR0054,2025-03-10 00:00:00,17.2,0.7
DWLR0054,2025-03-13 00:00:00,17.22,4.3
DWLR0054,2025-03-16 00:00:00,17.34,4.9
DWLR0054,2025-03-19 00:00:00,17.37,4.5
DWLR0054,2025-03-22 00:00:00,17.34,2.9
DWLR0054,2025-03-25 00:00:00,17.4,1.4
DWLR0054,2025-03-28 00:00:00,17.43,2.1
DWLR0054,2025-03-31 00:00:00,17.47,0.2
DWLR0054,2025-04-03 00:00:00,17.5,4.1
DWLR0054,2025-04-06 00:00:00,17.52,4.6
DWLR0054,2025-04-09 00:00:00,17.58,3.3
DWLR0054,2025-04-12 00:00:00,17.55,4.1
DWLR0054,2025-04-15 00:00:00,17.6,4.2
DWLR0054,2025-04-18 00:00:00,17.64,0.5
DWLR0054,2025-04-21 00:00:00,17.73,0.2
DWLR0054,2025-04-24 00:00:00,17.82,3.2
DWLR0054,2025-04-27 00:00:00,17.8,2.2
DWLR0054,2025-04-30 00:00:00,17.85,4.2
DWLR0054,2025-05-03 00:00:00,17.95,3.9
DWLR0054,2025-05-06 00:00:00,17.92,0.6
DWLR0054,2025-05-09 00:00:00,17.91,4.2
DWLR0054,2025-05-12 00:00:00,18.0,1.9
DWLR0054,2025-05-15 00:00:00,18.05,4.3
DWLR0054,2025-05-18 00:00:00,18.1,1.5
DWLR0054,2025-05-21 00:00:00,18.17,2.5
DWLR0054,2025-05-24 00:00:00,18.29,4.9
DWLR0054,2025-05-27 00:00:00,18.28,0.2
DWLR0054,2025-05-30 00:00:00,18.26,4.8
DWLR0054,2025-06-02 00:00:00,18.16,12.5
DWLR0054,2025-06-05 00:00:00,18.12,26.0
DWLR0054,2025-06-08 00:00:00,18.18,28.6
DWLR0054,2025-06-11 00:00:00,18.08,2.5
DWLR0054,2025-06-14 00:00:00,17.96,31.9
DWLR0054,2025-06-17 00:00:00,17.83,0.9
DWLR0054,2025-06-20 00:00:00,17.79,16.8
DWLR0054,2025-06-23 00:00:00,17.76,19.9
DWLR0054,2025-06-26 00:00:00,17.63,38.0
DWLR0054,2025-06-29 00:00:00,17.63,34.9
DWLR0054,2025-07-02 00:00:00,17.59,37.2
DWLR0054,2025-07-05 00:00:00,17.59,17.5
DWLR0054,2025-07-08 00:00:00,17.49,22.2
DWLR0054,2025-07-11 00:00:00,17.47,17.5
DWLR0054,2025-07-14 00:00:00,17.37,28.8
DWLR0054,2025-07-17 00:00:00,17.35,18.8
DWLR0054,2025-07-20 00:00:00,17.3,19.0
DWLR0054,2025-07-23 00:00:00,17.32,12.6
DWLR0054,2025-07-26 00:00:00,17.22,28.0
DWLR0054,2025-07-29 00:00:00,17.14,1.4
DWLR0054,2025-08-01 00:00:00,17.18,25.7
DWLR0054,2025-08-04 00:00:00,17.11,24.1
DWLR0054,2025-08-07 00:00:00,17.12,20.0
DWLR0054,2025-08-10 00:00:00,16.98,1.1
DWLR0054,2025-08-13 00:00:00,16.86,13.9
DWLR0054,2025-08-16 00:00:00,16.76,5.9
DWLR0054,2025-08-19 00:00:00,16.68,4.5
DWLR0054,2025-08-22 00:00:00,16.61,35.0
DWLR0054,2025-08-25 00:00:00,16.57,3.0
DWLR0054,2025-08-28 00:00:00,16.54,35.0
DWLR0054,2025-08-31 00:00:00,16.54,2.5
DWLR0054,2025-09-03 00:00:00,16.51,25.0
DWLR0054,2025-09-06 00:00:00,16.49,1.6
DWLR0054,2025-09-09 00:00:00,16.44,31.3
DWLR0054,2025-09-12 00:00:00,16.37,17.4
DWLR0054,2025-09-15 00:00:00,16.31,22.0
DWLR0054,2025-09-18 00:00:00,16.27,24.4
DWLR0054,2025-09-21 00:00:00,16.16,3.2
DWLR0054,2025-09-24 00:00:00,16.24,10.2
DWLR0054,2025-09-27 00:00:00,16.18,38.3
DWLR0054,2025-09-30 00:00:00,16.15,36.9
DWLR0054,2025-10-03 00:00:00,16.14,4.4
DWLR0054,2025-10-06 00:00:00,16.11,3.3
DWLR0054,2025-10-09 00:00:00,16.09,0.4
DWLR0054,2025-10-12 00:00:00,16.16,4.3
DWLR0054,2025-10-15 00:00:00,16.22,0.6
DWLR0054,2025-10-18 00:00:00,16.29,0.4
DWLR0054,2025-10-21 00:00:00,16.29,3.3
DWLR0054,2025-10-24 00:00:00,16.26,3.0
DWLR0054,2025-10-27 00:00:00,16.36,3.0
DWLR0054,2025-10-30 00:00:00,16.42,3.8
DWLR0054,2025-11-02 00:00:00,16.52,2.5
DWLR0054,2025-11-05 00:00:00,16.53,3.2
DWLR0054,2025-11-08 00:00:00,16.61,1.8
DWLR0054,2025-11-11 00:00:00,16.74,2.4
DWLR0054,2025-11-14 00:00:00,16.82,2.8
DWLR0054,2025-11-17 00:00:00,16.77,1.7
DWLR0054,2025-11-20 00:00:00,16.82,0.1
DWLR0054,2025-11-23 00:00:00,16.8,0.7
DWLR0054,2025-11-26 00:00:00,16.8,4.6
DWLR0055,2024-06-01 00:00:00,16.08,21.6
DWLR0055,2024-06-04 00:00:00,16.07,24.3
DWLR0055,2024-06-07 00:00:00,16.0,27.1
DWLR0055,2024-06-10 00:00:00,15.95,34.0
DWLR0055,2024-06-13 00:00:00,15.97,35.4
DWLR0055,2024-06-16 00:00:00,15.95,27.3
DWLR0055,2024-06-19 00:00:00,15.91,35.3
DWLR0055,2024-06-22 00:00:00,15.95,15.6
DWLR0055,2024-06-25 00:00:00,15.97,37.0
DWLR0055,2024-06-28 00:00:00,15.91,34.8
DWLR0055,2024-07-01 00:00:00,15.95,36.6
DWLR0055,2024-07-04 00:00:00,15.91,7.1
DWLR0055,2024-07-07 00:00:00,16.0,11.5
DWLR0055,2024-07-10 00:00:00,16.01,21.4
DWLR0055,2024-07-13 00:00:00,16.01,11.4
DWLR0055,2024-07-16 00:00:00,15.98,8.5
DWLR0055,2024-07-19 00:00:00,15.92,26.3
DWLR0055,2024-07-22 00:00:00,15.97,38.6
DWLR0055,2024-07-25 00:00:00,15.97,38.0
DWLR0055,2024-07-28 00:00:00,15.88,12.8
DWLR0055,2024-07-31 00:00:00,15.85,7.8
DWLR0055,2024-08-03 00:00:00,15.95,39.3
DWLR0055,2024-08-06 00:00:00,15.98,16.9
DWLR0055,2024-08-09 00:00:00,15.92,30.5
DWLR0055,2024-08-12 00:00:00,15.95,33.8
DWLR0055,2024-08-15 00:00:00,16.0,1.8
DWLR0055,2024-08-18 00:00:00,16.03,18.9
DWLR0055,2024-08-21 00:00:00,16.04,5.4
DWLR0055,2024-08-24 00:00:00,16.07,18.8
DWLR0055,2024-08-27 00:00:00,16.01,11.3
DWLR0055,2024-08-30 00:00:00,16.06,32.9
DWLR0055,2024-09-02 00:00:00,16.07,29.9
DWLR0055,2024-09-05 00:00:00,15.96,21.5
DWLR0055,2024-09-08 00:00:00,16.03,10.5
DWLR0055,2024-09-11 00:00:00,15.98,16.1
DWLR0055,2024-09-14 00:00:00,16.01,18.7
DWLR0055,2024-09-17 00:00:00,16.01,17.9
DWLR0055,2024-09-20 00:00:00,16.1,26.0
DWLR0055,2024-09-23 00:00:00,16.05,20.5
DWLR0055,2024-09-26 00:00:00,16.08,6.4
DWLR0055,2024-09-29 00:00:00,16.08,37.6
DWLR0055,2024-10-02 00:00:00,16.19,2.7
DWLR0055,2024-10-05 00:00:00,16.23,3.8
DWLR0055,2024-10-08 00:00:00,16.33,1.6
DWLR0055,2024-10-11 00:00:00,16.48,1.4
DWLR0055,2024-10-14 00:00:00,16.57,3.0
DWLR0055,2024-10-17 00:00:00,16.67,2.0
DWLR0055,2024-10-20 00:00:00,16.7,2.9
DWLR0055,2024-10-23 00:00:00,16.8,3.6
DWLR0055,2024-10-26 00:00:00,16.97,3.6
DWLR0055,2024-10-29 00:00:00,17.12,4.1
DWLR0055,2024-11-01 00:00:00,17.26,3.5
DWLR0055,2024-11-04 00:00:00,17.3,0.7
DWLR0055,2024-11-07 00:00:00,17.31,3.6
DWLR0055,2024-11-10 00:00:00,17.38,1.6
DWLR0055,2024-11-13 00:00:00,17.55,4.6
DWLR0055,2024-11-16 00:00:00,17.63,2.6
DWLR0055,2024-11-19 00:00:00,17.69,4.1
DWLR0055,2024-11-22 00:00:00,17.71,2.7
DWLR0055,2024-11-25 00:00:00,17.8,4.3
DWLR0055,2024-11-28 00:00:00,17.78,2.5
DWLR0055,2024-12-01 00:00:00,17.88,0.9
DWLR0055,2024-12-04 00:00:00,17.9,3.7
DWLR0055,2024-12-07 00:00:00,17.98,4.4
DWLR0055,2024-12-10 00:00:00,18.12,0.1
DWLR0055,2024-12-13 00:00:00,18.15,4.7
DWLR0055,2024-12-16 00:00:00,18.26,0.2
DWLR0055,2024-12-19 00:00:00,18.37,4.3
DWLR0055,2024-12-22 00:00:00,18.38,3.1
DWLR0055,2024-12-25 00:00:00,18.43,4.3
DWLR0055,2024-12-28 00:00:00,18.54,4.3
DWLR0055,2024-12-31 00:00:00,18.56,4.4
DWLR0055,2025-01-03 00:00:00,18.64,4.2
DWLR0055,2025-01-06 00:00:00,18.67,2.9
DWLR0055,2025-01-09 00:00:00,18.82,1.9
DWLR0055,2025-01-12 00:00:00,18.84,1.1
DWLR0055,2025-01-15 00:00:00,18.93,0.6
DWLR0055,2025-01-18 00:00:00,18.98,1.1
DWLR0055,2025-01-21 00:00:00,19.16,4.2
DWLR0055,2025-01-24 00:00:00,19.2,0.7
DWLR0055,2025-01-27 00:00:00,19.37,0.3
DWLR0055,2025-01-30 00:00:00,19.54,4.8
DWLR0055,2025-02-02 00:00:00,19.59,0.9
DWLR0055,2025-02-05 00:00:00,19.76,4.3
DWLR0055,2025-02-08 00:00:00,19.86,3.5
DWLR0055,2025-02-11 00:00:00,20.03,2.4
DWLR0055,2025-02-14 00:00:00,20.14,3.8
DWLR0055,2025-02-17 00:00:00,20.26,3.5
DWLR0055,2025-02-20 00:00:00,20.32,4.6
DWLR0055,2025-02-23 00:00:00,20.45,2.0
DWLR0055,2025-02-26 00:00:00,20.53,3.1
DWLR0055,2025-03-01 00:00:00,20.57,3.2
DWLR0055,2025-03-04 00:00:00,20.73,3.6
DWLR0055,2025-03-07 00:00:00,20.78,3.7
DWLR0055,2025-03-10 00:00:00,20.94,4.5
DWLR0055,2025-03-13 00:00:00,21.06,3.5
DWLR0055,2025-03-16 00:00:00,21.13,1.0
DWLR0055,2025-03-19 00:00:00,21.29,2.3
DWLR0055,2025-03-22 00:00:00,21.34,2.8
DWLR0055,2025-03-25 00:00:00,21.34,3.4
DWLR0055,2025-03-28 00:00:00,21.4,1.3
DWLR0055,2025-03-31 00:00:00,21.49,3.3
DWLR0055,2025-04-03 00:00:00,21.56,0.8
DWLR0055,2025-04-06 00:00:00,21.62,1.5
DWLR0055,2025-04-09 00:00:00,21.75,1.4
DWLR0055,2025-04-12 00:00:00,21.86,2.3
DWLR0055,2025-04-15 00:00:00,21.92,0.5
DWLR0055,2025-04-18 00:00:00,22.05,1.5
DWLR0055,2025-04-21 00:00:00,22.07,3.3
DWLR0055,2025-04-24 00:00:00,22.19,2.5
DWLR0055,2025-04-27 00:00:00,22.29,0.0
DWLR0055,2025-04-30 00:00:00,22.32,3.7
DWLR0055,2025-05-03 00:00:00,22.49,3.9
DWLR0055,2025-05-06 00:00:00,22.6,5.0
DWLR0055,2025-05-09 00:00:00,22.74,4.4
DWLR0055,2025-05-12 00:00:00,22.79,4.7
DWLR0055,2025-05-15 00:00:00,22.83,4.4
DWLR0055,2025-05-18 00:00:00,22.94,0.7
DWLR0055,2025-05-21 00:00:00,23.09,4.5
DWLR0055,2025-05-24 00:00:00,23.26,3.0
DWLR0055,2025-05-27 00:00:00,23.37,4.1
DWLR0055,2025-05-30 00:00:00,23.46,3.3
DWLR0055,2025-06-02 00:00:00,23.52,6.7
DWLR0055,2025-06-05 00:00:00,23.6,22.5
DWLR0055,2025-06-08 00:00:00,23.52,29.1
DWLR0055,2025-06-11 00:00:00,23.53,35.7
DWLR0055,2025-06-14 00:00:00,23.52,34.7
DWLR0055,2025-06-17 00:00:00,23.41,12.8
DWLR0055,2025-06-20 00:00:00,23.38,26.7
DWLR0055,2025-06-23 00:00:00,23.42,34.0
DWLR0055,2025-06-26 00:00:00,23.38,24.8
DWLR0055,2025-06-29 00:00:00,23.4,32.5
DWLR0055,2025-07-02 00:00:00,23.4,4.9
DWLR0055,2025-07-05 00:00:00,23.44,12.6
DWLR0055,2025-07-08 00:00:00,23.41,20.4
DWLR0055,2025-07-11 00:00:00,23.31,22.8
DWLR0055,2025-07-14 00:00:00,23.37,16.3
DWLR0055,2025-07-17 00:00:00,23.27,36.3
DWLR0055,2025-07-20 00:00:00,23.24,30.8
DWLR0055,2025-07-23 00:00:00,23.16,9.9
DWLR0055,2025-07-26 00:00:00,23.14,17.0
DWLR0055,2025-07-29 00:00:00,23.16,1.5
DWLR0055,2025-08-01 00:00:00,23.15,29.6
DWLR0055,2025-08-04 00:00:00,23.14,36.4
DWLR0055,2025-08-07 00:00:00,23.04,22.2
DWLR0055,2025-08-10 00:00:00,23.11,18.1
DWLR0055,2025-08-13 00:00:00,23.11,35.2
DWLR0055,2025-08-16 00:00:00,23.08,5.7
DWLR0055,2025-08-19 00:00:00,23.01,15.5
DWLR0055,2025-08-22 00:00:00,23.06,15.1
DWLR0055,2025-08-25 00:00:00,23.11,19.8
DWLR0055,2025-08-28 00:00:00,23.04,3.0
DWLR0055,2025-08-31 00:00:00,23.02,38.3
DWLR0055,2025-09-03 00:00:00,22.97,37.9
DWLR0055,2025-09-06 00:00:00,23.06,28.2
DWLR0055,2025-09-09 00:00:00,23.05,39.4
DWLR0055,2025-09-12 00:00:00,23.03,32.0
DWLR0055,2025-09-15 00:00:00,23.08,19.1
DWLR0055,2025-09-18 00:00:00,23.11,19.6
DWLR0055,2025-09-21 00:00:00,23.11,38.8
DWLR0055,2025-09-24 00:00:00,23.04,21.3
DWLR0055,2025-09-27 00:00:00,22.95,22.7
DWLR0055,2025-09-30 00:00:00,22.96,29.6
DWLR0055,2025-10-03 00:00:00,23.01,2.9
DWLR0055,2025-10-06 00:00:00,23.12,4.7
DWLR0055,2025-10-09 00:00:00,23.1,2.0
DWLR0055,2025-10-12 00:00:00,23.14,1.4
DWLR0055,2025-10-15 00:00:00,23.22,4.2
DWLR0055,2025-10-18 00:00:00,23.33,1.6
DWLR0055,2025-10-21 00:00:00,23.48,3.6
DWLR0055,2025-10-24 00:00:00,23.48,1.5
DWLR0055,2025-10-27 00:00:00,23.54,3.8
DWLR0055,2025-10-30 00:00:00,23.64,1.3
DWLR0055,2025-11-02 00:00:00,23.74,0.1
DWLR0055,2025-11-05 00:00:00,23.94,3.0
DWLR0055,2025-11-08 00:00:00,23.97,3.4
DWLR0055,2025-11-11 00:00:00,24.04,1.1
DWLR0055,2025-11-14 00:00:00,24.05,4.2
DWLR0055,2025-11-17 00:00:00,24.16,3.8
DWLR0055,2025-11-20 00:00:00,24.26,2.0
DWLR0055,2025-11-23 00:00:00,24.37,4.0
DWLR0055,2025-11-26 00:00:00,24.42,4.2
DWLR0056,2024-06-01 00:00:00,19.49,32.6
DWLR0056,2024-06-04 00:00:00,19.3,39.4
DWLR0056,2024-06-07 00:00:00,19.27,0.1
DWLR0056,2024-06-10 00:00:00,19.21,20.4
DWLR0056,2024-06-13 00:00:00,19.09,35.2
DWLR0056,2024-06-16 00:00:00,19.05,28.1
DWLR0056,2024-06-19 00:00:00,18.97,23.0
DWLR0056,2024-06-22 00:00:00,18.94,30.7
DWLR0056,2024-06-25 00:00:00,18.88,26.9
DWLR0056,2024-06-28 00:00:00,18.84,15.6
DWLR0056,2024-07-01 00:00:00,18.67,9.7
DWLR0056,2024-07-04 00:00:00,18.52,6.4
DWLR0056,2024-07-07 00:00:00,18.46,23.8
DWLR0056,2024-07-10 00:00:00,18.36,1.8
DWLR0056,2024-07-13 00:00:00,18.19,5.5
DWLR0056,2024-07-16 00:00:00,18.2,26.4
DWLR0056,2024-07-19 00:00:00,18.14,35.1
DWLR0056,2024-07-22 00:00:00,18.09,7.8
DWLR0056,2024-07-25 00:00:00,18.07,19.3
DWLR0056,2024-07-28 00:00:00,18.05,29.6
DWLR0056,2024-07-31 00:00:00,18.02,11.6
DWLR0056,2024-08-03 00:00:00,17.87,20.7
DWLR0056,2024-08-06 00:00:00,17.74,13.5
DWLR0056,2024-08-09 00:00:00,17.63,19.2
DWLR0056,2024-08-12 00:00:00,17.55,13.9
DWLR0056,2024-08-15 00:00:00,17.51,29.8
DWLR0056,2024-08-18 00:00:00,17.52,32.9
DWLR0056,2024-08-21 00:00:00,17.53,8.8
DWLR0056,2024-08-24 00:00:00,17.48,15.0
DWLR0056,2024-08-27 00:00:00,17.5,28.2
DWLR0056,2024-08-30 00:00:00,17.39,39.0
DWLR0056,2024-09-02 00:00:00,17.34,12.0
DWLR0056,2024-09-05 00:00:00,17.31,36.6
DWLR0056,2024-09-08 00:00:00,17.25,25.2
DWLR0056,2024-09-11 00:00:00,17.25,31.1
DWLR0056,2024-09-14 00:00:00,17.24,27.4
DWLR0056,2024-09-17 00:00:00,17.2,7.5
DWLR0056,2024-09-20 00:00:00,17.09,22.9
DWLR0056,2024-09-23 00:00:00,16.9,20.9
DWLR0056,2024-09-26 00:00:00,16.79,15.2
DWLR0056,2024-09-29 00:00:00,16.68,10.4
DWLR0056,2024-10-02 00:00:00,16.75,3.9
DWLR0056,2024-10-05 00:00:00,16.75,4.5
DWLR0056,2024-10-08 00:00:00,16.89,1.7
DWLR0056,2024-10-11 00:00:00,16.97,4.2
DWLR0056,2024-10-14 00:00:00,16.93,4.2
DWLR0056,2024-10-17 00:00:00,16.96,0.8
DWLR0056,2024-10-20 00:00:00,16.96,4.8
DWLR0056,2024-10-23 00:00:00,16.99,1.7
DWLR0056,2024-10-26 00:00:00,17.01,4.7
DWLR0056,2024-10-29 00:00:00,17.05,0.7
DWLR0056,2024-11-01 00:00:00,17.08,1.0
DWLR0056,2024-11-04 00:00:00,17.07,4.6
DWLR0056,2024-11-07 00:00:00,17.12,4.6
DWLR0056,2024-11-10 00:00:00,17.17,2.9
DWLR0056,2024-11-13 00:00:00,17.3,2.5
DWLR0056,2024-11-16 00:00:00,17.31,0.6
DWLR0056,2024-11-19 00:00:00,17.26,4.0
DWLR0056,2024-11-22 00:00:00,17.28,0.6
DWLR0056,2024-11-25 00:00:00,17.33,1.4
DWLR0056,2024-11-28 00:00:00,17.34,3.6
DWLR0056,2024-12-01 00:00:00,17.36,3.7
DWLR0056,2024-12-04 00:00:00,17.43,0.3
DWLR0056,2024-12-07 00:00:00,17.53,0.8
DWLR0056,2024-12-10 00:00:00,17.5,2.5
DWLR0056,2024-12-13 00:00:00,17.46,2.6
DWLR0056,2024-12-16 00:00:00,17.47,3.8
DWLR0056,2024-12-19 00:00:00,17.6,1.0
DWLR0056,2024-12-22 00:00:00,17.61,1.5
DWLR0056,2024-12-25 00:00:00,17.61,4.8
DWLR0056,2024-12-28 00:00:00,17.65,1.8
DWLR0056,2024-12-31 00:00:00,17.69,2.5
DWLR0056,2025-01-03 00:00:00,17.74,2.8
DWLR0056,2025-01-06 00:00:00,17.67,4.4
DWLR0056,2025-01-09 00:00:00,17.74,2.1
DWLR0056,2025-01-12 00:00:00,17.86,4.4
DWLR0056,2025-01-15 00:00:00,17.88,4.2
DWLR0056,2025-01-18 00:00:00,18.03,1.3
DWLR0056,2025-01-21 00:00:00,18.13,4.6
DWLR0056,2025-01-24 00:00:00,18.1,4.6
DWLR0056,2025-01-27 00:00:00,18.22,1.8
DWLR0056,2025-01-30 00:00:00,18.3,3.5
DWLR0056,2025-02-02 00:00:00,18.32,3.9
DWLR0056,2025-02-05 00:00:00,18.46,3.2
DWLR0056,2025-02-08 00:00:00,18.55,0.4
DWLR0056,2025-02-11 00:00:00,18.57,2.7
DWLR0056,2025-02-14 00:00:00,18.67,2.3
DWLR0056,2025-02-17 00:00:00,18.66,1.7
DWLR0056,2025-02-20 00:00:00,18.68,4.1
DWLR0056,2025-02-23 00:00:00,18.73,0.2
DWLR0056,2025-02-26 00:00:00,18.72,0.3
DWLR0056,2025-03-01 00:00:00,18.87,4.4
DWLR0056,2025-03-04 00:00:00,18.92,4.0
DWLR0056,2025-03-07 00:00:00,18.91,2.2
DWLR0056,2025-03-10 00:00:00,18.95,2.4
DWLR0056,2025-03-13 00:00:00,19.0,2.0
DWLR0056,2025-03-16 00:00:00,18.99,2.9
DWLR0056,2025-03-19 00:00:00,19.06,1.4
DWLR0056,2025-03-22 00:00:00,19.09,0.7
DWLR0056,2025-03-25 00:00:00,19.04,0.1
DWLR0056,2025-03-28 00:00:00,19.01,0.3
DWLR0056,2025-03-31 00:00:00,19.02,4.4
DWLR0056,2025-04-03 00:00:00,19.06,1.5
DWLR0056,2025-04-06 00:00:00,19.06,1.1
DWLR0056,2025-04-09 00:00:00,19.06,0.8
DWLR0056,2025-04-12 00:00:00,19.11,0.5
DWLR0056,2025-04-15 00:00:00,19.03,1.4
DWLR0056,2025-04-18 00:00:00,19.03,1.5
DWLR0056,2025-04-21 00:00:00,19.09,0.2
DWLR0056,2025-04-24 00:00:00,19.08,3.4
DWLR0056,2025-04-27 00:00:00,19.01,2.8
DWLR0056,2025-04-30 00:00:00,18.95,1.4
DWLR0056,2025-05-03 00:00:00,19.05,0.7
DWLR0056,2025-05-06 00:00:00,19.12,4.2
DWLR0056,2025-05-09 00:00:00,19.11,2.8
DWLR0056,2025-05-12 00:00:00,19.13,1.6
DWLR0056,2025-05-15 00:00:00,19.13,4.6
DWLR0056,2025-05-18 00:00:00,19.16,2.6
DWLR0056,2025-05-21 00:00:00,19.19,0.1
DWLR0056,2025-05-24 00:00:00,19.26,0.1
DWLR0056,2025-05-27 00:00:00,19.23,2.8
DWLR0056,2025-05-30 00:00:00,19.24,2.5
DWLR0056,2025-06-02 00:00:00,19.21,25.2
DWLR0056,2025-06-05 00:00:00,19.18,19.4
DWLR0056,2025-06-08 00:00:00,19.06,31.4
DWLR0056,2025-06-11 00:00:00,18.89,13.2
DWLR0056,2025-06-14 00:00:00,18.82,0.7
DWLR0056,2025-06-17 00:00:00,18.79,38.9
DWLR0056,2025-06-20 00:00:00,18.69,19.3
DWLR0056,2025-06-23 00:00:00,18.65,17.7
DWLR0056,2025-06-26 00:00:00,18.63,11.6
DWLR0056,2025-06-29 00:00:00,18.57,25.6
DWLR0056,2025-07-02 00:00:00,18.51,38.7
DWLR0056,2025-07-05 00:00:00,18.44,16.6
DWLR0056,2025-07-08 00:00:00,18.45,29.2
DWLR0056,2025-07-11 00:00:00,18.4,7.5
DWLR0056,2025-07-14 00:00:00,18.41,33.2
DWLR0056,2025-07-17 00:00:00,18.43,10.1
DWLR0056,2025-07-20 00:00:00,18.34,37.3
DWLR0056,2025-07-23 00:00:00,18.24,19.5
DWLR0056,2025-07-26 00:00:00,18.19,28.5
DWLR0056,2025-07-29 00:00:00,18.19,7.1
DWLR0056,2025-08-01 00:00:00,18.11,30.3
DWLR0056,2025-08-04 00:00:00,18.06,3.0
DWLR0056,2025-08-07 00:00:00,17.93,21.0
DWLR0056,2025-08-10 00:00:00,17.86,13.8
DWLR0056,2025-08-13 00:00:00,17.81,0.7
DWLR0056,2025-08-16 00:00:00,17.69,25.4
DWLR0056,2025-08-19 00:00:00,17.63,19.2
DWLR0056,2025-08-22 00:00:00,17.65,3.1
DWLR0056,2025-08-25 00:00:00,17.55,27.3
DWLR0056,2025-08-28 00:00:00,17.43,1.3
DWLR0056,2025-08-31 00:00:00,17.38,28.2
DWLR0056,2025-09-03 00:00:00,17.24,4.7
DWLR0056,2025-09-06 00:00:00,17.2,2.5
DWLR0056,2025-09-09 00:00:00,17.13,6.6
DWLR0056,2025-09-12 00:00:00,17.03,36.2
DWLR0056,2025-09-15 00:00:00,16.9,18.7
DWLR0056,2025-09-18 00:00:00,16.75,24.7
DWLR0056,2025-09-21 00:00:00,16.66,24.0
DWLR0056,2025-09-24 00:00:00,16.54,20.1
DWLR0056,2025-09-27 00:00:00,16.45,14.0
DWLR0056,2025-09-30 00:00:00,16.4,2.6
DWLR0056,2025-10-03 00:00:00,16.33,4.6
DWLR0056,2025-10-06 00:00:00,16.4,3.4
DWLR0056,2025-10-09 00:00:00,16.47,3.8
DWLR0056,2025-10-12 00:00:00,16.52,1.0
DWLR0056,2025-10-15 00:00:00,16.54,3.2
DWLR0056,2025-10-18 00:00:00,16.55,1.8
DWLR0056,2025-10-21 00:00:00,16.51,2.1
DWLR0056,2025-10-24 00:00:00,16.57,4.1
DWLR0056,2025-10-27 00:00:00,16.51,0.1
DWLR0056,2025-10-30 00:00:00,16.49,4.3
DWLR0056,2025-11-02 00:00:00,16.46,2.3
DWLR0056,2025-11-05 00:00:00,16.54,3.0
DWLR0056,2025-11-08 00:00:00,16.47,0.3
DWLR0056,2025-11-11 00:00:00,16.42,3.8
DWLR0056,2025-11-14 00:00:00,16.4,3.9
DWLR0056,2025-11-17 00:00:00,16.4,4.1
DWLR0056,2025-11-20 00:00:00,16.42,3.2
DWLR0056,2025-11-23 00:00:00,16.5,4.3
DWLR0056,2025-11-26 00:00:00,16.5,2.7
DWLR0057,2024-06-01 00:00:00,13.17,4.2
DWLR0057,2024-06-04 00:00:00,13.12,17.8
DWLR0057,2024-06-07 00:00:00,13.12,21.0
DWLR0057,2024-06-10 00:00:00,13.08,31.2
DWLR0057,2024-06-13 00:00:00,13.08,2.1
DWLR0057,2024-06-16 00:00:00,13.02,39.9
DWLR0057,2024-06-19 00:00:00,12.99,34.6
DWLR0057,2024-06-22 00:00:00,13.0,29.6
DWLR0057,2024-06-25 00:00:00,12.95,18.4
DWLR0057,2024-06-28 00:00:00,12.87,1.1
DWLR0057,2024-07-01 00:00:00,12.9,19.8
DWLR0057,2024-07-04 00:00:00,12.91,1.3
DWLR0057,2024-07-07 00:00:00,12.88,4.6
DWLR0057,2024-07-10 00:00:00,12.85,17.9
DWLR0057,2024-07-13 00:00:00,12.76,9.9
DWLR0057,2024-07-16 00:00:00,12.7,19.5
DWLR0057,2024-07-19 00:00:00,12.65,12.9
DWLR0057,2024-07-22 00:00:00,12.57,35.6
DWLR0057,2024-07-25 00:00:00,12.46,28.7
DWLR0057,2024-07-28 00:00:00,12.45,6.9
DWLR0057,2024-07-31 00:00:00,12.42,28.5
DWLR0057,2024-08-03 00:00:00,12.31,24.0
DWLR0057,2024-08-06 00:00:00,12.28,18.6
DWLR0057,2024-08-09 00:00:00,12.22,23.3
DWLR0057,2024-08-12 00:00:00,12.22,4.3
DWLR0057,2024-08-15 00:00:00,12.12,7.9
DWLR0057,2024-08-18 00:00:00,12.06,27.5
DWLR0057,2024-08-21 00:00:00,12.03,20.3
DWLR0057,2024-08-24 00:00:00,11.94,18.6
DWLR0057,2024-08-27 00:00:00,11.78,38.1
DWLR0057,2024-08-30 00:00:00,11.7,24.4
DWLR0057,2024-09-02 00:00:00,11.71,10.6
DWLR0057,2024-09-05 00:00:00,11.55,8.3
DWLR0057,2024-09-08 00:00:00,11.48,23.7
DWLR0057,2024-09-11 00:00:00,11.44,17.5
DWLR0057,2024-09-14 00:00:00,11.37,29.6
DWLR0057,2024-09-17 00:00:00,11.22,38.5
DWLR0057,2024-09-20 00:00:00,11.09,0.1
DWLR0057,2024-09-23 00:00:00,11.02,18.4
DWLR0057,2024-09-26 00:00:00,11.01,31.2
DWLR0057,2024-09-29 00:00:00,10.9,3.9
DWLR0057,2024-10-02 00:00:00,10.84,1.0
DWLR0057,2024-10-05 00:00:00,10.98,3.9
DWLR0057,2024-10-08 00:00:00,1009.98,1.3
DWLR0057,2024-10-11 00:00:00,1009.97,1.3
DWLR0057,2024-10-14 00:00:00,1010.03,1.1
DWLR0057,2024-10-17 00:00:00,1010.03,2.5
DWLR0057,2024-10-20 00:00:00,1010.04,4.3
DWLR0057,2024-10-23 00:00:00,1010.05,4.5
DWLR0057,2024-10-26 00:00:00,1010.17,3.5
DWLR0057,2024-10-29 00:00:00,13.23,3.0
DWLR0057,2024-11-01 00:00:00,13.23,2.2
DWLR0057,2024-11-04 00:00:00,13.23,4.6
DWLR0057,2024-11-07 00:00:00,13.23,2.0
DWLR0057,2024-11-10 00:00:00,13.23,2.5
DWLR0057,2024-11-13 00:00:00,13.23,1.4
DWLR0057,2024-11-16 00:00:00,13.23,1.4
DWLR0057,2024-11-19 00:00:00,13.23,2.0
DWLR0057,2024-11-22 00:00:00,13.23,0.6
DWLR0057,2024-11-25 00:00:00,13.23,1.5
DWLR0057,2024-11-28 00:00:00,13.23,1.4
DWLR0057,2024-12-01 00:00:00,13.23,4.8
DWLR0057,2024-12-04 00:00:00,13.23,0.8
DWLR0057,2024-12-07 00:00:00,13.23,0.2
DWLR0057,2024-12-10 00:00:00,13.23,3.2
DWLR0057,2024-12-13 00:00:00,13.23,2.8
DWLR0057,2024-12-16 00:00:00,13.23,0.3
DWLR0057,2024-12-19 00:00:00,13.23,1.5
DWLR0057,2024-12-22 00:00:00,13.23,0.3
DWLR0057,2024-12-25 00:00:00,13.23,3.5
DWLR0057,2024-12-28 00:00:00,13.23,1.2
DWLR0057,2024-12-31 00:00:00,13.23,3.4
DWLR0057,2025-01-03 00:00:00,13.23,2.0
DWLR0057,2025-01-06 00:00:00,13.23,5.0
DWLR0057,2025-01-09 00:00:00,13.23,0.3
DWLR0057,2025-01-12 00:00:00,13.23,1.2
DWLR0057,2025-01-15 00:00:00,13.23,0.1
DWLR0057,2025-01-18 00:00:00,13.23,3.0
DWLR0057,2025-01-21 00:00:00,13.23,0.8
DWLR0057,2025-01-24 00:00:00,13.23,2.5
DWLR0057,2025-01-27 00:00:00,13.23,0.7
DWLR0057,2025-01-30 00:00:00,13.23,3.3
DWLR0057,2025-02-02 00:00:00,13.23,4.8
DWLR0057,2025-02-05 00:00:00,13.23,0.7
DWLR0057,2025-02-08 00:00:00,13.23,1.2
DWLR0057,2025-02-11 00:00:00,13.23,3.4
DWLR0057,2025-02-14 00:00:00,13.23,3.3
DWLR0057,2025-02-17 00:00:00,13.23,4.5
DWLR0057,2025-02-20 00:00:00,13.23,3.5
DWLR0057,2025-02-23 00:00:00,13.23,4.7
DWLR0057,2025-02-26 00:00:00,13.23,0.9
DWLR0057,2025-03-01 00:00:00,13.23,2.6
DWLR0057,2025-03-04 00:00:00,13.23,1.3
DWLR0057,2025-03-07 00:00:00,13.23,2.0
DWLR0057,2025-03-10 00:00:00,13.23,3.9
DWLR0057,2025-03-13 00:00:00,13.23,4.5
DWLR0057,2025-03-16 00:00:00,13.23,1.2
DWLR0057,2025-03-19 00:00:00,13.23,4.9
DWLR0057,2025-03-22 00:00:00,13.23,0.5
DWLR0057,2025-03-25 00:00:00,13.23,1.9
DWLR0057,2025-03-28 00:00:00,13.23,3.5
DWLR0057,2025-03-31 00:00:00,13.23,0.5
DWLR0057,2025-04-03 00:00:00,13.23,4.5
DWLR0057,2025-04-06 00:00:00,13.23,4.0
DWLR0057,2025-04-09 00:00:00,13.23,3.9
DWLR0057,2025-04-12 00:00:00,13.23,1.0
DWLR0057,2025-04-15 00:00:00,13.23,0.4
DWLR0057,2025-04-18 00:00:00,13.23,3.2
DWLR0057,2025-04-21 00:00:00,13.23,4.4
DWLR0057,2025-04-24 00:00:00,13.23,0.1
DWLR0057,2025-04-27 00:00:00,13.23,1.1
DWLR0057,2025-04-30 00:00:00,13.23,4.7
DWLR0057,2025-05-03 00:00:00,13.23,0.4
DWLR0057,2025-05-06 00:00:00,13.23,4.3
DWLR0057,2025-05-09 00:00:00,13.23,0.6
DWLR0057,2025-05-12 00:00:00,13.23,3.4
DWLR0057,2025-05-15 00:00:00,13.23,0.1
DWLR0057,2025-05-18 00:00:00,13.23,4.8
DWLR0057,2025-05-21 00:00:00,13.23,1.9
DWLR0057,2025-05-24 00:00:00,13.23,1.9
DWLR0057,2025-05-27 00:00:00,13.23,3.0
DWLR0057,2025-05-30 00:00:00,13.23,2.8
DWLR0057,2025-06-02 00:00:00,13.23,8.0
DWLR0057,2025-06-05 00:00:00,13.23,21.3
DWLR0057,2025-06-08 00:00:00,13.23,10.7
DWLR0057,2025-06-11 00:00:00,13.23,22.5
DWLR0057,2025-06-14 00:00:00,13.23,0.3
DWLR0057,2025-06-17 00:00:00,13.23,9.5
DWLR0057,2025-06-20 00:00:00,13.23,36.3
DWLR0057,2025-06-23 00:00:00,13.23,21.3
DWLR0057,2025-06-26 00:00:00,13.23,14.5
DWLR0057,2025-06-29 00:00:00,13.23,32.3
DWLR0057,2025-07-02 00:00:00,13.23,28.0
DWLR0057,2025-07-05 00:00:00,13.23,36.3
DWLR0057,2025-07-08 00:00:00,13.23,13.4
DWLR0057,2025-07-11 00:00:00,13.23,5.4
DWLR0057,2025-07-14 00:00:00,13.23,35.5
DWLR0057,2025-07-17 00:00:00,13.23,15.1
DWLR0057,2025-07-20 00:00:00,13.23,14.9
DWLR0057,2025-07-23 00:00:00,13.23,8.9
DWLR0057,2025-07-26 00:00:00,13.23,23.2
DWLR0057,2025-07-29 00:00:00,13.23,17.5
DWLR0057,2025-08-01 00:00:00,13.23,1.2
DWLR0057,2025-08-04 00:00:00,13.23,14.9
DWLR0057,2025-08-07 00:00:00,13.23,4.1
DWLR0057,2025-08-10 00:00:00,13.23,12.9
DWLR0057,2025-08-13 00:00:00,13.23,9.3
DWLR0057,2025-08-16 00:00:00,13.23,8.6
DWLR0057,2025-08-19 00:00:00,13.23,5.2
DWLR0057,2025-08-22 00:00:00,13.23,5.6
DWLR0057,2025-08-25 00:00:00,13.23,18.1
DWLR0057,2025-08-28 00:00:00,13.23,5.0
DWLR0057,2025-08-31 00:00:00,13.23,24.7
DWLR0057,2025-09-03 00:00:00,13.23,10.0
DWLR0057,2025-09-06 00:00:00,13.23,30.6
DWLR0057,2025-09-09 00:00:00,13.23,29.7
DWLR0057,2025-09-12 00:00:00,13.23,38.1
DWLR0057,2025-09-15 00:00:00,13.23,27.4
DWLR0057,2025-09-18 00:00:00,13.23,17.0
DWLR0057,2025-09-21 00:00:00,13.23,25.5
DWLR0057,2025-09-24 00:00:00,13.23,11.9
DWLR0057,2025-09-27 00:00:00,13.23,11.6
DWLR0057,2025-09-30 00:00:00,13.23,39.9
DWLR0057,2025-10-03 00:00:00,13.23,4.6
DWLR0057,2025-10-06 00:00:00,13.23,0.6
DWLR0057,2025-10-09 00:00:00,13.23,1.1
DWLR0057,2025-10-12 00:00:00,13.23,4.0
DWLR0057,2025-10-15 00:00:00,13.23,4.4
DWLR0057,2025-10-18 00:00:00,13.23,1.0
DWLR0057,2025-10-21 00:00:00,13.23,3.2
DWLR0057,2025-10-24 00:00:00,13.23,2.7
DWLR0057,2025-10-27 00:00:00,13.23,2.1
DWLR0057,2025-10-30 00:00:00,13.23,2.7
DWLR0057,2025-11-02 00:00:00,13.23,1.9
DWLR0057,2025-11-05 00:00:00,13.23,3.3
DWLR0057,2025-11-08 00:00:00,13.23,5.0
DWLR0057,2025-11-11 00:00:00,13.23,1.4
DWLR0057,2025-11-14 00:00:00,13.23,2.2
DWLR0057,2025-11-17 00:00:00,13.23,2.8
DWLR0057,2025-11-20 00:00:00,13.23,1.7
DWLR0057,2025-11-23 00:00:00,13.23,1.0
DWLR0057,2025-11-26 00:00:00,13.23,1.1
DWLR0058,2024-06-01 00:00:00,5.05,32.1
DWLR0058,2024-06-04 00:00:00,4.97,33.1
DWLR0058,2024-06-07 00:00:00,4.89,18.0
DWLR0058,2024-06-10 00:00:00,4.78,13.4
DWLR0058,2024-06-13 00:00:00,4.8,39.2
DWLR0058,2024-06-16 00:00:00,4.63,24.7
DWLR0058,2024-06-19 00:00:00,4.51,26.2
DWLR0058,2024-06-22 00:00:00,4.43,31.1
DWLR0058,2024-06-25 00:00:00,4.4,20.9
DWLR0058,2024-06-28 00:00:00,4.34,0.5
DWLR0058,2024-07-01 00:00:00,4.33,22.6
DWLR0058,2024-07-04 00:00:00,4.23,12.9
DWLR0058,2024-07-07 00:00:00,4.14,30.4
DWLR0058,2024-07-10 00:00:00,4.03,23.4
DWLR0058,2024-07-13 00:00:00,3.99,16.4
DWLR0058,2024-07-16 00:00:00,3.9,26.1
DWLR0058,2024-07-19 00:00:00,3.78,26.2
DWLR0058,2024-07-22 00:00:00,3.73,21.7
DWLR0058,2024-07-25 00:00:00,3.66,27.8
DWLR0058,2024-07-28 00:00:00,3.58,28.0
DWLR0058,2024-07-31 00:00:00,3.53,32.6
DWLR0058,2024-08-03 00:00:00,3.33,33.7
DWLR0058,2024-08-06 00:00:00,3.32,16.9
DWLR0058,2024-08-09 00:00:00,3.29,1.1
DWLR0058,2024-08-12 00:00:00,3.15,16.5
DWLR0058,2024-08-15 00:00:00,3.16,34.6
DWLR0058,2024-08-18 00:00:00,3.09,32.6
DWLR0058,2024-08-21 00:00:00,3.05,20.0
DWLR0058,2024-08-24 00:00:00,2.96,21.1
DWLR0058,2024-08-27 00:00:00,2.88,15.0
DWLR0058,2024-08-30 00:00:00,2.93,26.0
DWLR0058,2024-09-02 00:00:00,2.94,10.7
DWLR0058,2024-09-05 00:00:00,2.85,20.9
DWLR0058,2024-09-08 00:00:00,2.84,25.3
DWLR0058,2024-09-11 00:00:00,2.78,31.0
DWLR0058,2024-09-14 00:00:00,2.74,28.8
DWLR0058,2024-09-17 00:00:00,2.73,26.5
DWLR0058,2024-09-20 00:00:00,2.61,38.1
DWLR0058,2024-09-23 00:00:00,2.54,12.4
DWLR0058,2024-09-26 00:00:00,2.53,10.3
DWLR0058,2024-09-29 00:00:00,2.49,26.3
DWLR0058,2024-10-02 00:00:00,2.47,0.2
DWLR0058,2024-10-05 00:00:00,2.59,0.8
DWLR0058,2024-10-08 00:00:00,2.67,3.3
DWLR0058,2024-10-11 00:00:00,2.7,0.4
DWLR0058,2024-10-14 00:00:00,2.68,2.1
DWLR0058,2024-10-17 00:00:00,2.61,4.2
DWLR0058,2024-10-20 00:00:00,2.58,4.2
DWLR0058,2024-10-23 00:00:00,2.63,0.3
DWLR0058,2024-10-26 00:00:00,2.65,2.7
DWLR0058,2024-10-29 00:00:00,2.61,4.1
DWLR0058,2024-11-01 00:00:00,2.64,0.8
DWLR0058,2024-11-04 00:00:00,2.67,4.5
DWLR0058,2024-11-07 00:00:00,2.68,4.9
DWLR0058,2024-11-10 00:00:00,2.71,2.1
DWLR0058,2024-11-13 00:00:00,2.74,2.8
DWLR0058,2024-11-16 00:00:00,2.78,2.1
DWLR0058,2024-11-19 00:00:00,2.83,3.6
DWLR0058,2024-11-22 00:00:00,2.83,1.2
DWLR0058,2024-11-25 00:00:00,2.89,4.5
DWLR0058,2024-11-28 00:00:00,2.91,2.0
DWLR0058,2024-12-01 00:00:00,2.96,0.5
DWLR0058,2024-12-04 00:00:00,2.89,2.2
DWLR0058,2024-12-07 00:00:00,2.97,4.5
DWLR0058,2024-12-10 00:00:00,2.95,1.3
DWLR0058,2024-12-13 00:00:00,3.01,2.5
DWLR0058,2024-12-16 00:00:00,3.11,1.2
DWLR0058,2024-12-19 00:00:00,3.14,0.1
DWLR0058,2024-12-22 00:00:00,3.25,3.5
DWLR0058,2024-12-25 00:00:00,3.2,0.9
DWLR0058,2024-12-28 00:00:00,3.32,4.8
DWLR0058,2024-12-31 00:00:00,3.24,2.6
DWLR0058,2025-01-03 00:00:00,3.19,0.3
DWLR0058,2025-01-06 00:00:00,3.27,3.0
DWLR0058,2025-01-09 00:00:00,3.26,1.6
DWLR0058,2025-01-12 00:00:00,3.3,4.1
DWLR0058,2025-01-15 00:00:00,3.31,2.0
DWLR0058,2025-01-18 00:00:00,3.43,4.1
DWLR0058,2025-01-21 00:00:00,3.5,4.7
DWLR0058,2025-01-24 00:00:00,3.62,2.6
DWLR0058,2025-01-27 00:00:00,3.65,3.9
DWLR0058,2025-01-30 00:00:00,3.6,0.2
DWLR0058,2025-02-02 00:00:00,3.6,1.5
DWLR0058,2025-02-05 00:00:00,3.67,4.8
DWLR0058,2025-02-08 00:00:00,3.62,1.0
DWLR0058,2025-02-11 00:00:00,3.58,3.3
DWLR0058,2025-02-14 00:00:00,3.64,4.3
DWLR0058,2025-02-17 00:00:00,3.6,1.7
DWLR0058,2025-02-20 00:00:00,3.66,0.7
DWLR0058,2025-02-23 00:00:00,3.63,4.5
DWLR0058,2025-02-26 00:00:00,3.7,3.1
DWLR0058,2025-03-01 00:00:00,3.62,4.2
DWLR0058,2025-03-04 00:00:00,3.65,2.9
DWLR0058,2025-03-07 00:00:00,3.58,3.6
DWLR0058,2025-03-10 00:00:00,3.6,1.5
DWLR0058,2025-03-13 00:00:00,3.6,4.2
DWLR0058,2025-03-16 00:00:00,3.55,3.8
DWLR0058,2025-03-19 00:00:00,3.63,3.8
DWLR0058,2025-03-22 00:00:00,3.74,2.2
DWLR0058,2025-03-25 00:00:00,3.82,3.7
DWLR0058,2025-03-28 00:00:00,3.82,0.7
DWLR0058,2025-03-31 00:00:00,3.89,1.3
DWLR0058,2025-04-03 00:00:00,3.94,3.3
DWLR0058,2025-04-06 00:00:00,4.08,1.0
DWLR0058,2025-04-09 00:00:00,4.02,2.8
DWLR0058,2025-04-12 00:00:00,4.05,1.1
DWLR0058,2025-04-15 00:00:00,4.06,0.4
DWLR0058,2025-04-18 00:00:00,4.13,3.1
DWLR0058,2025-04-21 00:00:00,4.16,1.9
DWLR0058,2025-04-24 00:00:00,4.18,3.9
DWLR0058,2025-04-27 00:00:00,4.28,3.1
DWLR0058,2025-04-30 00:00:00,4.25,4.0
DWLR0058,2025-05-03 00:00:00,4.3,0.5
DWLR0058,2025-05-06 00:00:00,4.31,3.7
DWLR0058,2025-05-09 00:00:00,4.24,0.2
DWLR0058,2025-05-12 00:00:00,4.18,0.9
DWLR0058,2025-05-15 00:00:00,4.27,4.7
DWLR0058,2025-05-18 00:00:00,4.37,3.9
DWLR0058,2025-05-21 00:00:00,4.44,3.9
DWLR0058,2025-05-24 00:00:00,4.5,2.2
DWLR0058,2025-05-27 00:00:00,4.52,0.5
DWLR0058,2025-05-30 00:00:00,4.55,2.9
DWLR0058,2025-06-02 00:00:00,4.55,39.9
DWLR0058,2025-06-05 00:00:00,4.51,4.9
DWLR0058,2025-06-08 00:00:00,4.51,30.2
DWLR0058,2025-06-11 00:00:00,4.41,22.7
DWLR0058,2025-06-14 00:00:00,4.27,3.7
DWLR0058,2025-06-17 00:00:00,4.13,39.2
DWLR0058,2025-06-20 00:00:00,3.99,19.0
DWLR0058,2025-06-23 00:00:00,3.92,33.4
DWLR0058,2025-06-26 00:00:00,3.89,38.4
DWLR0058,2025-06-29 00:00:00,3.89,31.9
DWLR0058,2025-07-02 00:00:00,3.83,39.4
DWLR0058,2025-07-05 00:00:00,3.8,16.8
DWLR0058,2025-07-08 00:00:00,3.65,29.1
DWLR0058,2025-07-11 00:00:00,3.61,5.4
DWLR0058,2025-07-14 00:00:00,3.54,24.3
DWLR0058,2025-07-17 00:00:00,3.57,18.7
DWLR0058,2025-07-20 00:00:00,3.62,6.5
DWLR0058,2025-07-23 00:00:00,3.55,5.3
DWLR0058,2025-07-26 00:00:00,3.43,11.3
DWLR0058,2025-07-29 00:00:00,3.43,30.7
DWLR0058,2025-08-01 00:00:00,3.38,20.9
DWLR0058,2025-08-04 00:00:00,3.22,28.3
DWLR0058,2025-08-07 00:00:00,3.19,34.4
DWLR0058,2025-08-10 00:00:00,3.04,16.4
DWLR0058,2025-08-13 00:00:00,2.95,22.2
DWLR0058,2025-08-16 00:00:00,2.85,27.5
DWLR0058,2025-08-19 00:00:00,2.83,6.9
DWLR0058,2025-08-22 00:00:00,2.74,8.4
DWLR0058,2025-08-25 00:00:00,2.68,35.9
DWLR0058,2025-08-28 00:00:00,2.68,20.7
DWLR0058,2025-08-31 00:00:00,2.69,21.0
DWLR0058,2025-09-03 00:00:00,2.63,31.7
DWLR0058,2025-09-06 00:00:00,2.49,37.7
DWLR0058,2025-09-09 00:00:00,2.35,29.0
DWLR0058,2025-09-12 00:00:00,2.31,26.2
DWLR0058,2025-09-15 00:00:00,2.32,16.6
DWLR0058,2025-09-18 00:00:00,2.18,12.2
DWLR0058,2025-09-21 00:00:00,2.15,2.5
DWLR0058,2025-09-24 00:00:00,2.01,40.0
DWLR0058,2025-09-27 00:00:00,1.94,6.1
DWLR0058,2025-09-30 00:00:00,1.97,24.7
DWLR0058,2025-10-03 00:00:00,1.99,3.7
DWLR0058,2025-10-06 00:00:00,2.08,3.4
DWLR0058,2025-10-09 00:00:00,2.13,4.6
DWLR0058,2025-10-12 00:00:00,2.21,4.6
DWLR0058,2025-10-15 00:00:00,2.23,3.8
DWLR0058,2025-10-18 00:00:00,2.22,2.1
DWLR0058,2025-10-21 00:00:00,2.14,1.9
DWLR0058,2025-10-24 00:00:00,2.14,0.3
DWLR0058,2025-10-27 00:00:00,2.25,1.6
DWLR0058,2025-10-30 00:00:00,2.21,1.1
DWLR0058,2025-11-02 00:00:00,2.13,3.9
DWLR0058,2025-11-05 00:00:00,2.18,4.9
DWLR0058,2025-11-08 00:00:00,2.2,0.2
DWLR0058,2025-11-11 00:00:00,2.25,4.2
DWLR0058,2025-11-14 00:00:00,2.3,0.3
DWLR0058,2025-11-17 00:00:00,2.36,0.8
DWLR0058,2025-11-20 00:00:00,2.44,3.6
DWLR0058,2025-11-23 00:00:00,2.47,0.3
DWLR0058,2025-11-26 00:00:00,2.42,1.5
DWLR0059,2024-06-01 00:00:00,5.43,37.1
DWLR0059,2024-06-04 00:00:00,5.31,29.6
DWLR0059,2024-06-07 00:00:00,5.21,3.8
DWLR0059,2024-06-10 00:00:00,5.11,8.4
DWLR0059,2024-06-13 00:00:00,5.02,1.3
DWLR0059,2024-06-16 00:00:00,5.06,22.5
DWLR0059,2024-06-19 00:00:00,5.04,32.3
DWLR0059,2024-06-22 00:00:00,4.94,2.3
DWLR0059,2024-06-25 00:00:00,4.83,31.3
DWLR0059,2024-06-28 00:00:00,4.71,3.7
DWLR0059,2024-07-01 00:00:00,4.68,22.6
DWLR0059,2024-07-04 00:00:00,4.6,3.7
DWLR0059,2024-07-07 00:00:00,4.57,25.4
DWLR0059,2024-07-10 00:00:00,4.57,37.1
DWLR0059,2024-07-13 00:00:00,4.51,33.8
DWLR0059,2024-07-16 00:00:00,4.4,5.5
DWLR0059,2024-07-19 00:00:00,4.38,33.9
DWLR0059,2024-07-22 00:00:00,4.32,15.0
DWLR0059,2024-07-25 00:00:00,4.3,24.1
DWLR0059,2024-07-28 00:00:00,4.29,2.4
DWLR0059,2024-07-31 00:00:00,4.29,16.2
DWLR0059,2024-08-03 00:00:00,4.22,14.6
DWLR0059,2024-08-06 00:00:00,4.12,38.0
DWLR0059,2024-08-09 00:00:00,4.06,22.1
DWLR0059,2024-08-12 00:00:00,4.01,2.3
DWLR0059,2024-08-15 00:00:00,3.93,6.2
DWLR0059,2024-08-18 00:00:00,3.9,21.1
DWLR0059,2024-08-21 00:00:00,3.81,8.1
DWLR0059,2024-08-24 00:00:00,3.75,2.1
DWLR0059,2024-08-27 00:00:00,3.69,35.3
DWLR0059,2024-08-30 00:00:00,3.68,39.1
DWLR0059,2024-09-02 00:00:00,3.57,36.0
DWLR0059,2024-09-05 00:00:00,3.62,20.3
DWLR0059,2024-09-08 00:00:00,3.63,10.1
DWLR0059,2024-09-11 00:00:00,3.62,31.6
DWLR0059,2024-09-14 00:00:00,3.51,28.2
DWLR0059,2024-09-17 00:00:00,3.46,17.0
DWLR0059,2024-09-20 00:00:00,3.32,5.6
DWLR0059,2024-09-23 00:00:00,3.26,2.5
DWLR0059,2024-09-26 00:00:00,3.28,3.7
DWLR0059,2024-09-29 00:00:00,3.24,4.5
DWLR0059,2024-10-02 00:00:00,3.19,0.5
DWLR0059,2024-10-05 00:00:00,3.28,3.0
DWLR0059,2024-10-08 00:00:00,3.27,3.1
DWLR0059,2024-10-11 00:00:00,3.26,2.8
DWLR0059,2024-10-14 00:00:00,3.31,1.5
DWLR0059,2024-10-17 00:00:00,3.33,2.2
DWLR0059,2024-10-20 00:00:00,3.35,5.0
DWLR0059,2024-10-23 00:00:00,3.35,4.8
DWLR0059,2024-10-26 00:00:00,3.33,3.7
DWLR0059,2024-10-29 00:00:00,3.32,2.4
DWLR0059,2024-11-01 00:00:00,3.31,2.8
DWLR0059,2024-11-04 00:00:00,3.44,2.4
DWLR0059,2024-11-07 00:00:00,3.39,4.1
DWLR0059,2024-11-10 00:00:00,3.42,1.4
DWLR0059,2024-11-13 00:00:00,3.35,3.1
DWLR0059,2024-11-16 00:00:00,3.37,3.8
DWLR0059,2024-11-19 00:00:00,3.46,2.7
DWLR0059,2024-11-22 00:00:00,3.47,2.7
DWLR0059,2024-11-25 00:00:00,3.55,1.3
DWLR0059,2024-11-28 00:00:00,3.53,4.9
DWLR0059,2024-12-01 00:00:00,3.61,0.9
DWLR0059,2024-12-04 00:00:00,3.63,1.8
DWLR0059,2024-12-07 00:00:00,3.6,2.1
DWLR0059,2024-12-10 00:00:00,3.56,4.2
DWLR0059,2024-12-13 00:00:00,3.55,2.1
DWLR0059,2024-12-16 00:00:00,3.56,1.4
DWLR0059,2024-12-19 00:00:00,3.61,1.1
DWLR0059,2024-12-22 00:00:00,3.72,2.9
DWLR0059,2024-12-25 00:00:00,3.74,4.7
DWLR0059,2024-12-28 00:00:00,3.75,3.9
DWLR0059,2024-12-31 00:00:00,3.89,0.6
DWLR0059,2025-01-03 00:00:00,3.93,1.0
DWLR0059,2025-01-06 00:00:00,4.06,2.1
DWLR0059,2025-01-09 00:00:00,4.16,0.7
DWLR0059,2025-01-12 00:00:00,4.26,3.2
DWLR0059,2025-01-15 00:00:00,4.25,4.9
DWLR0059,2025-01-18 00:00:00,4.23,5.0
DWLR0059,2025-01-21 00:00:00,4.35,3.3
DWLR0059,2025-01-24 00:00:00,4.31,1.4
DWLR0059,2025-01-27 00:00:00,4.33,1.9
DWLR0059,2025-01-30 00:00:00,4.34,1.2
DWLR0059,2025-02-02 00:00:00,4.44,3.1
DWLR0059,2025-02-05 00:00:00,4.44,1.6
DWLR0059,2025-02-08 00:00:00,4.52,1.8
DWLR0059,2025-02-11 00:00:00,4.48,2.3
DWLR0059,2025-02-14 00:00:00,4.52,4.5
DWLR0059,2025-02-17 00:00:00,4.47,3.0
DWLR0059,2025-02-20 00:00:00,4.48,3.9
DWLR0059,2025-02-23 00:00:00,4.54,0.2
DWLR0059,2025-02-26 00:00:00,4.56,3.4
DWLR0059,2025-03-01 00:00:00,4.57,1.7
DWLR0059,2025-03-04 00:00:00,4.6,1.8
DWLR0059,2025-03-07 00:00:00,4.68,0.1
DWLR0059,2025-03-10 00:00:00,4.7,2.0
DWLR0059,2025-03-13 00:00:00,4.76,0.6
DWLR0059,2025-03-16 00:00:00,4.87,4.1
DWLR0059,2025-03-19 00:00:00,4.89,1.0
DWLR0059,2025-03-22 00:00:00,4.9,2.7
DWLR0059,2025-03-25 00:00:00,4.92,2.0
DWLR0059,2025-03-28 00:00:00,4.97,3.2
DWLR0059,2025-03-31 00:00:00,4.93,2.6
DWLR0059,2025-04-03 00:00:00,5.02,3.5
DWLR0059,2025-04-06 00:00:00,4.97,1.5
DWLR0059,2025-04-09 00:00:00,5.04,4.8
DWLR0059,2025-04-12 00:00:00,5.09,3.8
DWLR0059,2025-04-15 00:00:00,5.16,4.3
DWLR0059,2025-04-18 00:00:00,5.22,2.4
DWLR0059,2025-04-21 00:00:00,5.2,1.0
DWLR0059,2025-04-24 00:00:00,5.28,4.6
DWLR0059,2025-04-27 00:00:00,5.35,0.6
DWLR0059,2025-04-30 00:00:00,5.43,4.8
DWLR0059,2025-05-03 00:00:00,5.45,2.0
DWLR0059,2025-05-06 00:00:00,5.49,1.6
DWLR0059,2025-05-09 00:00:00,5.58,4.9
DWLR0059,2025-05-12 00:00:00,5.56,3.1
DWLR0059,2025-05-15 00:00:00,5.62,3.8
DWLR0059,2025-05-18 00:00:00,5.67,2.0
DWLR0059,2025-05-21 00:00:00,5.74,1.9
DWLR0059,2025-05-24 00:00:00,5.79,0.9
DWLR0059,2025-05-27 00:00:00,5.81,4.3
DWLR0059,2025-05-30 00:00:00,5.93,0.3
DWLR0059,2025-06-02 00:00:00,5.95,4.8
DWLR0059,2025-06-05 00:00:00,5.9,8.3
DWLR0059,2025-06-08 00:00:00,5.85,1.4
DWLR0059,2025-06-11 00:00:00,5.85,29.6
DWLR0059,2025-06-14 00:00:00,5.87,7.8
DWLR0059,2025-06-17 00:00:00,5.79,7.9
DWLR0059,2025-06-20 00:00:00,5.69,34.6
DWLR0059,2025-06-23 00:00:00,5.61,16.6
DWLR0059,2025-06-26 00:00:00,5.63,30.1
DWLR0059,2025-06-29 00:00:00,5.57,24.3
DWLR0059,2025-07-02 00:00:00,5.52,19.5
DWLR0059,2025-07-05 00:00:00,5.43,31.3
DWLR0059,2025-07-08 00:00:00,5.29,24.5
DWLR0059,2025-07-11 00:00:00,5.21,39.4
DWLR0059,2025-07-14 00:00:00,5.07,2.0
DWLR0059,2025-07-17 00:00:00,5.03,2.9
DWLR0059,2025-07-20 00:00:00,5.02,23.6
DWLR0059,2025-07-23 00:00:00,4.99,30.3
DWLR0059,2025-07-26 00:00:00,4.93,37.0
DWLR0059,2025-07-29 00:00:00,4.81,26.1
DWLR0059,2025-08-01 00:00:00,4.76,35.3
DWLR0059,2025-08-04 00:00:00,4.63,3.3
DWLR0059,2025-08-07 00:00:00,4.44,1.9
DWLR0059,2025-08-10 00:00:00,4.39,1.0
DWLR0059,2025-08-13 00:00:00,4.33,5.0
DWLR0059,2025-08-16 00:00:00,4.29,0.1
DWLR0059,2025-08-19 00:00:00,4.22,9.4
DWLR0059,2025-08-22 00:00:00,4.15,15.2
DWLR0059,2025-08-25 00:00:00,4.09,34.7
DWLR0059,2025-08-28 00:00:00,4.07,32.4
DWLR0059,2025-08-31 00:00:00,3.94,36.9
DWLR0059,2025-09-03 00:00:00,3.88,0.1
DWLR0059,2025-09-06 00:00:00,1002.81,35.0
DWLR0059,2025-09-09 00:00:00,1002.74,28.1
DWLR0059,2025-09-12 00:00:00,1002.62,26.8
DWLR0059,2025-09-15 00:00:00,1002.5,22.9
DWLR0059,2025-09-18 00:00:00,1002.54,17.6
DWLR0059,2025-09-21 00:00:00,1002.49,28.9
DWLR0059,2025-09-24 00:00:00,1002.45,12.5
DWLR0059,2025-09-27 00:00:00,5.43,17.7
DWLR0059,2025-09-30 00:00:00,5.43,6.1
DWLR0059,2025-10-03 00:00:00,5.43,4.7
DWLR0059,2025-10-06 00:00:00,5.43,1.0
DWLR0059,2025-10-09 00:00:00,5.43,0.7
DWLR0059,2025-10-12 00:00:00,5.43,4.6
DWLR0059,2025-10-15 00:00:00,5.43,2.6
DWLR0059,2025-10-18 00:00:00,5.43,3.9
DWLR0059,2025-10-21 00:00:00,5.43,2.9
DWLR0059,2025-10-24 00:00:00,5.43,1.2
DWLR0059,2025-10-27 00:00:00,5.43,2.6
DWLR0059,2025-10-30 00:00:00,5.43,0.2
DWLR0059,2025-11-02 00:00:00,5.43,3.9
DWLR0059,2025-11-05 00:00:00,5.43,4.8
DWLR0059,2025-11-08 00:00:00,5.43,2.7
DWLR0059,2025-11-11 00:00:00,5.43,4.6
DWLR0059,2025-11-14 00:00:00,5.43,4.5
DWLR0059,2025-11-17 00:00:00,5.43,0.2
DWLR0059,2025-11-20 00:00:00,5.43,4.1
DWLR0059,2025-11-23 00:00:00,5.43,4.6
DWLR0059,2025-11-26 00:00:00,5.43,2.4
DWLR0060,2024-06-01 00:00:00,22.57,29.2
DWLR0060,2024-06-04 00:00:00,22.66,28.1
DWLR0060,2024-06-07 00:00:00,22.7,38.9
DWLR0060,2024-06-10 00:00:00,22.79,35.6
DWLR0060,2024-06-13 00:00:00,22.92,18.8
DWLR0060,2024-06-16 00:00:00,22.95,35.7
DWLR0060,2024-06-19 00:00:00,23.03,17.8
DWLR0060,2024-06-22 00:00:00,23.09,33.5
DWLR0060,2024-06-25 00:00:00,23.21,13.8
DWLR0060,2024-06-28 00:00:00,23.27,8.0
DWLR0060,2024-07-01 00:00:00,23.38,0.4
DWLR0060,2024-07-04 00:00:00,23.51,32.5
DWLR0060,2024-07-07 00:00:00,23.6,9.9
DWLR0060,2024-07-10 00:00:00,23.56,8.1
DWLR0060,2024-07-13 00:00:00,23.67,32.4
DWLR0060,2024-07-16 00:00:00,23.83,13.7
DWLR0060,2024-07-19 00:00:00,23.89,3.1
DWLR0060,2024-07-22 00:00:00,24.02,2.5
DWLR0060,2024-07-25 00:00:00,24.12,29.4
DWLR0060,2024-07-28 00:00:00,24.27,5.2
DWLR0060,2024-07-31 00:00:00,24.39,38.6
DWLR0060,2024-08-03 00:00:00,24.46,29.9
DWLR0060,2024-08-06 00:00:00,24.61,29.3
DWLR0060,2024-08-09 00:00:00,24.67,8.2
DWLR0060,2024-08-12 00:00:00,24.81,6.5
DWLR0060,2024-08-15 00:00:00,24.93,29.9
DWLR0060,2024-08-18 00:00:00,24.99,2.7
DWLR0060,2024-08-21 00:00:00,25.09,7.3
DWLR0060,2024-08-24 00:00:00,25.07,32.2
DWLR0060,2024-08-27 00:00:00,25.07,10.8
DWLR0060,2024-08-30 00:00:00,25.19,36.1
DWLR0060,2024-09-02 00:00:00,25.22,24.1
DWLR0060,2024-09-05 00:00:00,25.41,4.5
DWLR0060,2024-09-08 00:00:00,25.57,23.7
DWLR0060,2024-09-11 00:00:00,25.61,13.3
DWLR0060,2024-09-14 00:00:00,25.69,29.3
DWLR0060,2024-09-17 00:00:00,25.78,7.3
DWLR0060,2024-09-20 00:00:00,25.77,5.9
DWLR0060,2024-09-23 00:00:00,25.84,25.6
DWLR0060,2024-09-26 00:00:00,25.94,24.6
DWLR0060,2024-09-29 00:00:00,26.01,30.7
DWLR0060,2024-10-02 00:00:00,26.11,1.3
DWLR0060,2024-10-05 00:00:00,26.34,0.4
DWLR0060,2024-10-08 00:00:00,26.39,1.1
DWLR0060,2024-10-11 00:00:00,26.56,4.7
DWLR0060,2024-10-14 00:00:00,26.72,4.5
DWLR0060,2024-10-17 00:00:00,26.89,3.3
DWLR0060,2024-10-20 00:00:00,27.05,3.3
DWLR0060,2024-10-23 00:00:00,27.15,2.9
DWLR0060,2024-10-26 00:00:00,27.36,0.9
DWLR0060,2024-10-29 00:00:00,27.49,3.5
DWLR0060,2024-11-01 00:00:00,27.66,2.1
DWLR0060,2024-11-04 00:00:00,27.89,2.7
DWLR0060,2024-11-07 00:00:00,28.01,1.8
DWLR0060,2024-11-10 00:00:00,28.16,2.7
DWLR0060,2024-11-13 00:00:00,28.38,4.4
DWLR0060,2024-11-16 00:00:00,28.52,4.8
DWLR0060,2024-11-19 00:00:00,28.68,1.5
DWLR0060,2024-11-22 00:00:00,28.79,0.6
DWLR0060,2024-11-25 00:00:00,28.96,3.8
DWLR0060,2024-11-28 00:00:00,29.14,3.7
DWLR0060,2024-12-01 00:00:00,29.27,0.1
DWLR0060,2024-12-04 00:00:00,29.35,0.8
DWLR0060,2024-12-07 00:00:00,29.62,1.0
DWLR0060,2024-12-10 00:00:00,29.7,0.3
DWLR0060,2024-12-13 00:00:00,29.88,2.2
DWLR0060,2024-12-16 00:00:00,29.97,3.3
DWLR0060,2024-12-19 00:00:00,30.13,0.7
DWLR0060,2024-12-22 00:00:00,30.3,2.5
DWLR0060,2024-12-25 00:00:00,30.55,0.7
DWLR0060,2024-12-28 00:00:00,30.73,1.3
DWLR0060,2024-12-31 00:00:00,30.84,2.5
DWLR0060,2025-01-03 00:00:00,30.91,2.3
DWLR0060,2025-01-06 00:00:00,31.04,3.5
DWLR0060,2025-01-09 00:00:00,31.21,0.1
DWLR0060,2025-01-12 00:00:00,31.39,1.1
DWLR0060,2025-01-15 00:00:00,31.54,3.6
DWLR0060,2025-01-18 00:00:00,31.69,4.8
DWLR0060,2025-01-21 00:00:00,31.86,4.0
DWLR0060,2025-01-24 00:00:00,32.04,2.8
DWLR0060,2025-01-27 00:00:00,32.16,3.6
DWLR0060,2025-01-30 00:00:00,32.32,2.8
DWLR0060,2025-02-02 00:00:00,32.48,1.5
DWLR0060,2025-02-05 00:00:00,32.64,3.1
DWLR0060,2025-02-08 00:00:00,32.73,4.6
DWLR0060,2025-02-11 00:00:00,32.92,2.2
DWLR0060,2025-02-14 00:00:00,33.07,1.7
DWLR0060,2025-02-17 00:00:00,33.36,2.4
DWLR0060,2025-02-20 00:00:00,33.55,3.5
DWLR0060,2025-02-23 00:00:00,33.68,0.7
DWLR0060,2025-02-26 00:00:00,33.85,4.1
DWLR0060,2025-03-01 00:00:00,34.09,0.3
DWLR0060,2025-03-04 00:00:00,34.21,0.3
DWLR0060,2025-03-07 00:00:00,34.4,0.1
DWLR0060,2025-03-10 00:00:00,34.64,3.2
DWLR0060,2025-03-13 00:00:00,34.79,2.4
DWLR0060,2025-03-16 00:00:00,34.91,3.6
DWLR0060,2025-03-19 00:00:00,35.11,4.7
DWLR0060,2025-03-22 00:00:00,35.29,4.8
DWLR0060,2025-03-25 00:00:00,35.42,4.8
DWLR0060,2025-03-28 00:00:00,35.56,2.9
DWLR0060,2025-03-31 00:00:00,35.68,2.2
DWLR0060,2025-04-03 00:00:00,35.84,0.6
DWLR0060,2025-04-06 00:00:00,35.91,1.9
DWLR0060,2025-04-09 00:00:00,36.16,0.2
DWLR0060,2025-04-12 00:00:00,36.36,3.5
DWLR0060,2025-04-15 00:00:00,36.53,3.6
DWLR0060,2025-04-18 00:00:00,36.71,1.1
DWLR0060,2025-04-21 00:00:00,36.97,1.4
DWLR0060,2025-04-24 00:00:00,37.15,4.4
DWLR0060,2025-04-27 00:00:00,37.43,2.4
DWLR0060,2025-04-30 00:00:00,37.65,1.2
DWLR0060,2025-05-03 00:00:00,37.83,0.1
DWLR0060,2025-05-06 00:00:00,37.97,3.5
DWLR0060,2025-05-09 00:00:00,38.1,4.4
DWLR0060,2025-05-12 00:00:00,38.34,0.5
DWLR0060,2025-05-15 00:00:00,38.48,2.9
DWLR0060,2025-05-18 00:00:00,38.64,1.5
DWLR0060,2025-05-21 00:00:00,38.77,3.8
DWLR0060,2025-05-24 00:00:00,38.9,2.8
DWLR0060,2025-05-27 00:00:00,38.96,3.3
DWLR0060,2025-05-30 00:00:00,39.14,2.3
DWLR0060,2025-06-02 00:00:00,39.28,17.4
DWLR0060,2025-06-05 00:00:00,39.4,27.5
DWLR0060,2025-06-08 00:00:00,39.47,16.3
DWLR0060,2025-06-11 00:00:00,39.47,8.1
DWLR0060,2025-06-14 00:00:00,39.48,36.6
DWLR0060,2025-06-17 00:00:00,39.58,14.0
DWLR0060,2025-06-20 00:00:00,39.57,37.5
DWLR0060,2025-06-23 00:00:00,39.69,22.8
DWLR0060,2025-06-26 00:00:00,39.73,38.6
DWLR0060,2025-06-29 00:00:00,39.75,16.4
DWLR0060,2025-07-02 00:00:00,39.91,36.6
DWLR0060,2025-07-05 00:00:00,39.97,3.4
DWLR0060,2025-07-08 00:00:00,40.15,17.2
DWLR0060,2025-07-11 00:00:00,40.25,22.2
DWLR0060,2025-07-14 00:00:00,40.34,10.6
DWLR0060,2025-07-17 00:00:00,40.37,13.6
DWLR0060,2025-07-20 00:00:00,40.57,38.1
DWLR0060,2025-07-23 00:00:00,40.68,3.6
DWLR0060,2025-07-26 00:00:00,40.7,38.9
DWLR0060,2025-07-29 00:00:00,40.77,3.0
DWLR0060,2025-08-01 00:00:00,40.89,12.8
DWLR0060,2025-08-04 00:00:00,41.06,18.6
DWLR0060,2025-08-07 00:00:00,41.15,30.4
DWLR0060,2025-08-10 00:00:00,41.2,33.1
DWLR0060,2025-08-13 00:00:00,41.28,16.9
DWLR0060,2025-08-16 00:00:00,41.38,30.4
DWLR0060,2025-08-19 00:00:00,41.39,4.9
DWLR0060,2025-08-22 00:00:00,41.49,7.7
DWLR0060,2025-08-25 00:00:00,41.47,16.4
DWLR0060,2025-08-28 00:00:00,41.49,19.2
DWLR0060,2025-08-31 00:00:00,41.52,24.6
DWLR0060,2025-09-03 00:00:00,41.57,38.2
DWLR0060,2025-09-06 00:00:00,41.67,19.9
DWLR0060,2025-09-09 00:00:00,41.77,32.8
DWLR0060,2025-09-12 00:00:00,41.84,1.3
DWLR0060,2025-09-15 00:00:00,41.94,3.0
DWLR0060,2025-09-18 00:00:00,41.92,37.3
DWLR0060,2025-09-21 00:00:00,41.97,29.1
DWLR0060,2025-09-24 00:00:00,42.05,26.4
DWLR0060,2025-09-27 00:00:00,42.08,4.2
DWLR0060,2025-09-30 00:00:00,42.17,19.8
DWLR0060,2025-10-03 00:00:00,42.3,1.6
DWLR0060,2025-10-06 00:00:00,42.52,0.9
DWLR0060,2025-10-09 00:00:00,42.63,3.8
DWLR0060,2025-10-12 00:00:00,42.81,1.9
DWLR0060,2025-10-15 00:00:00,43.03,1.9
DWLR0060,2025-10-18 00:00:00,43.25,1.8
DWLR0060,2025-10-21 00:00:00,43.48,3.0
DWLR0060,2025-10-24 00:00:00,43.7,1.1
DWLR0060,2025-10-27 00:00:00,43.92,3.7
DWLR0060,2025-10-30 00:00:00,44.13,0.6
DWLR0060,2025-11-02 00:00:00,44.33,4.6
DWLR0060,2025-11-05 00:00:00,44.42,1.2
DWLR0060,2025-11-08 00:00:00,44.61,3.5
DWLR0060,2025-11-11 00:00:00,44.79,4.8
DWLR0060,2025-11-14 00:00:00,44.92,3.6
DWLR0060,2025-11-17 00:00:00,45.09,4.4
DWLR0060,2025-11-20 00:00:00,45.19,3.1
DWLR0060,2025-11-23 00:00:00,45.38,3.5
DWLR0060,2025-11-26 00:00:00,45.56,3.7
DWLR0061,2024-06-01 00:00:00,9.84,38.5
DWLR0061,2024-06-04 00:00:00,9.84,30.8
DWLR0061,2024-06-07 00:00:00,9.84,9.7
DWLR0061,2024-06-10 00:00:00,9.89,8.9
DWLR0061,2024-06-13 00:00:00,9.92,32.9
DWLR0061,2024-06-16 00:00:00,9.97,7.4
DWLR0061,2024-06-19 00:00:00,10.06,23.3
DWLR0061,2024-06-22 00:00:00,10.11,8.9
DWLR0061,2024-06-25 00:00:00,10.09,8.4
DWLR0061,2024-06-28 00:00:00,10.2,0.4
DWLR0061,2024-07-01 00:00:00,10.27,29.2
DWLR0061,2024-07-04 00:00:00,10.39,2.9
DWLR0061,2024-07-07 00:00:00,10.38,9.4
DWLR0061,2024-07-10 00:00:00,10.47,11.2
DWLR0061,2024-07-13 00:00:00,10.55,27.3
DWLR0061,2024-07-16 00:00:00,10.6,6.0
DWLR0061,2024-07-19 00:00:00,10.61,5.7
DWLR0061,2024-07-22 00:00:00,10.72,0.6
DWLR0061,2024-07-25 00:00:00,10.69,36.6
DWLR0061,2024-07-28 00:00:00,10.71,35.7
DWLR0061,2024-07-31 00:00:00,10.85,16.9
DWLR0061,2024-08-03 00:00:00,10.78,12.3
DWLR0061,2024-08-06 00:00:00,10.89,32.3
DWLR0061,2024-08-09 00:00:00,10.87,36.5
DWLR0061,2024-08-12 00:00:00,10.95,22.4
DWLR0061,2024-08-15 00:00:00,10.87,4.5
DWLR0061,2024-08-18 00:00:00,10.96,8.5
DWLR0061,2024-08-21 00:00:00,11.05,6.0
DWLR0061,2024-08-24 00:00:00,11.18,22.0
DWLR0061,2024-08-27 00:00:00,11.33,25.9
DWLR0061,2024-08-30 00:00:00,11.4,27.2
DWLR0061,2024-09-02 00:00:00,11.5,34.2
DWLR0061,2024-09-05 00:00:00,11.56,38.8
DWLR0061,2024-09-08 00:00:00,11.63,0.9
DWLR0061,2024-09-11 00:00:00,11.71,38.4
DWLR0061,2024-09-14 00:00:00,11.81,21.6
DWLR0061,2024-09-17 00:00:00,11.84,4.7
DWLR0061,2024-09-20 00:00:00,11.98,33.0
DWLR0061,2024-09-23 00:00:00,12.0,13.7
DWLR0061,2024-09-26 00:00:00,12.0,34.9
DWLR0061,2024-09-29 00:00:00,12.03,0.4
DWLR0061,2024-10-02 00:00:00,12.19,1.3
DWLR0061,2024-10-05 00:00:00,12.26,1.3
DWLR0061,2024-10-08 00:00:00,12.38,4.3
DWLR0061,2024-10-11 00:00:00,12.58,1.6
DWLR0061,2024-10-14 00:00:00,12.72,3.7
DWLR0061,2024-10-17 00:00:00,12.88,2.6
DWLR0061,2024-10-20 00:00:00,13.15,3.1
DWLR0061,2024-10-23 00:00:00,13.23,3.5
DWLR0061,2024-10-26 00:00:00,13.4,2.6
DWLR0061,2024-10-29 00:00:00,13.57,3.3
DWLR0061,2024-11-01 00:00:00,13.68,3.8
DWLR0061,2024-11-04 00:00:00,13.85,2.7
DWLR0061,2024-11-07 00:00:00,14.02,3.3
DWLR0061,2024-11-10 00:00:00,14.2,0.2
DWLR0061,2024-11-13 00:00:00,14.36,2.3
DWLR0061,2024-11-16 00:00:00,14.56,3.1
DWLR0061,2024-11-19 00:00:00,14.69,1.3
DWLR0061,2024-11-22 00:00:00,14.83,4.9
DWLR0061,2024-11-25 00:00:00,14.95,2.3
DWLR0061,2024-11-28 00:00:00,15.15,2.3
DWLR0061,2024-12-01 00:00:00,15.19,4.7
DWLR0061,2024-12-04 00:00:00,15.33,5.0
DWLR0061,2024-12-07 00:00:00,15.51,2.7
DWLR0061,2024-12-10 00:00:00,15.75,2.6
DWLR0061,2024-12-13 00:00:00,15.96,4.6
DWLR0061,2024-12-16 00:00:00,16.11,0.3
DWLR0061,2024-12-19 00:00:00,16.37,1.5
DWLR0061,2024-12-22 00:00:00,16.51,4.4
DWLR0061,2024-12-25 00:00:00,16.71,1.7
DWLR0061,2024-12-28 00:00:00,16.95,0.7
DWLR0061,2024-12-31 00:00:00,17.04,2.1
DWLR0061,2025-01-03 00:00:00,17.2,3.4
DWLR0061,2025-01-06 00:00:00,17.3,1.5
DWLR0061,2025-01-09 00:00:00,17.45,2.5
DWLR0061,2025-01-12 00:00:00,17.58,3.9
DWLR0061,2025-01-15 00:00:00,17.71,1.9
DWLR0061,2025-01-18 00:00:00,17.87,0.7
DWLR0061,2025-01-21 00:00:00,18.0,0.2
DWLR0061,2025-01-24 00:00:00,18.13,0.9
DWLR0061,2025-01-27 00:00:00,18.22,0.8
DWLR0061,2025-01-30 00:00:00,18.27,3.5
DWLR0061,2025-02-02 00:00:00,18.41,1.6
DWLR0061,2025-02-05 00:00:00,18.57,2.5
DWLR0061,2025-02-08 00:00:00,18.7,3.6
DWLR0061,2025-02-11 00:00:00,18.84,5.0
DWLR0061,2025-02-14 00:00:00,19.06,3.7
DWLR0061,2025-02-17 00:00:00,19.21,3.1
DWLR0061,2025-02-20 00:00:00,19.33,4.4
DWLR0061,2025-02-23 00:00:00,19.55,0.5
DWLR0061,2025-02-26 00:00:00,19.75,1.2
DWLR0061,2025-03-01 00:00:00,19.9,2.0
DWLR0061,2025-03-04 00:00:00,20.08,0.6
DWLR0061,2025-03-07 00:00:00,20.23,2.2
DWLR0061,2025-03-10 00:00:00,20.41,1.1
DWLR0061,2025-03-13 00:00:00,20.62,3.0
DWLR0061,2025-03-16 00:00:00,20.74,0.3
DWLR0061,2025-03-19 00:00:00,20.96,4.8
DWLR0061,2025-03-22 00:00:00,21.12,0.1
DWLR0061,2025-03-25 00:00:00,21.26,0.2
DWLR0061,2025-03-28 00:00:00,21.44,4.6
DWLR0061,2025-03-31 00:00:00,21.59,2.1
DWLR0061,2025-04-03 00:00:00,21.73,1.9
DWLR0061,2025-04-06 00:00:00,21.93,4.2
DWLR0061,2025-04-09 00:00:00,22.07,4.3
DWLR0061,2025-04-12 00:00:00,22.12,5.0
DWLR0061,2025-04-15 00:00:00,22.28,4.1
DWLR0061,2025-04-18 00:00:00,22.49,0.9
DWLR0061,2025-04-21 00:00:00,22.59,3.9
DWLR0061,2025-04-24 00:00:00,22.68,0.0
DWLR0061,2025-04-27 00:00:00,22.88,2.2
DWLR0061,2025-04-30 00:00:00,23.03,2.3
DWLR0061,2025-05-03 00:00:00,23.18,0.9
DWLR0061,2025-05-06 00:00:00,23.38,0.7
DWLR0061,2025-05-09 00:00:00,23.61,4.8
DWLR0061,2025-05-12 00:00:00,23.8,0.3
DWLR0061,2025-05-15 00:00:00,23.93,3.1
DWLR0061,2025-05-18 00:00:00,24.1,2.8
DWLR0061,2025-05-21 00:00:00,24.18,4.3
DWLR0061,2025-05-24 00:00:00,24.29,3.5
DWLR0061,2025-05-27 00:00:00,24.48,3.6
DWLR0061,2025-05-30 00:00:00,24.71,4.4
DWLR0061,2025-06-02 00:00:00,24.82,6.7
DWLR0061,2025-06-05 00:00:00,24.85,25.2
DWLR0061,2025-06-08 00:00:00,24.98,39.1
DWLR0061,2025-06-11 00:00:00,25.08,25.5
DWLR0061,2025-06-14 00:00:00,25.1,16.9
DWLR0061,2025-06-17 00:00:00,25.13,13.8
DWLR0061,2025-06-20 00:00:00,25.16,34.5
DWLR0061,2025-06-23 00:00:00,25.24,17.9
DWLR0061,2025-06-26 00:00:00,25.29,34.9
DWLR0061,2025-06-29 00:00:00,25.41,27.2
DWLR0061,2025-07-02 00:00:00,25.51,0.3
DWLR0061,2025-07-05 00:00:00,25.56,28.1
DWLR0061,2025-07-08 00:00:00,25.65,24.5
DWLR0061,2025-07-11 00:00:00,25.71,13.0
DWLR0061,2025-07-14 00:00:00,25.77,16.4
DWLR0061,2025-07-17 00:00:00,25.78,13.5
DWLR0061,2025-07-20 00:00:00,25.82,11.5
DWLR0061,2025-07-23 00:00:00,25.81,4.0
DWLR0061,2025-07-26 00:00:00,25.91,27.4
DWLR0061,2025-07-29 00:00:00,25.89,37.1
DWLR0061,2025-08-01 00:00:00,25.97,4.3
DWLR0061,2025-08-04 00:00:00,26.01,9.7
DWLR0061,2025-08-07 00:00:00,26.09,33.9
DWLR0061,2025-08-10 00:00:00,26.1,28.6
DWLR0061,2025-08-13 00:00:00,26.18,32.9
DWLR0061,2025-08-16 00:00:00,26.17,10.9
DWLR0061,2025-08-19 00:00:00,26.27,14.3
DWLR0061,2025-08-22 00:00:00,26.28,11.9
DWLR0061,2025-08-25 00:00:00,26.33,21.1
DWLR0061,2025-08-28 00:00:00,26.32,2.4
DWLR0061,2025-08-31 00:00:00,26.32,16.1
DWLR0061,2025-09-03 00:00:00,26.35,31.0
DWLR0061,2025-09-06 00:00:00,26.41,20.3
DWLR0061,2025-09-09 00:00:00,26.44,23.1
DWLR0061,2025-09-12 00:00:00,26.44,31.4
DWLR0061,2025-09-15 00:00:00,26.62,17.0
DWLR0061,2025-09-18 00:00:00,26.72,3.8
DWLR0061,2025-09-21 00:00:00,26.76,18.3
DWLR0061,2025-09-24 00:00:00,26.87,31.6
DWLR0061,2025-09-27 00:00:00,26.85,31.5
DWLR0061,2025-09-30 00:00:00,26.82,34.0
DWLR0061,2025-10-03 00:00:00,26.9,3.7
DWLR0061,2025-10-06 00:00:00,27.08,1.3
DWLR0061,2025-10-09 00:00:00,27.24,2.1
DWLR0061,2025-10-12 00:00:00,27.38,3.0
DWLR0061,2025-10-15 00:00:00,27.53,1.5
DWLR0061,2025-10-18 00:00:00,27.73,2.7
DWLR0061,2025-10-21 00:00:00,27.89,2.2
DWLR0061,2025-10-24 00:00:00,28.02,4.6
DWLR0061,2025-10-27 00:00:00,28.22,1.2
DWLR0061,2025-10-30 00:00:00,28.41,2.8
DWLR0061,2025-11-02 00:00:00,28.61,4.5
DWLR0061,2025-11-05 00:00:00,28.75,0.4
DWLR0061,2025-11-08 00:00:00,28.88,2.4
DWLR0061,2025-11-11 00:00:00,28.98,1.2
DWLR0061,2025-11-14 00:00:00,29.07,2.0
DWLR0061,2025-11-17 00:00:00,29.17,0.4
DWLR0061,2025-11-20 00:00:00,29.39,2.6
DWLR0061,2025-11-23 00:00:00,29.51,0.9
DWLR0061,2025-11-26 00:00:00,29.66,1.3
DWLR0062,2024-06-01 00:00:00,11.28,19.0
DWLR0062,2024-06-04 00:00:00,11.3,18.6
DWLR0062,2024-06-07 00:00:00,11.36,38.8
DWLR0062,2024-06-10 00:00:00,11.38,13.1
DWLR0062,2024-06-13 00:00:00,11.35,9.6
DWLR0062,2024-06-16 00:00:00,11.42,32.5
DWLR0062,2024-06-19 00:00:00,11.5,31.7
DWLR0062,2024-06-22 00:00:00,11.63,26.4
DWLR0062,2024-06-25 00:00:00,11.65,8.0
DWLR0062,2024-06-28 00:00:00,11.74,35.0
DWLR0062,2024-07-01 00:00:00,11.83,1.0
DWLR0062,2024-07-04 00:00:00,11.95,14.2
DWLR0062,2024-07-07 00:00:00,11.9,4.1
DWLR0062,2024-07-10 00:00:00,12.03,16.6
DWLR0062,2024-07-13 00:00:00,12.13,26.3
DWLR0062,2024-07-16 00:00:00,12.2,10.9
DWLR0062,2024-07-19 00:00:00,12.25,39.0
DWLR0062,2024-07-22 00:00:00,12.32,34.2
DWLR0062,2024-07-25 00:00:00,12.34,35.7
DWLR0062,2024-07-28 00:00:00,12.4,15.3
DWLR0062,2024-07-31 00:00:00,12.49,3.7
DWLR0062,2024-08-03 00:00:00,12.56,13.2
DWLR0062,2024-08-06 00:00:00,12.65,3.2
DWLR0062,2024-08-09 00:00:00,12.68,13.1
DWLR0062,2024-08-12 00:00:00,12.78,21.2
DWLR0062,2024-08-15 00:00:00,12.81,30.6
DWLR0062,2024-08-18 00:00:00,12.84,25.9
DWLR0062,2024-08-21 00:00:00,12.92,36.9
DWLR0062,2024-08-24 00:00:00,12.96,36.5
DWLR0062,2024-08-27 00:00:00,12.94,39.3
DWLR0062,2024-08-30 00:00:00,12.99,27.9
DWLR0062,2024-09-02 00:00:00,13.06,24.2
DWLR0062,2024-09-05 00:00:00,13.16,25.6
DWLR0062,2024-09-08 00:00:00,13.29,19.2
DWLR0062,2024-09-11 00:00:00,13.38,29.2
DWLR0062,2024-09-14 00:00:00,13.37,2.8
DWLR0062,2024-09-17 00:00:00,13.42,15.9
DWLR0062,2024-09-20 00:00:00,13.38,0.9
DWLR0062,2024-09-23 00:00:00,13.45,31.5
DWLR0062,2024-09-26 00:00:00,13.51,30.2
DWLR0062,2024-09-29 00:00:00,13.59,9.4
DWLR0062,2024-10-02 00:00:00,13.75,3.3
DWLR0062,2024-10-05 00:00:00,13.92,0.9
DWLR0062,2024-10-08 00:00:00,14.03,3.2
DWLR0062,2024-10-11 00:00:00,14.13,3.6
DWLR0062,2024-10-14 00:00:00,14.22,3.0
DWLR0062,2024-10-17 00:00:00,14.35,1.8
DWLR0062,2024-10-20 00:00:00,14.49,4.5
DWLR0062,2024-10-23 00:00:00,14.68,2.2
DWLR0062,2024-10-26 00:00:00,14.73,2.8
DWLR0062,2024-10-29 00:00:00,14.84,1.1
DWLR0062,2024-11-01 00:00:00,15.01,3.2
DWLR0062,2024-11-04 00:00:00,15.11,3.8
DWLR0062,2024-11-07 00:00:00,15.27,0.9
DWLR0062,2024-11-10 00:00:00,15.4,0.9
DWLR0062,2024-11-13 00:00:00,15.43,3.5
DWLR0062,2024-11-16 00:00:00,15.5,1.5
DWLR0062,2024-11-19 00:00:00,15.64,0.7
DWLR0062,2024-11-22 00:00:00,15.78,1.9
DWLR0062,2024-11-25 00:00:00,15.88,3.0
DWLR0062,2024-11-28 00:00:00,16.05,4.7
DWLR0062,2024-12-01 00:00:00,16.09,2.0
DWLR0062,2024-12-04 00:00:00,16.23,0.5
DWLR0062,2024-12-07 00:00:00,16.45,1.8
DWLR0062,2024-12-10 00:00:00,16.7,1.3
DWLR0062,2024-12-13 00:00:00,16.92,3.1
DWLR0062,2024-12-16 00:00:00,17.07,0.0
DWLR0062,2024-12-19 00:00:00,17.14,4.1
DWLR0062,2024-12-22 00:00:00,17.36,3.5
DWLR0062,2024-12-25 00:00:00,17.55,2.4
DWLR0062,2024-12-28 00:00:00,17.6,1.2
DWLR0062,2024-12-31 00:00:00,17.75,2.6
DWLR0062,2025-01-03 00:00:00,17.85,3.7
DWLR0062,2025-01-06 00:00:00,17.97,1.1
DWLR0062,2025-01-09 00:00:00,18.11,1.4
DWLR0062,2025-01-12 00:00:00,18.27,1.8
DWLR0062,2025-01-15 00:00:00,18.42,1.7
DWLR0062,2025-01-18 00:00:00,18.52,2.3
DWLR0062,2025-01-21 00:00:00,18.64,4.6
DWLR0062,2025-01-24 00:00:00,18.81,2.1
DWLR0062,2025-01-27 00:00:00,18.94,3.5
DWLR0062,2025-01-30 00:00:00,18.97,3.2
DWLR0062,2025-02-02 00:00:00,19.05,0.3
DWLR0062,2025-02-05 00:00:00,19.11,1.0
DWLR0062,2025-02-08 00:00:00,19.33,4.5
DWLR0062,2025-02-11 00:00:00,19.57,1.4
DWLR0062,2025-02-14 00:00:00,19.7,1.3
DWLR0062,2025-02-17 00:00:00,19.88,2.1
DWLR0062,2025-02-20 00:00:00,20.08,3.9
DWLR0062,2025-02-23 00:00:00,20.24,3.4
DWLR0062,2025-02-26 00:00:00,20.42,3.3
DWLR0062,2025-03-01 00:00:00,20.56,1.5
DWLR0062,2025-03-04 00:00:00,20.75,2.6
DWLR0062,2025-03-07 00:00:00,20.96,3.9
DWLR0062,2025-03-10 00:00:00,21.11,2.7
DWLR0062,2025-03-13 00:00:00,21.22,2.3
DWLR0062,2025-03-16 00:00:00,21.42,0.8
DWLR0062,2025-03-19 00:00:00,21.57,3.7
DWLR0062,2025-03-22 00:00:00,21.64,4.9
DWLR0062,2025-03-25 00:00:00,21.84,2.4
DWLR0062,2025-03-28 00:00:00,22.02,3.7
DWLR0062,2025-03-31 00:00:00,22.17,4.6
DWLR0062,2025-04-03 00:00:00,22.3,0.4
DWLR0062,2025-04-06 00:00:00,22.45,4.8
DWLR0062,2025-04-09 00:00:00,22.59,2.7
DWLR0062,2025-04-12 00:00:00,22.74,3.0
DWLR0062,2025-04-15 00:00:00,22.83,3.5
DWLR0062,2025-04-18 00:00:00,22.98,3.8
DWLR0062,2025-04-21 00:00:00,23.13,1.8
DWLR0062,2025-04-24 00:00:00,23.22,2.4
DWLR0062,2025-04-27 00:00:00,23.37,1.2
DWLR0062,2025-04-30 00:00:00,23.57,4.4
DWLR0062,2025-05-03 00:00:00,23.72,2.3
DWLR0062,2025-05-06 00:00:00,23.83,3.4
DWLR0062,2025-05-09 00:00:00,23.95,0.1
DWLR0062,2025-05-12 00:00:00,24.0,0.2
DWLR0062,2025-05-15 00:00:00,24.07,4.5
DWLR0062,2025-05-18 00:00:00,24.2,3.0
DWLR0062,2025-05-21 00:00:00,24.36,3.6
DWLR0062,2025-05-24 00:00:00,24.46,1.2
DWLR0062,2025-05-27 00:00:00,24.6,1.7
DWLR0062,2025-05-30 00:00:00,24.7,2.1
DWLR0062,2025-06-02 00:00:00,24.83,26.4
DWLR0062,2025-06-05 00:00:00,24.8,39.9
DWLR0062,2025-06-08 00:00:00,24.95,36.6
DWLR0062,2025-06-11 00:00:00,24.95,38.0
DWLR0062,2025-06-14 00:00:00,24.99,31.6
DWLR0062,2025-06-17 00:00:00,25.03,32.1
DWLR0062,2025-06-20 00:00:00,25.06,28.5
DWLR0062,2025-06-23 00:00:00,25.04,4.6
DWLR0062,2025-06-26 00:00:00,25.07,17.6
DWLR0062,2025-06-29 00:00:00,25.21,28.1
DWLR0062,2025-07-02 00:00:00,25.26,0.5
DWLR0062,2025-07-05 00:00:00,25.23,16.6
DWLR0062,2025-07-08 00:00:00,25.26,13.5
DWLR0062,2025-07-11 00:00:00,25.33,21.1
DWLR0062,2025-07-14 00:00:00,25.37,26.4
DWLR0062,2025-07-17 00:00:00,25.42,39.6
DWLR0062,2025-07-20 00:00:00,25.47,11.3
DWLR0062,2025-07-23 00:00:00,25.49,4.3
DWLR0062,2025-07-26 00:00:00,25.5,31.3
DWLR0062,2025-07-29 00:00:00,25.49,34.5
DWLR0062,2025-08-01 00:00:00,25.61,22.3
DWLR0062,2025-08-04 00:00:00,25.62,11.2
DWLR0062,2025-08-07 00:00:00,25.64,0.9
DWLR0062,2025-08-10 00:00:00,25.74,7.7
DWLR0062,2025-08-13 00:00:00,25.79,15.6
DWLR0062,2025-08-16 00:00:00,25.79,8.8
DWLR0062,2025-08-19 00:00:00,25.88,8.4
DWLR0062,2025-08-22 00:00:00,25.9,27.2
DWLR0062,2025-08-25 00:00:00,25.98,12.7
DWLR0062,2025-08-28 00:00:00,26.08,6.1
DWLR0062,2025-08-31 00:00:00,26.16,16.2
DWLR0062,2025-09-03 00:00:00,26.25,4.9
DWLR0062,2025-09-06 00:00:00,26.28,19.9
DWLR0062,2025-09-09 00:00:00,26.31,17.1
DWLR0062,2025-09-12 00:00:00,26.4,23.4
DWLR0062,2025-09-15 00:00:00,26.43,30.0
DWLR0062,2025-09-18 00:00:00,26.44,21.0
DWLR0062,2025-09-21 00:00:00,26.57,21.6
DWLR0062,2025-09-24 00:00:00,26.49,30.1
DWLR0062,2025-09-27 00:00:00,26.58,26.1
DWLR0062,2025-09-30 00:00:00,26.6,36.7
DWLR0062,2025-10-03 00:00:00,26.78,4.3
DWLR0062,2025-10-06 00:00:00,26.91,3.9
DWLR0062,2025-10-09 00:00:00,27.09,1.8
DWLR0062,2025-10-12 00:00:00,27.29,2.0
DWLR0062,2025-10-15 00:00:00,27.51,0.9
DWLR0062,2025-10-18 00:00:00,27.65,0.0
DWLR0062,2025-10-21 00:00:00,27.85,2.9
DWLR0062,2025-10-24 00:00:00,27.94,4.1
DWLR0062,2025-10-27 00:00:00,28.03,3.2
DWLR0062,2025-10-30 00:00:00,28.12,3.8
DWLR0062,2025-11-02 00:00:00,28.29,4.4
DWLR0062,2025-11-05 00:00:00,28.37,4.0
DWLR0062,2025-11-08 00:00:00,28.41,0.2
DWLR0062,2025-11-11 00:00:00,28.53,3.2
DWLR0062,2025-11-14 00:00:00,28.58,1.4
DWLR0062,2025-11-17 00:00:00,28.64,2.6
DWLR0062,2025-11-20 00:00:00,28.76,1.1
DWLR0062,2025-11-23 00:00:00,28.93,0.2
DWLR0062,2025-11-26 00:00:00,29.19,3.1
DWLR0063,2024-06-01 00:00:00,20.25,22.9
DWLR0063,2024-06-04 00:00:00,20.13,39.1
DWLR0063,2024-06-07 00:00:00,20.11,32.9
DWLR0063,2024-06-10 00:00:00,20.1,1.9
DWLR0063,2024-06-13 00:00:00,20.0,11.3
DWLR0063,2024-06-16 00:00:00,19.92,21.4
DWLR0063,2024-06-19 00:00:00,19.89,2.0
DWLR0063,2024-06-22 00:00:00,19.8,18.3
DWLR0063,2024-06-25 00:00:00,19.65,7.2
DWLR0063,2024-06-28 00:00:00,19.58,25.2
DWLR0063,2024-07-01 00:00:00,19.52,10.1
DWLR0063,2024-07-04 00:00:00,19.48,39.4
DWLR0063,2024-07-07 00:00:00,19.44,1.3
DWLR0063,2024-07-10 00:00:00,19.41,20.2
DWLR0063,2024-07-13 00:00:00,19.41,2.8
DWLR0063,2024-07-16 00:00:00,19.36,30.6
DWLR0063,2024-07-19 00:00:00,19.28,15.7
DWLR0063,2024-07-22 00:00:00,19.25,32.4
DWLR0063,2024-07-25 00:00:00,19.17,33.9
DWLR0063,2024-07-28 00:00:00,19.04,5.6
DWLR0063,2024-07-31 00:00:00,18.98,24.5
DWLR0063,2024-08-03 00:00:00,18.98,37.1
DWLR0063,2024-08-06 00:00:00,18.88,12.3
DWLR0063,2024-08-09 00:00:00,18.8,17.3
DWLR0063,2024-08-12 00:00:00,18.76,23.1
DWLR0063,2024-08-15 00:00:00,18.77,6.4
DWLR0063,2024-08-18 00:00:00,18.82,20.6
DWLR0063,2024-08-21 00:00:00,18.69,11.6
DWLR0063,2024-08-24 00:00:00,18.56,19.5
DWLR0063,2024-08-27 00:00:00,18.49,12.9
DWLR0063,2024-08-30 00:00:00,18.47,18.2
DWLR0063,2024-09-02 00:00:00,18.41,22.5
DWLR0063,2024-09-05 00:00:00,18.39,1.0
DWLR0063,2024-09-08 00:00:00,18.31,24.5
DWLR0063,2024-09-11 00:00:00,18.23,33.6
DWLR0063,2024-09-14 00:00:00,18.21,38.0
DWLR0063,2024-09-17 00:00:00,18.11,12.8
DWLR0063,2024-09-20 00:00:00,18.07,8.3
DWLR0063,2024-09-23 00:00:00,18.04,6.0
DWLR0063,2024-09-26 00:00:00,17.97,22.0
DWLR0063,2024-09-29 00:00:00,17.87,1.7
DWLR0063,2024-10-02 00:00:00,17.86,3.8
DWLR0063,2024-10-05 00:00:00,17.91,3.3
DWLR0063,2024-10-08 00:00:00,17.93,1.1
DWLR0063,2024-10-11 00:00:00,17.94,1.3
DWLR0063,2024-10-14 00:00:00,18.07,3.8
DWLR0063,2024-10-17 00:00:00,18.13,0.1
DWLR0063,2024-10-20 00:00:00,18.13,2.5
DWLR0063,2024-10-23 00:00:00,18.17,2.6
DWLR0063,2024-10-26 00:00:00,18.32,4.3
DWLR0063,2024-10-29 00:00:00,18.33,2.8
DWLR0063,2024-11-01 00:00:00,18.39,4.6
DWLR0063,2024-11-04 00:00:00,18.46,0.9
DWLR0063,2024-11-07 00:00:00,18.5,1.3
DWLR0063,2024-11-10 00:00:00,18.5,4.9
DWLR0063,2024-11-13 00:00:00,18.59,4.0
DWLR0063,2024-11-16 00:00:00,18.63,4.8
DWLR0063,2024-11-19 00:00:00,18.71,0.1
DWLR0063,2024-11-22 00:00:00,18.71,5.0
DWLR0063,2024-11-25 00:00:00,18.71,0.9
DWLR0063,2024-11-28 00:00:00,18.73,3.2
DWLR0063,2024-12-01 00:00:00,18.73,1.1
DWLR0063,2024-12-04 00:00:00,18.73,2.2
DWLR0063,2024-12-07 00:00:00,18.77,3.3
DWLR0063,2024-12-10 00:00:00,18.78,3.7
DWLR0063,2024-12-13 00:00:00,18.81,2.3
DWLR0063,2024-12-16 00:00:00,18.82,4.8
DWLR0063,2024-12-19 00:00:00,18.88,2.0
DWLR0063,2024-12-22 00:00:00,18.98,0.9
DWLR0063,2024-12-25 00:00:00,19.1,1.4
DWLR0063,2024-12-28 00:00:00,19.08,2.5
DWLR0063,2024-12-31 00:00:00,19.14,5.0
DWLR0063,2025-01-03 00:00:00,19.15,0.3
DWLR0063,2025-01-06 00:00:00,19.25,5.0
DWLR0063,2025-01-09 00:00:00,19.24,4.2
DWLR0063,2025-01-12 00:00:00,19.23,2.6
DWLR0063,2025-01-15 00:00:00,19.31,3.6
DWLR0063,2025-01-18 00:00:00,19.3,1.7
DWLR0063,2025-01-21 00:00:00,19.33,2.4
DWLR0063,2025-01-24 00:00:00,19.43,2.7
DWLR0063,2025-01-27 00:00:00,19.51,3.9
DWLR0063,2025-01-30 00:00:00,19.6,1.6
DWLR0063,2025-02-02 00:00:00,19.66,3.5
DWLR0063,2025-02-05 00:00:00,19.75,1.3
DWLR0063,2025-02-08 00:00:00,19.85,1.8
DWLR0063,2025-02-11 00:00:00,19.85,1.2
DWLR0063,2025-02-14 00:00:00,19.85,0.9
DWLR0063,2025-02-17 00:00:00,19.91,4.8
DWLR0063,2025-02-20 00:00:00,19.87,4.1
DWLR0063,2025-02-23 00:00:00,19.9,4.8
DWLR0063,2025-02-26 00:00:00,19.93,0.4
DWLR0063,2025-03-01 00:00:00,19.98,1.2
DWLR0063,2025-03-04 00:00:00,20.09,0.9
DWLR0063,2025-03-07 00:00:00,20.05,2.2
DWLR0063,2025-03-10 00:00:00,20.06,1.5
DWLR0063,2025-03-13 00:00:00,20.15,4.2
DWLR0063,2025-03-16 00:00:00,20.18,3.8
DWLR0063,2025-03-19 00:00:00,20.16,3.3
DWLR0063,2025-03-22 00:00:00,20.15,3.5
DWLR0063,2025-03-25 00:00:00,20.24,0.7
DWLR0063,2025-03-28 00:00:00,20.33,1.1
DWLR0063,2025-03-31 00:00:00,20.31,0.5
DWLR0063,2025-04-03 00:00:00,20.26,3.3
DWLR0063,2025-04-06 00:00:00,20.34,0.6
DWLR0063,2025-04-09 00:00:00,20.33,4.2
DWLR0063,2025-04-12 00:00:00,20.4,2.1
DWLR0063,2025-04-15 00:00:00,20.44,2.4
DWLR0063,2025-04-18 00:00:00,20.51,1.3
DWLR0063,2025-04-21 00:00:00,20.61,4.4
DWLR0063,2025-04-24 00:00:00,20.7,3.2
DWLR0063,2025-04-27 00:00:00,20.68,3.1
DWLR0063,2025-04-30 00:00:00,20.74,4.9
DWLR0063,2025-05-03 00:00:00,20.74,4.5
DWLR0063,2025-05-06 00:00:00,20.78,1.8
DWLR0063,2025-05-09 00:00:00,20.86,4.5
DWLR0063,2025-05-12 00:00:00,20.91,2.6
DWLR0063,2025-05-15 00:00:00,20.92,3.4
DWLR0063,2025-05-18 00:00:00,20.9,1.8
DWLR0063,2025-05-21 00:00:00,20.99,4.6
DWLR0063,2025-05-24 00:00:00,20.99,2.7
DWLR0063,2025-05-27 00:00:00,21.06,4.0
DWLR0063,2025-05-30 00:00:00,21.13,4.4
DWLR0063,2025-06-02 00:00:00,21.05,10.9
DWLR0063,2025-06-05 00:00:00,21.0,31.3
DWLR0063,2025-06-08 00:00:00,20.95,18.9
DWLR0063,2025-06-11 00:00:00,20.89,16.8
DWLR0063,2025-06-14 00:00:00,20.81,13.8
DWLR0063,2025-06-17 00:00:00,20.8,31.2
DWLR0063,2025-06-20 00:00:00,20.66,9.6
DWLR0063,2025-06-23 00:00:00,20.64,22.3
DWLR0063,2025-06-26 00:00:00,20.59,38.8
DWLR0063,2025-06-29 00:00:00,20.51,17.4
DWLR0063,2025-07-02 00:00:00,20.47,18.9
DWLR0063,2025-07-05 00:00:00,20.41,31.7
DWLR0063,2025-07-08 00:00:00,20.34,8.4
DWLR0063,2025-07-11 00:00:00,20.25,31.3
DWLR0063,2025-07-14 00:00:00,20.23,10.8
DWLR0063,2025-07-17 00:00:00,20.17,24.6
DWLR0063,2025-07-20 00:00:00,20.18,29.8
DWLR0063,2025-07-23 00:00:00,20.01,15.1
DWLR0063,2025-07-26 00:00:00,19.94,17.3
DWLR0063,2025-07-29 00:00:00,19.84,35.4
DWLR0063,2025-08-01 00:00:00,19.69,38.9
DWLR0063,2025-08-04 00:00:00,19.57,26.2
DWLR0063,2025-08-07 00:00:00,19.5,37.7
DWLR0063,2025-08-10 00:00:00,19.46,12.4
DWLR0063,2025-08-13 00:00:00,19.43,38.7
DWLR0063,2025-08-16 00:00:00,19.4,1.8
DWLR0063,2025-08-19 00:00:00,19.35,13.2
DWLR0063,2025-08-22 00:00:00,19.24,15.2
DWLR0063,2025-08-25 00:00:00,19.2,13.6
DWLR0063,2025-08-28 00:00:00,19.13,17.2
DWLR0063,2025-08-31 00:00:00,19.12,7.2
DWLR0063,2025-09-03 00:00:00,19.01,12.8
DWLR0063,2025-09-06 00:00:00,18.93,2.3
DWLR0063,2025-09-09 00:00:00,18.93,11.2
DWLR0063,2025-09-12 00:00:00,18.8,34.4
DWLR0063,2025-09-15 00:00:00,18.72,33.5
DWLR0063,2025-09-18 00:00:00,18.68,10.1
DWLR0063,2025-09-21 00:00:00,18.61,5.0
DWLR0063,2025-09-24 00:00:00,18.58,2.8
DWLR0063,2025-09-27 00:00:00,18.52,16.8
DWLR0063,2025-09-30 00:00:00,18.44,37.7
DWLR0063,2025-10-03 00:00:00,18.47,1.2
DWLR0063,2025-10-06 00:00:00,18.58,4.0
DWLR0063,2025-10-09 00:00:00,18.58,3.0
DWLR0063,2025-10-12 00:00:00,18.57,2.4
DWLR0063,2025-10-15 00:00:00,18.58,2.6
DWLR0063,2025-10-18 00:00:00,18.64,4.0
DWLR0063,2025-10-21 00:00:00,18.68,2.2
DWLR0063,2025-10-24 00:00:00,18.66,0.0
DWLR0063,2025-10-27 00:00:00,18.65,3.0
DWLR0063,2025-10-30 00:00:00,18.72,2.7
DWLR0063,2025-11-02 00:00:00,18.85,2.0
DWLR0063,2025-11-05 00:00:00,18.94,2.3
DWLR0063,2025-11-08 00:00:00,18.98,3.0
DWLR0063,2025-11-11 00:00:00,18.96,1.3
DWLR0063,2025-11-14 00:00:00,18.93,4.4
DWLR0063,2025-11-17 00:00:00,18.96,3.2
DWLR0063,2025-11-20 00:00:00,18.9,1.5
DWLR0063,2025-11-23 00:00:00,18.9,2.3
DWLR0063,2025-11-26 00:00:00,19.01,4.3
DWLR0064,2024-06-01 00:00:00,24.49,14.0
DWLR0064,2024-06-04 00:00:00,24.36,20.3
DWLR0064,2024-06-07 00:00:00,24.3,23.9
DWLR0064,2024-06-10 00:00:00,24.22,18.7
DWLR0064,2024-06-13 00:00:00,24.05,28.6
DWLR0064,2024-06-16 00:00:00,23.97,2.0
DWLR0064,2024-06-19 00:00:00,23.88,33.4
DWLR0064,2024-06-22 00:00:00,23.87,19.2
DWLR0064,2024-06-25 00:00:00,23.79,9.2
DWLR0064,2024-06-28 00:00:00,23.69,33.9
DWLR0064,2024-07-01 00:00:00,23.66,20.2
DWLR0064,2024-07-04 00:00:00,23.67,24.7
DWLR0064,2024-07-07 00:00:00,23.64,12.0
DWLR0064,2024-07-10 00:00:00,23.57,5.2
DWLR0064,2024-07-13 00:00:00,23.48,3.8
DWLR0064,2024-07-16 00:00:00,23.41,21.4
DWLR0064,2024-07-19 00:00:00,23.36,20.9
DWLR0064,2024-07-22 00:00:00,23.27,12.9
DWLR0064,2024-07-25 00:00:00,23.24,32.2
DWLR0064,2024-07-28 00:00:00,23.16,36.7
DWLR0064,2024-07-31 00:00:00,23.15,0.3
DWLR0064,2024-08-03 00:00:00,23.12,1.0
DWLR0064,2024-08-06 00:00:00,23.08,4.4
DWLR0064,2024-08-09 00:00:00,23.1,20.2
DWLR0064,2024-08-12 00:00:00,23.02,32.4
DWLR0064,2024-08-15 00:00:00,22.93,21.1
DWLR0064,2024-08-18 00:00:00,22.94,39.1
DWLR0064,2024-08-21 00:00:00,22.82,29.7
DWLR0064,2024-08-24 00:00:00,22.8,8.9
DWLR0064,2024-08-27 00:00:00,22.7,9.3
DWLR0064,2024-08-30 00:00:00,22.57,28.2
DWLR0064,2024-09-02 00:00:00,22.62,30.9
DWLR0064,2024-09-05 00:00:00,22.58,29.8
DWLR0064,2024-09-08 00:00:00,22.57,36.3
DWLR0064,2024-09-11 00:00:00,22.49,27.0
DWLR0064,2024-09-14 00:00:00,22.38,35.4
DWLR0064,2024-09-17 00:00:00,22.26,28.4
DWLR0064,2024-09-20 00:00:00,22.26,18.1
DWLR0064,2024-09-23 00:00:00,22.18,12.5
DWLR0064,2024-09-26 00:00:00,22.11,29.4
DWLR0064,2024-09-29 00:00:00,21.96,29.5
DWLR0064,2024-10-02 00:00:00,22.03,1.2
DWLR0064,2024-10-05 00:00:00,22.05,1.9
DWLR0064,2024-10-08 00:00:00,22.14,4.3
DWLR0064,2024-10-11 00:00:00,22.11,3.9
DWLR0064,2024-10-14 00:00:00,22.14,2.0
DWLR0064,2024-10-17 00:00:00,22.06,1.2
DWLR0064,2024-10-20 00:00:00,22.07,2.9
DWLR0064,2024-10-23 00:00:00,22.06,5.0
DWLR0064,2024-10-26 00:00:00,22.06,2.6
DWLR0064,2024-10-29 00:00:00,22.15,1.3
DWLR0064,2024-11-01 00:00:00,22.16,5.0
DWLR0064,2024-11-04 00:00:00,22.24,2.2
DWLR0064,2024-11-07 00:00:00,22.27,0.8
DWLR0064,2024-11-10 00:00:00,22.34,4.0
DWLR0064,2024-11-13 00:00:00,22.43,2.9
DWLR0064,2024-11-16 00:00:00,22.57,0.9
DWLR0064,2024-11-19 00:00:00,22.62,1.6
DWLR0064,2024-11-22 00:00:00,22.62,1.4
DWLR0064,2024-11-25 00:00:00,22.55,3.7
DWLR0064,2024-11-28 00:00:00,22.49,1.2
DWLR0064,2024-12-01 00:00:00,22.52,0.7
DWLR0064,2024-12-04 00:00:00,22.46,3.2
DWLR0064,2024-12-07 00:00:00,22.48,2.4
DWLR0064,2024-12-10 00:00:00,22.58,1.9
DWLR0064,2024-12-13 00:00:00,22.57,1.1
DWLR0064,2024-12-16 00:00:00,22.57,0.5
DWLR0064,2024-12-19 00:00:00,22.63,2.6
DWLR0064,2024-12-22 00:00:00,1021.77,0.4
DWLR0064,2024-12-25 00:00:00,1021.79,4.1
DWLR0064,2024-12-28 00:00:00,1021.82,3.5
DWLR0064,2024-12-31 00:00:00,1021.82,3.6
DWLR0064,2025-01-03 00:00:00,1021.85,0.4
DWLR0064,2025-01-06 00:00:00,1021.83,0.8
DWLR0064,2025-01-09 00:00:00,1021.74,1.3
DWLR0064,2025-01-12 00:00:00,24.56,4.3
DWLR0064,2025-01-15 00:00:00,24.56,3.8
DWLR0064,2025-01-18 00:00:00,24.56,4.8
DWLR0064,2025-01-21 00:00:00,24.56,4.7
DWLR0064,2025-01-24 00:00:00,24.56,0.4
DWLR0064,2025-01-27 00:00:00,24.56,0.1
DWLR0064,2025-01-30 00:00:00,24.56,0.7
DWLR0064,2025-02-02 00:00:00,24.56,3.0
DWLR0064,2025-02-05 00:00:00,24.56,2.1
DWLR0064,2025-02-08 00:00:00,24.56,3.0
DWLR0064,2025-02-11 00:00:00,24.56,2.1
DWLR0064,2025-02-14 00:00:00,24.56,3.5
DWLR0064,2025-02-17 00:00:00,24.56,0.0
DWLR0064,2025-02-20 00:00:00,24.56,1.1
DWLR0064,2025-02-23 00:00:00,24.56,4.2
DWLR0064,2025-02-26 00:00:00,24.56,4.3
DWLR0064,2025-03-01 00:00:00,24.56,4.5
DWLR0064,2025-03-04 00:00:00,24.56,0.7
DWLR0064,2025-03-07 00:00:00,24.56,3.5
DWLR0064,2025-03-10 00:00:00,24.56,1.0
DWLR0064,2025-03-13 00:00:00,24.56,2.3
DWLR0064,2025-03-16 00:00:00,24.56,4.1
DWLR0064,2025-03-19 00:00:00,24.56,3.7
DWLR0064,2025-03-22 00:00:00,24.56,3.6
DWLR0064,2025-03-25 00:00:00,24.56,3.2
DWLR0064,2025-03-28 00:00:00,24.56,3.4
DWLR0064,2025-03-31 00:00:00,24.56,2.0
DWLR0064,2025-04-03 00:00:00,24.56,4.5
DWLR0064,2025-04-06 00:00:00,24.56,3.0
DWLR0064,2025-04-09 00:00:00,24.56,3.3
DWLR0064,2025-04-12 00:00:00,24.56,3.6
DWLR0064,2025-04-15 00:00:00,24.56,4.5
DWLR0064,2025-04-18 00:00:00,24.56,4.2
DWLR0064,2025-04-21 00:00:00,24.56,0.8
DWLR0064,2025-04-24 00:00:00,24.56,0.9
DWLR0064,2025-04-27 00:00:00,24.56,3.5
DWLR0064,2025-04-30 00:00:00,24.56,0.4
DWLR0064,2025-05-03 00:00:00,24.56,4.9
DWLR0064,2025-05-06 00:00:00,24.56,2.1
DWLR0064,2025-05-09 00:00:00,24.56,4.2
DWLR0064,2025-05-12 00:00:00,24.56,4.1
DWLR0064,2025-05-15 00:00:00,24.56,1.5
DWLR0064,2025-05-18 00:00:00,24.56,0.1
DWLR0064,2025-05-21 00:00:00,24.56,1.2
DWLR0064,2025-05-24 00:00:00,24.56,3.2
DWLR0064,2025-05-27 00:00:00,24.56,0.3
DWLR0064,2025-05-30 00:00:00,24.56,4.3
DWLR0064,2025-06-02 00:00:00,24.56,11.8
DWLR0064,2025-06-05 00:00:00,24.56,35.5
DWLR0064,2025-06-08 00:00:00,24.56,5.3
DWLR0064,2025-06-11 00:00:00,24.56,7.9
DWLR0064,2025-06-14 00:00:00,24.56,7.2
DWLR0064,2025-06-17 00:00:00,24.56,30.1
DWLR0064,2025-06-20 00:00:00,24.56,29.6
DWLR0064,2025-06-23 00:00:00,24.56,20.7
DWLR0064,2025-06-26 00:00:00,24.56,15.6
DWLR0064,2025-06-29 00:00:00,24.56,19.9
DWLR0064,2025-07-02 00:00:00,24.56,9.4
DWLR0064,2025-07-05 00:00:00,24.56,25.5
DWLR0064,2025-07-08 00:00:00,24.56,9.8
DWLR0064,2025-07-11 00:00:00,24.56,9.9
DWLR0064,2025-07-14 00:00:00,24.56,21.0
DWLR0064,2025-07-17 00:00:00,24.56,13.0
DWLR0064,2025-07-20 00:00:00,24.56,0.2
DWLR0064,2025-07-23 00:00:00,24.56,38.7
DWLR0064,2025-07-26 00:00:00,24.56,15.9
DWLR0064,2025-07-29 00:00:00,24.56,2.1
DWLR0064,2025-08-01 00:00:00,24.56,38.6
DWLR0064,2025-08-04 00:00:00,24.56,37.0
DWLR0064,2025-08-07 00:00:00,24.56,25.0
DWLR0064,2025-08-10 00:00:00,24.56,38.9
DWLR0064,2025-08-13 00:00:00,24.56,6.2
DWLR0064,2025-08-16 00:00:00,24.56,39.0
DWLR0064,2025-08-19 00:00:00,24.56,29.3
DWLR0064,2025-08-22 00:00:00,24.56,39.0
DWLR0064,2025-08-25 00:00:00,24.56,36.4
DWLR0064,2025-08-28 00:00:00,24.56,10.9
DWLR0064,2025-08-31 00:00:00,24.56,5.4
DWLR0064,2025-09-03 00:00:00,24.56,5.3
DWLR0064,2025-09-06 00:00:00,24.56,5.6
DWLR0064,2025-09-09 00:00:00,24.56,29.6
DWLR0064,2025-09-12 00:00:00,24.56,17.9
DWLR0064,2025-09-15 00:00:00,24.56,9.3
DWLR0064,2025-09-18 00:00:00,24.56,3.7
DWLR0064,2025-09-21 00:00:00,24.56,32.8
DWLR0064,2025-09-24 00:00:00,24.56,21.5
DWLR0064,2025-09-27 00:00:00,24.56,13.6
DWLR0064,2025-09-30 00:00:00,24.56,4.0
DWLR0064,2025-10-03 00:00:00,24.56,0.1
DWLR0064,2025-10-06 00:00:00,24.56,2.3
DWLR0064,2025-10-09 00:00:00,24.56,4.5
DWLR0064,2025-10-12 00:00:00,24.56,2.0
DWLR0064,2025-10-15 00:00:00,24.56,2.9
DWLR0064,2025-10-18 00:00:00,24.56,1.3
DWLR0064,2025-10-21 00:00:00,24.56,0.1
DWLR0064,2025-10-24 00:00:00,24.56,1.4
DWLR0064,2025-10-27 00:00:00,24.56,2.4
DWLR0064,2025-10-30 00:00:00,24.56,4.3
DWLR0064,2025-11-02 00:00:00,24.56,3.1
DWLR0064,2025-11-05 00:00:00,24.56,3.4
DWLR0064,2025-11-08 00:00:00,24.56,3.4
DWLR0064,2025-11-11 00:00:00,24.56,0.5
DWLR0064,2025-11-14 00:00:00,24.56,1.8
DWLR0064,2025-11-17 00:00:00,24.56,2.1
DWLR0064,2025-11-20 00:00:00,24.56,1.2
DWLR0064,2025-11-23 00:00:00,24.56,4.0
DWLR0064,2025-11-26 00:00:00,24.56,3.3
DWLR0065,2024-06-01 00:00:00,15.75,11.8
DWLR0065,2024-06-04 00:00:00,15.65,39.2
DWLR0065,2024-06-07 00:00:00,15.57,38.8
DWLR0065,2024-06-10 00:00:00,15.58,34.9
DWLR0065,2024-06-13 00:00:00,15.58,22.8
DWLR0065,2024-06-16 00:00:00,15.61,11.8
DWLR0065,2024-06-19 00:00:00,15.64,30.0
DWLR0065,2024-06-22 00:00:00,15.62,6.0
DWLR0065,2024-06-25 00:00:00,15.49,0.3
DWLR0065,2024-06-28 00:00:00,15.51,31.6
DWLR0065,2024-07-01 00:00:00,15.48,30.4
DWLR0065,2024-07-04 00:00:00,15.39,2.8
DWLR0065,2024-07-07 00:00:00,15.43,2.7
DWLR0065,2024-07-10 00:00:00,15.43,21.5
DWLR0065,2024-07-13 00:00:00,15.46,29.1
DWLR0065,2024-07-16 00:00:00,15.47,36.8
DWLR0065,2024-07-19 00:00:00,15.45,27.2
DWLR0065,2024-07-22 00:00:00,15.39,8.0
DWLR0065,2024-07-25 00:00:00,15.44,7.4
DWLR0065,2024-07-28 00:00:00,15.37,5.0
DWLR0065,2024-07-31 00:00:00,15.29,4.4
DWLR0065,2024-08-03 00:00:00,15.21,36.9
DWLR0065,2024-08-06 00:00:00,15.16,22.4
DWLR0065,2024-08-09 00:00:00,15.15,0.0
DWLR0065,2024-08-12 00:00:00,15.2,18.5
DWLR0065,2024-08-15 00:00:00,15.09,14.9
DWLR0065,2024-08-18 00:00:00,15.05,10.0
DWLR0065,2024-08-21 00:00:00,15.08,24.5
DWLR0065,2024-08-24 00:00:00,15.04,23.7
DWLR0065,2024-08-27 00:00:00,14.96,12.9
DWLR0065,2024-08-30 00:00:00,14.85,35.4
DWLR0065,2024-09-02 00:00:00,14.82,20.6
DWLR0065,2024-09-05 00:00:00,14.77,2.6
DWLR0065,2024-09-08 00:00:00,14.71,5.5
DWLR0065,2024-09-11 00:00:00,14.68,38.5
DWLR0065,2024-09-14 00:00:00,14.67,12.3
DWLR0065,2024-09-17 00:00:00,14.61,8.0
DWLR0065,2024-09-20 00:00:00,14.59,4.3
DWLR0065,2024-09-23 00:00:00,14.53,23.8
DWLR0065,2024-09-26 00:00:00,14.42,14.8
DWLR0065,2024-09-29 00:00:00,14.37,33.6
DWLR0065,2024-10-02 00:00:00,14.44,3.7
DWLR0065,2024-10-05 00:00:00,14.45,4.6
DWLR0065,2024-10-08 00:00:00,14.48,0.5
DWLR0065,2024-10-11 00:00:00,14.54,4.4
DWLR0065,2024-10-14 00:00:00,14.58,0.4
DWLR0065,2024-10-17 00:00:00,14.68,2.3
DWLR0065,2024-10-20 00:00:00,14.85,1.1
DWLR0065,2024-10-23 00:00:00,14.89,2.0
DWLR0065,2024-10-26 00:00:00,14.93,0.3
DWLR0065,2024-10-29 00:00:00,14.97,4.4
DWLR0065,2024-11-01 00:00:00,15.05,4.8
DWLR0065,2024-11-04 00:00:00,15.02,0.1
DWLR0065,2024-11-07 00:00:00,14.99,1.0
DWLR0065,2024-11-10 00:00:00,15.07,4.9
DWLR0065,2024-11-13 00:00:00,15.07,4.2
DWLR0065,2024-11-16 00:00:00,15.16,2.9
DWLR0065,2024-11-19 00:00:00,15.14,0.3
DWLR0065,2024-11-22 00:00:00,15.13,1.5
DWLR0065,2024-11-25 00:00:00,15.17,4.2
DWLR0065,2024-11-28 00:00:00,15.25,0.6
DWLR0065,2024-12-01 00:00:00,15.27,0.7
DWLR0065,2024-12-04 00:00:00,15.31,3.3
DWLR0065,2024-12-07 00:00:00,15.26,2.8
DWLR0065,2024-12-10 00:00:00,15.27,0.9
DWLR0065,2024-12-13 00:00:00,15.27,2.9
DWLR0065,2024-12-16 00:00:00,15.35,2.8
DWLR0065,2024-12-19 00:00:00,15.43,3.3
DWLR0065,2024-12-22 00:00:00,15.55,0.3
DWLR0065,2024-12-25 00:00:00,15.59,0.4
DWLR0065,2024-12-28 00:00:00,15.67,0.3
DWLR0065,2024-12-31 00:00:00,15.77,4.0
DWLR0065,2025-01-03 00:00:00,15.79,3.5
DWLR0065,2025-01-06 00:00:00,15.84,0.5
DWLR0065,2025-01-09 00:00:00,15.85,4.8
DWLR0065,2025-01-12 00:00:00,15.92,3.3
DWLR0065,2025-01-15 00:00:00,16.06,3.7
DWLR0065,2025-01-18 00:00:00,16.08,4.1
DWLR0065,2025-01-21 00:00:00,16.16,3.0
DWLR0065,2025-01-24 00:00:00,16.17,3.1
DWLR0065,2025-01-27 00:00:00,16.24,1.9
DWLR0065,2025-01-30 00:00:00,16.26,4.9
DWLR0065,2025-02-02 00:00:00,16.29,0.4
DWLR0065,2025-02-05 00:00:00,16.31,1.4
DWLR0065,2025-02-08 00:00:00,16.3,2.4
DWLR0065,2025-02-11 00:00:00,16.22,0.9
DWLR0065,2025-02-14 00:00:00,16.28,2.9
DWLR0065,2025-02-17 00:00:00,16.27,4.7
DWLR0065,2025-02-20 00:00:00,16.26,4.7
DWLR0065,2025-02-23 00:00:00,16.3,4.6
DWLR0065,2025-02-26 00:00:00,16.39,1.0
DWLR0065,2025-03-01 00:00:00,16.48,4.4
DWLR0065,2025-03-04 00:00:00,16.52,3.8
DWLR0065,2025-03-07 00:00:00,16.61,1.8
DWLR0065,2025-03-10 00:00:00,16.58,0.4
DWLR0065,2025-03-13 00:00:00,16.66,3.5
DWLR0065,2025-03-16 00:00:00,16.65,3.9
DWLR0065,2025-03-19 00:00:00,16.8,0.1
DWLR0065,2025-03-22 00:00:00,16.89,4.1
DWLR0065,2025-03-25 00:00:00,16.93,1.5
DWLR0065,2025-03-28 00:00:00,16.99,0.9
DWLR0065,2025-03-31 00:00:00,17.0,2.2
DWLR0065,2025-04-03 00:00:00,17.06,1.4
DWLR0065,2025-04-06 00:00:00,17.17,1.7
DWLR0065,2025-04-09 00:00:00,17.31,1.7
DWLR0065,2025-04-12 00:00:00,17.35,2.6
DWLR0065,2025-04-15 00:00:00,17.38,4.4
DWLR0065,2025-04-18 00:00:00,17.48,0.3
DWLR0065,2025-04-21 00:00:00,17.52,3.6
DWLR0065,2025-04-24 00:00:00,17.71,0.4
DWLR0065,2025-04-27 00:00:00,17.7,0.5
DWLR0065,2025-04-30 00:00:00,17.77,0.1
DWLR0065,2025-05-03 00:00:00,17.79,3.7
DWLR0065,2025-05-06 00:00:00,17.74,1.9
DWLR0065,2025-05-09 00:00:00,17.78,0.8
DWLR0065,2025-05-12 00:00:00,17.78,3.6
DWLR0065,2025-05-15 00:00:00,17.89,0.6
DWLR0065,2025-05-18 00:00:00,17.87,2.7
DWLR0065,2025-05-21 00:00:00,17.86,3.3
DWLR0065,2025-05-24 00:00:00,17.96,4.5
DWLR0065,2025-05-27 00:00:00,17.93,4.6
DWLR0065,2025-05-30 00:00:00,17.95,4.9
DWLR0065,2025-06-02 00:00:00,17.92,38.1
DWLR0065,2025-06-05 00:00:00,17.8,24.3
DWLR0065,2025-06-08 00:00:00,17.67,31.0
DWLR0065,2025-06-11 00:00:00,17.62,34.3
DWLR0065,2025-06-14 00:00:00,17.57,24.1
DWLR0065,2025-06-17 00:00:00,17.5,19.1
DWLR0065,2025-06-20 00:00:00,17.46,5.9
DWLR0065,2025-06-23 00:00:00,17.37,36.9
DWLR0065,2025-06-26 00:00:00,17.32,6.7
DWLR0065,2025-06-29 00:00:00,17.29,15.8
DWLR0065,2025-07-02 00:00:00,17.21,37.1
DWLR0065,2025-07-05 00:00:00,17.18,18.5
DWLR0065,2025-07-08 00:00:00,17.1,30.6
DWLR0065,2025-07-11 00:00:00,16.98,23.5
DWLR0065,2025-07-14 00:00:00,16.96,13.8
DWLR0065,2025-07-17 00:00:00,16.96,39.8
DWLR0065,2025-07-20 00:00:00,16.99,30.6
DWLR0065,2025-07-23 00:00:00,16.96,17.0
DWLR0065,2025-07-26 00:00:00,16.82,34.3
DWLR0065,2025-07-29 00:00:00,16.76,35.3
DWLR0065,2025-08-01 00:00:00,16.69,12.0
DWLR0065,2025-08-04 00:00:00,16.66,38.3
DWLR0065,2025-08-07 00:00:00,16.61,18.8
DWLR0065,2025-08-10 00:00:00,16.56,12.2
DWLR0065,2025-08-13 00:00:00,16.51,1.5
DWLR0065,2025-08-16 00:00:00,16.45,9.5
DWLR0065,2025-08-19 00:00:00,16.41,12.8
DWLR0065,2025-08-22 00:00:00,16.45,36.0
DWLR0065,2025-08-25 00:00:00,16.44,2.9
DWLR0065,2025-08-28 00:00:00,16.41,26.3
DWLR0065,2025-08-31 00:00:00,16.36,36.4
DWLR0065,2025-09-03 00:00:00,16.24,28.5
DWLR0065,2025-09-06 00:00:00,16.24,16.0
DWLR0065,2025-09-09 00:00:00,16.22,0.0
DWLR0065,2025-09-12 00:00:00,16.04,21.1
DWLR0065,2025-09-15 00:00:00,16.02,4.9
DWLR0065,2025-09-18 00:00:00,16.05,30.0
DWLR0065,2025-09-21 00:00:00,16.01,16.4
DWLR0065,2025-09-24 00:00:00,15.98,1.4
DWLR0065,2025-09-27 00:00:00,15.95,5.9
DWLR0065,2025-09-30 00:00:00,15.9,25.0
DWLR0065,2025-10-03 00:00:00,15.97,4.8
DWLR0065,2025-10-06 00:00:00,16.06,4.6
DWLR0065,2025-10-09 00:00:00,16.03,3.9
DWLR0065,2025-10-12 00:00:00,16.04,4.4
DWLR0065,2025-10-15 00:00:00,16.01,3.3
DWLR0065,2025-10-18 00:00:00,16.09,3.2
DWLR0065,2025-10-21 00:00:00,16.14,1.6
DWLR0065,2025-10-24 00:00:00,16.26,0.3
DWLR0065,2025-10-27 00:00:00,16.32,0.4
DWLR0065,2025-10-30 00:00:00,16.25,0.5
DWLR0065,2025-11-02 00:00:00,16.3,3.2
DWLR0065,2025-11-05 00:00:00,16.34,2.6
DWLR0065,2025-11-08 00:00:00,16.31,0.4
DWLR0065,2025-11-11 00:00:00,16.36,0.8
DWLR0065,2025-11-14 00:00:00,16.38,3.1
DWLR0065,2025-11-17 00:00:00,16.39,4.5
DWLR0065,2025-11-20 00:00:00,16.38,2.9
DWLR0065,2025-11-23 00:00:00,16.45,3.2
DWLR0065,2025-11-26 00:00:00,16.55,2.1
DWLR0066,2024-06-01 00:00:00,17.16,32.9
DWLR0066,2024-06-04 00:00:00,17.26,23.6
DWLR0066,2024-06-07 00:00:00,17.34,15.5
DWLR0066,2024-06-10 00:00:00,17.4,23.7
DWLR0066,2024-06-13 00:00:00,17.47,21.3
DWLR0066,2024-06-16 00:00:00,17.62,17.8
DWLR0066,2024-06-19 00:00:00,17.74,34.3
DWLR0066,2024-06-22 00:00:00,17.8,6.4
DWLR0066,2024-06-25 00:00:00,17.96,18.6
DWLR0066,2024-06-28 00:00:00,18.06,12.3
DWLR0066,2024-07-01 00:00:00,18.24,20.0
DWLR0066,2024-07-04 00:00:00,18.31,31.5
DWLR0066,2024-07-07 00:00:00,18.38,25.8
DWLR0066,2024-07-10 00:00:00,18.5,14.4
DWLR0066,2024-07-13 00:00:00,18.62,1.2
DWLR0066,2024-07-16 00:00:00,18.61,18.5
DWLR0066,2024-07-19 00:00:00,18.69,26.1
DWLR0066,2024-07-22 00:00:00,18.79,34.3
DWLR0066,2024-07-25 00:00:00,18.86,5.2
DWLR0066,2024-07-28 00:00:00,18.99,39.6
DWLR0066,2024-07-31 00:00:00,19.16,35.8
DWLR0066,2024-08-03 00:00:00,19.26,21.8
DWLR0066,2024-08-06 00:00:00,19.41,38.6
DWLR0066,2024-08-09 00:00:00,19.38,20.6
DWLR0066,2024-08-12 00:00:00,19.45,9.8
DWLR0066,2024-08-15 00:00:00,19.48,30.7
DWLR0066,2024-08-18 00:00:00,19.57,7.7
DWLR0066,2024-08-21 00:00:00,19.74,22.1
DWLR0066,2024-08-24 00:00:00,19.85,27.1
DWLR0066,2024-08-27 00:00:00,20.01,29.7
DWLR0066,2024-08-30 00:00:00,20.1,34.8
DWLR0066,2024-09-02 00:00:00,20.13,33.3
DWLR0066,2024-09-05 00:00:00,20.19,13.9
DWLR0066,2024-09-08 00:00:00,20.29,35.4
DWLR0066,2024-09-11 00:00:00,20.45,28.9
DWLR0066,2024-09-14 00:00:00,20.58,3.5
DWLR0066,2024-09-17 00:00:00,20.77,18.1
DWLR0066,2024-09-20 00:00:00,20.75,24.1
DWLR0066,2024-09-23 00:00:00,20.83,28.6
DWLR0066,2024-09-26 00:00:00,20.98,37.2
DWLR0066,2024-09-29 00:00:00,21.06,34.4
DWLR0066,2024-10-02 00:00:00,21.24,2.0
DWLR0066,2024-10-05 00:00:00,21.38,2.4
DWLR0066,2024-10-08 00:00:00,21.57,4.5
DWLR0066,2024-10-11 00:00:00,21.68,3.7
DWLR0066,2024-10-14 00:00:00,21.8,0.4
DWLR0066,2024-10-17 00:00:00,21.98,4.8
DWLR0066,2024-10-20 00:00:00,22.18,1.9
DWLR0066,2024-10-23 00:00:00,22.35,1.2
DWLR0066,2024-10-26 00:00:00,22.4,2.7
DWLR0066,2024-10-29 00:00:00,22.57,1.3
DWLR0066,2024-11-01 00:00:00,22.83,2.1
DWLR0066,2024-11-04 00:00:00,23.01,0.8
DWLR0066,2024-11-07 00:00:00,23.07,0.0
DWLR0066,2024-11-10 00:00:00,23.26,2.8
DWLR0066,2024-11-13 00:00:00,23.47,2.2
DWLR0066,2024-11-16 00:00:00,23.67,2.8
DWLR0066,2024-11-19 00:00:00,23.81,4.2
DWLR0066,2024-11-22 00:00:00,24.05,2.1
DWLR0066,2024-11-25 00:00:00,24.29,5.0
DWLR0066,2024-11-28 00:00:00,24.53,4.1
DWLR0066,2024-12-01 00:00:00,24.67,2.6
DWLR0066,2024-12-04 00:00:00,24.81,0.6
DWLR0066,2024-12-07 00:00:00,25.03,2.0
DWLR0066,2024-12-10 00:00:00,25.21,3.3
DWLR0066,2024-12-13 00:00:00,25.43,3.5
DWLR0066,2024-12-16 00:00:00,25.62,4.6
DWLR0066,2024-12-19 00:00:00,25.71,3.7
DWLR0066,2024-12-22 00:00:00,25.93,4.4
DWLR0066,2024-12-25 00:00:00,26.22,0.5
DWLR0066,2024-12-28 00:00:00,26.38,4.9
DWLR0066,2024-12-31 00:00:00,26.46,0.6
DWLR0066,2025-01-03 00:00:00,26.62,3.3
DWLR0066,2025-01-06 00:00:00,26.87,0.3
DWLR0066,2025-01-09 00:00:00,27.0,3.2
DWLR0066,2025-01-12 00:00:00,27.22,3.5
DWLR0066,2025-01-15 00:00:00,27.41,0.8
DWLR0066,2025-01-18 00:00:00,27.49,1.9
DWLR0066,2025-01-21 00:00:00,27.58,3.1
DWLR0066,2025-01-24 00:00:00,27.82,3.8
DWLR0066,2025-01-27 00:00:00,27.97,2.0
DWLR0066,2025-01-30 00:00:00,28.17,0.1
DWLR0066,2025-02-02 00:00:00,28.41,2.5
DWLR0066,2025-02-05 00:00:00,28.63,3.5
DWLR0066,2025-02-08 00:00:00,28.8,2.5
DWLR0066,2025-02-11 00:00:00,28.95,1.6
DWLR0066,2025-02-14 00:00:00,29.11,4.1
DWLR0066,2025-02-17 00:00:00,29.2,2.6
DWLR0066,2025-02-20 00:00:00,29.4,0.6
DWLR0066,2025-02-23 00:00:00,29.67,0.4
DWLR0066,2025-02-26 00:00:00,29.89,0.6
DWLR0066,2025-03-01 00:00:00,30.11,3.8
DWLR0066,2025-03-04 00:00:00,30.28,0.5
DWLR0066,2025-03-07 00:00:00,30.47,4.0
DWLR0066,2025-03-10 00:00:00,30.66,4.0
DWLR0066,2025-03-13 00:00:00,30.81,4.7
DWLR0066,2025-03-16 00:00:00,30.92,0.1
DWLR0066,2025-03-19 00:00:00,31.04,5.0
DWLR0066,2025-03-22 00:00:00,31.15,2.9
DWLR0066,2025-03-25 00:00:00,31.32,0.9
DWLR0066,2025-03-28 00:00:00,31.47,0.8
DWLR0066,2025-03-31 00:00:00,31.68,2.5
DWLR0066,2025-04-03 00:00:00,31.83,2.2
DWLR0066,2025-04-06 00:00:00,32.03,2.6
DWLR0066,2025-04-09 00:00:00,32.21,2.6
DWLR0066,2025-04-12 00:00:00,32.36,2.4
DWLR0066,2025-04-15 00:00:00,32.55,1.9
DWLR0066,2025-04-18 00:00:00,32.76,2.4
DWLR0066,2025-04-21 00:00:00,32.99,2.7
DWLR0066,2025-04-24 00:00:00,33.16,4.4
DWLR0066,2025-04-27 00:00:00,33.35,0.4
DWLR0066,2025-04-30 00:00:00,33.61,2.7
DWLR0066,2025-05-03 00:00:00,33.74,0.7
DWLR0066,2025-05-06 00:00:00,33.85,0.1
DWLR0066,2025-05-09 00:00:00,34.03,0.5
DWLR0066,2025-05-12 00:00:00,34.18,4.1
DWLR0066,2025-05-15 00:00:00,34.35,5.0
DWLR0066,2025-05-18 00:00:00,34.51,1.2
DWLR0066,2025-05-21 00:00:00,34.73,2.6
DWLR0066,2025-05-24 00:00:00,35.0,2.8
DWLR0066,2025-05-27 00:00:00,35.2,2.9
DWLR0066,2025-05-30 00:00:00,35.34,3.6
DWLR0066,2025-06-02 00:00:00,35.48,8.5
DWLR0066,2025-06-05 00:00:00,35.66,33.7
DWLR0066,2025-06-08 00:00:00,35.7,5.2
DWLR0066,2025-06-11 00:00:00,35.84,7.1
DWLR0066,2025-06-14 00:00:00,35.85,18.7
DWLR0066,2025-06-17 00:00:00,35.92,4.4
DWLR0066,2025-06-20 00:00:00,36.0,37.4
DWLR0066,2025-06-23 00:00:00,36.04,1.0
DWLR0066,2025-06-26 00:00:00,36.07,38.3
DWLR0066,2025-06-29 00:00:00,36.13,16.8
DWLR0066,2025-07-02 00:00:00,36.15,30.8
DWLR0066,2025-07-05 00:00:00,36.25,38.8
DWLR0066,2025-07-08 00:00:00,36.29,15.8
DWLR0066,2025-07-11 00:00:00,36.35,17.6
DWLR0066,2025-07-14 00:00:00,36.51,17.2
DWLR0066,2025-07-17 00:00:00,36.64,25.3
DWLR0066,2025-07-20 00:00:00,36.67,15.3
DWLR0066,2025-07-23 00:00:00,36.86,17.9
DWLR0066,2025-07-26 00:00:00,36.98,18.2
DWLR0066,2025-07-29 00:00:00,37.12,39.9
DWLR0066,2025-08-01 00:00:00,37.23,39.3
DWLR0066,2025-08-04 00:00:00,37.34,28.9
DWLR0066,2025-08-07 00:00:00,37.38,34.8
DWLR0066,2025-08-10 00:00:00,37.4,1.5
DWLR0066,2025-08-13 00:00:00,37.5,18.7
DWLR0066,2025-08-16 00:00:00,37.69,29.1
DWLR0066,2025-08-19 00:00:00,37.79,35.2
DWLR0066,2025-08-22 00:00:00,37.9,13.2
DWLR0066,2025-08-25 00:00:00,38.02,18.0
DWLR0066,2025-08-28 00:00:00,38.13,30.0
DWLR0066,2025-08-31 00:00:00,38.3,2.5
DWLR0066,2025-09-03 00:00:00,38.44,16.7
DWLR0066,2025-09-06 00:00:00,38.48,21.3
DWLR0066,2025-09-09 00:00:00,38.6,23.9
DWLR0066,2025-09-12 00:00:00,38.7,0.5
DWLR0066,2025-09-15 00:00:00,38.84,4.4
DWLR0066,2025-09-18 00:00:00,38.97,11.7
DWLR0066,2025-09-21 00:00:00,39.02,2.9
DWLR0066,2025-09-24 00:00:00,39.11,6.0
DWLR0066,2025-09-27 00:00:00,39.27,23.9
DWLR0066,2025-09-30 00:00:00,39.32,22.6
DWLR0066,2025-10-03 00:00:00,39.53,4.1
DWLR0066,2025-10-06 00:00:00,39.59,1.9
DWLR0066,2025-10-09 00:00:00,39.74,0.2
DWLR0066,2025-10-12 00:00:00,39.94,1.3
DWLR0066,2025-10-15 00:00:00,40.16,4.3
DWLR0066,2025-10-18 00:00:00,40.37,4.1
DWLR0066,2025-10-21 00:00:00,40.67,4.6
DWLR0066,2025-10-24 00:00:00,40.86,2.8
DWLR0066,2025-10-27 00:00:00,41.02,2.9
DWLR0066,2025-10-30 00:00:00,41.12,0.4
DWLR0066,2025-11-02 00:00:00,41.34,4.5
DWLR0066,2025-11-05 00:00:00,41.5,1.7
DWLR0066,2025-11-08 00:00:00,41.65,3.8
DWLR0066,2025-11-11 00:00:00,41.87,4.7
DWLR0066,2025-11-14 00:00:00,42.06,2.8
DWLR0066,2025-11-17 00:00:00,42.25,4.7
DWLR0066,2025-11-20 00:00:00,42.41,3.8
DWLR0066,2025-11-23 00:00:00,42.65,4.9
DWLR0066,2025-11-26 00:00:00,42.81,3.9
DWLR0067,2024-06-01 00:00:00,6.14,25.9
DWLR0067,2024-06-04 00:00:00,6.13,9.9
DWLR0067,2024-06-07 00:00:00,6.1,26.6
DWLR0067,2024-06-10 00:00:00,6.05,32.7
DWLR0067,2024-06-13 00:00:00,5.96,39.5
DWLR0067,2024-06-16 00:00:00,5.94,0.1
DWLR0067,2024-06-19 00:00:00,5.79,27.2
DWLR0067,2024-06-22 00:00:00,5.7,1.5
DWLR0067,2024-06-25 00:00:00,5.58,38.0
DWLR0067,2024-06-28 00:00:00,5.46,34.1
DWLR0067,2024-07-01 00:00:00,5.37,11.6
DWLR0067,2024-07-04 00:00:00,5.33,32.0
DWLR0067,2024-07-07 00:00:00,5.24,14.2
DWLR0067,2024-07-10 00:00:00,5.2,19.1
DWLR0067,2024-07-13 00:00:00,5.1,28.4
DWLR0067,2024-07-16 00:00:00,5.12,9.1
DWLR0067,2024-07-19 00:00:00,5.01,31.6
DWLR0067,2024-07-22 00:00:00,5.02,15.7
DWLR0067,2024-07-25 00:00:00,4.9,35.9
DWLR0067,2024-07-28 00:00:00,4.87,3.9
DWLR0067,2024-07-31 00:00:00,4.8,29.5
DWLR0067,2024-08-03 00:00:00,4.74,38.0
DWLR0067,2024-08-06 00:00:00,4.79,0.5
DWLR0067,2024-08-09 00:00:00,4.67,14.2
DWLR0067,2024-08-12 00:00:00,4.68,32.8
DWLR0067,2024-08-15 00:00:00,4.64,11.2
DWLR0067,2024-08-18 00:00:00,4.62,18.6
DWLR0067,2024-08-21 00:00:00,4.59,35.8
DWLR0067,2024-08-24 00:00:00,4.57,33.4
DWLR0067,2024-08-27 00:00:00,4.47,32.3
DWLR0067,2024-08-30 00:00:00,4.38,23.0
DWLR0067,2024-09-02 00:00:00,4.34,22.6
DWLR0067,2024-09-05 00:00:00,4.26,13.4
DWLR0067,2024-09-08 00:00:00,4.13,7.3
DWLR0067,2024-09-11 00:00:00,4.1,34.3
DWLR0067,2024-09-14 00:00:00,4.12,22.3
DWLR0067,2024-09-17 00:00:00,4.08,19.5
DWLR0067,2024-09-20 00:00:00,4.03,34.6
DWLR0067,2024-09-23 00:00:00,3.98,24.8
DWLR0067,2024-09-26 00:00:00,4.0,31.3
DWLR0067,2024-09-29 00:00:00,3.92,15.9
DWLR0067,2024-10-02 00:00:00,3.95,4.4
DWLR0067,2024-10-05 00:00:00,4.01,0.3
DWLR0067,2024-10-08 00:00:00,4.03,2.5
DWLR0067,2024-10-11 00:00:00,4.07,4.7
DWLR0067,2024-10-14 00:00:00,4.11,2.9
DWLR0067,2024-10-17 00:00:00,4.11,2.1
DWLR0067,2024-10-20 00:00:00,4.2,0.0
DWLR0067,2024-10-23 00:00:00,4.29,4.5
DWLR0067,2024-10-26 00:00:00,4.29,3.3
DWLR0067,2024-10-29 00:00:00,4.43,0.6
DWLR0067,2024-11-01 00:00:00,4.51,2.7
DWLR0067,2024-11-04 00:00:00,4.57,0.1
DWLR0067,2024-11-07 00:00:00,4.65,0.3
DWLR0067,2024-11-10 00:00:00,4.73,0.5
DWLR0067,2024-11-13 00:00:00,4.78,4.9
DWLR0067,2024-11-16 00:00:00,4.78,2.2
DWLR0067,2024-11-19 00:00:00,4.82,2.6
DWLR0067,2024-11-22 00:00:00,4.77,4.8
DWLR0067,2024-11-25 00:00:00,4.83,5.0
DWLR0067,2024-11-28 00:00:00,4.83,2.4
DWLR0067,2024-12-01 00:00:00,4.82,1.7
DWLR0067,2024-12-04 00:00:00,4.96,3.8
DWLR0067,2024-12-07 00:00:00,4.98,1.5
DWLR0067,2024-12-10 00:00:00,5.06,1.0
DWLR0067,2024-12-13 00:00:00,5.06,3.4
DWLR0067,2024-12-16 00:00:00,5.09,1.0
DWLR0067,2024-12-19 00:00:00,5.1,0.3
DWLR0067,2024-12-22 00:00:00,5.2,0.3
DWLR0067,2024-12-25 00:00:00,5.17,0.6
DWLR0067,2024-12-28 00:00:00,5.23,4.5
DWLR0067,2024-12-31 00:00:00,5.27,1.8
DWLR0067,2025-01-03 00:00:00,5.27,0.6
DWLR0067,2025-01-06 00:00:00,5.31,0.9
DWLR0067,2025-01-09 00:00:00,5.28,3.5
DWLR0067,2025-01-12 00:00:00,5.31,0.6
DWLR0067,2025-01-15 00:00:00,5.29,3.6
DWLR0067,2025-01-18 00:00:00,5.26,4.5
DWLR0067,2025-01-21 00:00:00,5.29,2.8
DWLR0067,2025-01-24 00:00:00,5.27,2.9
DWLR0067,2025-01-27 00:00:00,5.28,2.4
DWLR0067,2025-01-30 00:00:00,5.4,1.2
DWLR0067,2025-02-02 00:00:00,5.42,1.2
DWLR0067,2025-02-05 00:00:00,5.33,4.0
DWLR0067,2025-02-08 00:00:00,5.3,0.5
DWLR0067,2025-02-11 00:00:00,5.36,0.4
DWLR0067,2025-02-14 00:00:00,5.45,4.8
DWLR0067,2025-02-17 00:00:00,5.44,2.7
DWLR0067,2025-02-20 00:00:00,5.41,5.0
DWLR0067,2025-02-23 00:00:00,5.44,3.3
DWLR0067,2025-02-26 00:00:00,5.49,1.1
DWLR0067,2025-03-01 00:00:00,5.61,3.4
DWLR0067,2025-03-04 00:00:00,5.59,0.4
DWLR0067,2025-03-07 00:00:00,5.64,4.5
DWLR0067,2025-03-10 00:00:00,5.61,4.7
DWLR0067,2025-03-13 00:00:00,5.63,0.7
DWLR0067,2025-03-16 00:00:00,5.7,4.4
DWLR0067,2025-03-19 00:00:00,5.76,1.1
DWLR0067,2025-03-22 00:00:00,5.77,0.1
DWLR0067,2025-03-25 00:00:00,5.77,1.5
DWLR0067,2025-03-28 00:00:00,5.79,1.7
DWLR0067,2025-03-31 00:00:00,5.86,2.9
DWLR0067,2025-04-03 00:00:00,5.84,2.1
DWLR0067,2025-04-06 00:00:00,5.94,4.9
DWLR0067,2025-04-09 00:00:00,5.98,3.2
DWLR0067,2025-04-12 00:00:00,6.02,1.3
DWLR0067,2025-04-15 00:00:00,6.04,4.2
DWLR0067,2025-04-18 00:00:00,6.08,4.9
DWLR0067,2025-04-21 00:00:00,6.05,2.3
DWLR0067,2025-04-24 00:00:00,6.02,0.1
DWLR0067,2025-04-27 00:00:00,6.12,2.6
DWLR0067,2025-04-30 00:00:00,6.17,0.3
DWLR0067,2025-05-03 00:00:00,6.2,3.6
DWLR0067,2025-05-06 00:00:00,6.22,2.5
DWLR0067,2025-05-09 00:00:00,6.23,4.8
DWLR0067,2025-05-12 00:00:00,6.29,1.0
DWLR0067,2025-05-15 00:00:00,6.27,3.8
DWLR0067,2025-05-18 00:00:00,6.35,4.7
DWLR0067,2025-05-21 00:00:00,6.42,2.5
DWLR0067,2025-05-24 00:00:00,6.46,4.1
DWLR0067,2025-05-27 00:00:00,6.53,2.7
DWLR0067,2025-05-30 00:00:00,6.65,0.3
DWLR0067,2025-06-02 00:00:00,6.65,23.6
DWLR0067,2025-06-05 00:00:00,6.63,26.8
DWLR0067,2025-06-08 00:00:00,6.51,9.0
DWLR0067,2025-06-11 00:00:00,6.42,32.8
DWLR0067,2025-06-14 00:00:00,6.31,1.1
DWLR0067,2025-06-17 00:00:00,6.28,27.5
DWLR0067,2025-06-20 00:00:00,6.21,30.9
DWLR0067,2025-06-23 00:00:00,6.2,29.2
DWLR0067,2025-06-26 00:00:00,6.14,33.2
DWLR0067,2025-06-29 00:00:00,6.01,9.0
DWLR0067,2025-07-02 00:00:00,6.01,33.5
DWLR0067,2025-07-05 00:00:00,5.93,16.3
DWLR0067,2025-07-08 00:00:00,5.81,5.7
DWLR0067,2025-07-11 00:00:00,5.72,39.5
DWLR0067,2025-07-14 00:00:00,5.67,25.9
DWLR0067,2025-07-17 00:00:00,5.58,25.4
DWLR0067,2025-07-20 00:00:00,5.43,36.5
DWLR0067,2025-07-23 00:00:00,5.34,17.0
DWLR0067,2025-07-26 00:00:00,5.34,30.2
DWLR0067,2025-07-29 00:00:00,5.3,16.4
DWLR0067,2025-08-01 00:00:00,5.24,30.2
DWLR0067,2025-08-04 00:00:00,5.24,13.9
DWLR0067,2025-08-07 00:00:00,5.19,27.6
DWLR0067,2025-08-10 00:00:00,5.16,30.7
DWLR0067,2025-08-13 00:00:00,5.04,15.0
DWLR0067,2025-08-16 00:00:00,4.99,34.1
DWLR0067,2025-08-19 00:00:00,4.91,11.9
DWLR0067,2025-08-22 00:00:00,4.89,23.2
DWLR0067,2025-08-25 00:00:00,4.81,35.8
DWLR0067,2025-08-28 00:00:00,4.69,13.9
DWLR0067,2025-08-31 00:00:00,4.68,25.2
DWLR0067,2025-09-03 00:00:00,4.58,18.3
DWLR0067,2025-09-06 00:00:00,4.58,21.1
DWLR0067,2025-09-09 00:00:00,4.53,5.1
DWLR0067,2025-09-12 00:00:00,4.51,27.4
DWLR0067,2025-09-15 00:00:00,4.6,22.3
DWLR0067,2025-09-18 00:00:00,4.59,24.2
DWLR0067,2025-09-21 00:00:00,4.53,31.5
DWLR0067,2025-09-24 00:00:00,4.49,11.7
DWLR0067,2025-09-27 00:00:00,4.42,32.8
DWLR0067,2025-09-30 00:00:00,4.42,28.9
DWLR0067,2025-10-03 00:00:00,4.42,0.6
DWLR0067,2025-10-06 00:00:00,4.52,4.4
DWLR0067,2025-10-09 00:00:00,4.63,3.0
DWLR0067,2025-10-12 00:00:00,4.62,1.3
DWLR0067,2025-10-15 00:00:00,4.58,4.1
DWLR0067,2025-10-18 00:00:00,4.6,4.7
DWLR0067,2025-10-21 00:00:00,4.69,0.2
DWLR0067,2025-10-24 00:00:00,4.7,4.9
DWLR0067,2025-10-27 00:00:00,4.69,2.2
DWLR0067,2025-10-30 00:00:00,4.74,4.5
DWLR0067,2025-11-02 00:00:00,4.79,3.2
DWLR0067,2025-11-05 00:00:00,4.83,3.5
DWLR0067,2025-11-08 00:00:00,4.89,3.1
DWLR0067,2025-11-11 00:00:00,4.95,0.3
DWLR0067,2025-11-14 00:00:00,5.05,4.3
DWLR0067,2025-11-17 00:00:00,5.1,4.0
DWLR0067,2025-11-20 00:00:00,5.15,1.0
DWLR0067,2025-11-23 00:00:00,5.17,0.7
DWLR0067,2025-11-26 00:00:00,5.25,4.6
DWLR0068,2024-06-01 00:00:00,12.04,33.7
DWLR0068,2024-06-04 00:00:00,11.88,4.6
DWLR0068,2024-06-07 00:00:00,11.69,32.8
DWLR0068,2024-06-10 00:00:00,11.71,17.3
DWLR0068,2024-06-13 00:00:00,11.73,4.5
DWLR0068,2024-06-16 00:00:00,11.69,26.3
DWLR0068,2024-06-19 00:00:00,11.68,0.3
DWLR0068,2024-06-22 00:00:00,11.64,8.4
DWLR0068,2024-06-25 00:00:00,11.49,29.7
DWLR0068,2024-06-28 00:00:00,11.5,32.4
DWLR0068,2024-07-01 00:00:00,11.55,20.6
DWLR0068,2024-07-04 00:00:00,11.43,27.8
DWLR0068,2024-07-07 00:00:00,11.4,20.1
DWLR0068,2024-07-10 00:00:00,11.26,18.7
DWLR0068,2024-07-13 00:00:00,11.23,17.5
DWLR0068,2024-07-16 00:00:00,11.09,32.3
DWLR0068,2024-07-19 00:00:00,11.0,27.4
DWLR0068,2024-07-22 00:00:00,11.03,29.8
DWLR0068,2024-07-25 00:00:00,10.88,35.5
DWLR0068,2024-07-28 00:00:00,10.81,12.5
DWLR0068,2024-07-31 00:00:00,10.75,25.9
DWLR0068,2024-08-03 00:00:00,10.75,22.5
DWLR0068,2024-08-06 00:00:00,10.68,3.7
DWLR0068,2024-08-09 00:00:00,10.66,12.7
DWLR0068,2024-08-12 00:00:00,10.53,10.6
DWLR0068,2024-08-15 00:00:00,10.48,4.4
DWLR0068,2024-08-18 00:00:00,10.46,26.8
DWLR0068,2024-08-21 00:00:00,10.43,11.8
DWLR0068,2024-08-24 00:00:00,10.36,20.0
DWLR0068,2024-08-27 00:00:00,10.32,32.2
DWLR0068,2024-08-30 00:00:00,10.25,20.5
DWLR0068,2024-09-02 00:00:00,10.19,39.5
DWLR0068,2024-09-05 00:00:00,10.06,12.2
DWLR0068,2024-09-08 00:00:00,10.0,7.8
DWLR0068,2024-09-11 00:00:00,9.95,22.1
DWLR0068,2024-09-14 00:00:00,9.88,17.3
DWLR0068,2024-09-17 00:00:00,9.83,1.9
DWLR0068,2024-09-20 00:00:00,9.79,23.8
DWLR0068,2024-09-23 00:00:00,9.7,3.2
DWLR0068,2024-09-26 00:00:00,9.56,5.1
DWLR0068,2024-09-29 00:00:00,9.49,36.6
DWLR0068,2024-10-02 00:00:00,9.56,1.0
DWLR0068,2024-10-05 00:00:00,9.55,3.0
DWLR0068,2024-10-08 00:00:00,9.59,2.4
DWLR0068,2024-10-11 00:00:00,9.67,4.5
DWLR0068,2024-10-14 00:00:00,9.66,0.1
DWLR0068,2024-10-17 00:00:00,9.7,2.1
DWLR0068,2024-10-20 00:00:00,9.65,3.7
DWLR0068,2024-10-23 00:00:00,9.67,1.5
DWLR0068,2024-10-26 00:00:00,9.66,3.2
DWLR0068,2024-10-29 00:00:00,9.75,4.4
DWLR0068,2024-11-01 00:00:00,9.73,0.2
DWLR0068,2024-11-04 00:00:00,9.7,4.9
DWLR0068,2024-11-07 00:00:00,9.72,1.5
DWLR0068,2024-11-10 00:00:00,9.82,4.9
DWLR0068,2024-11-13 00:00:00,9.89,3.2
DWLR0068,2024-11-16 00:00:00,9.89,1.2
DWLR0068,2024-11-19 00:00:00,9.93,3.8
DWLR0068,2024-11-22 00:00:00,9.94,1.7
DWLR0068,2024-11-25 00:00:00,10.05,3.5
DWLR0068,2024-11-28 00:00:00,10.13,4.6
DWLR0068,2024-12-01 00:00:00,10.27,2.7
DWLR0068,2024-12-04 00:00:00,10.35,4.4
DWLR0068,2024-12-07 00:00:00,10.35,3.9
DWLR0068,2024-12-10 00:00:00,10.37,2.9
DWLR0068,2024-12-13 00:00:00,10.36,1.3
DWLR0068,2024-12-16 00:00:00,10.28,0.5
DWLR0068,2024-12-19 00:00:00,10.34,0.4
DWLR0068,2024-12-22 00:00:00,10.39,4.9
DWLR0068,2024-12-25 00:00:00,10.38,0.5
DWLR0068,2024-12-28 00:00:00,10.34,4.8
DWLR0068,2024-12-31 00:00:00,10.39,0.6
DWLR0068,2025-01-03 00:00:00,10.48,4.0
DWLR0068,2025-01-06 00:00:00,10.52,2.1
DWLR0068,2025-01-09 00:00:00,10.47,4.5
DWLR0068,2025-01-12 00:00:00,10.53,1.9
DWLR0068,2025-01-15 00:00:00,10.62,4.9
DWLR0068,2025-01-18 00:00:00,10.63,3.8
DWLR0068,2025-01-21 00:00:00,10.7,2.1
DWLR0068,2025-01-24 00:00:00,10.74,0.9
DWLR0068,2025-01-27 00:00:00,10.78,1.2
DWLR0068,2025-01-30 00:00:00,10.77,2.8
DWLR0068,2025-02-02 00:00:00,10.76,1.2
DWLR0068,2025-02-05 00:00:00,10.83,0.3
DWLR0068,2025-02-08 00:00:00,10.85,4.6
DWLR0068,2025-02-11 00:00:00,10.94,3.5
DWLR0068,2025-02-14 00:00:00,10.87,0.2
DWLR0068,2025-02-17 00:00:00,10.89,3.2
DWLR0068,2025-02-20 00:00:00,10.85,2.8
DWLR0068,2025-02-23 00:00:00,10.83,4.0
DWLR0068,2025-02-26 00:00:00,10.89,4.0
DWLR0068,2025-03-01 00:00:00,10.99,4.9
DWLR0068,2025-03-04 00:00:00,11.04,2.1
DWLR0068,2025-03-07 00:00:00,11.01,4.1
DWLR0068,2025-03-10 00:00:00,11.0,3.4
DWLR0068,2025-03-13 00:00:00,11.12,1.2
DWLR0068,2025-03-16 00:00:00,11.14,4.6
DWLR0068,2025-03-19 00:00:00,11.17,3.2
DWLR0068,2025-03-22 00:00:00,11.14,2.8
DWLR0068,2025-03-25 00:00:00,11.15,3.6
DWLR0068,2025-03-28 00:00:00,11.15,4.2
DWLR0068,2025-03-31 00:00:00,11.14,0.5
DWLR0068,2025-04-03 00:00:00,11.14,1.0
DWLR0068,2025-04-06 00:00:00,11.19,4.6
DWLR0068,2025-04-09 00:00:00,11.2,2.7
DWLR0068,2025-04-12 00:00:00,11.19,0.4
DWLR0068,2025-04-15 00:00:00,11.15,1.4
DWLR0068,2025-04-18 00:00:00,11.16,2.6
DWLR0068,2025-04-21 00:00:00,11.11,3.8
DWLR0068,2025-04-24 00:00:00,11.23,3.7
DWLR0068,2025-04-27 00:00:00,11.28,0.1
DWLR0068,2025-04-30 00:00:00,11.19,2.1
DWLR0068,2025-05-03 00:00:00,11.16,0.9
DWLR0068,2025-05-06 00:00:00,11.21,0.9
DWLR0068,2025-05-09 00:00:00,11.19,1.0
DWLR0068,2025-05-12 00:00:00,11.11,4.6
DWLR0068,2025-05-15 00:00:00,11.14,1.0
DWLR0068,2025-05-18 00:00:00,11.11,4.7
DWLR0068,2025-05-21 00:00:00,11.08,0.2
DWLR0068,2025-05-24 00:00:00,10.98,4.0
DWLR0068,2025-05-27 00:00:00,10.96,0.3
DWLR0068,2025-05-30 00:00:00,11.09,2.4
DWLR0068,2025-06-02 00:00:00,11.02,24.1
DWLR0068,2025-06-05 00:00:00,10.92,21.5
DWLR0068,2025-06-08 00:00:00,10.77,26.3
DWLR0068,2025-06-11 00:00:00,10.75,5.2
DWLR0068,2025-06-14 00:00:00,10.64,24.8
DWLR0068,2025-06-17 00:00:00,10.53,6.9
DWLR0068,2025-06-20 00:00:00,10.45,18.1
DWLR0068,2025-06-23 00:00:00,10.37,28.2
DWLR0068,2025-06-26 00:00:00,10.25,1.3
DWLR0068,2025-06-29 00:00:00,10.16,15.5
DWLR0068,2025-07-02 00:00:00,10.17,0.4
DWLR0068,2025-07-05 00:00:00,10.1,20.0
DWLR0068,2025-07-08 00:00:00,9.97,36.2
DWLR0068,2025-07-11 00:00:00,9.92,13.1
DWLR0068,2025-07-14 00:00:00,9.77,12.6
DWLR0068,2025-07-17 00:00:00,9.62,20.9
DWLR0068,2025-07-20 00:00:00,9.57,10.7
DWLR0068,2025-07-23 00:00:00,9.61,18.7
DWLR0068,2025-07-26 00:00:00,9.6,37.9
DWLR0068,2025-07-29 00:00:00,9.62,31.0
DWLR0068,2025-08-01 00:00:00,9.58,34.5
DWLR0068,2025-08-04 00:00:00,9.51,18.3
DWLR0068,2025-08-07 00:00:00,9.47,13.4
DWLR0068,2025-08-10 00:00:00,9.43,38.7
DWLR0068,2025-08-13 00:00:00,9.37,31.7
DWLR0068,2025-08-16 00:00:00,9.35,25.2
DWLR0068,2025-08-19 00:00:00,9.35,1.1
DWLR0068,2025-08-22 00:00:00,9.36,27.7
DWLR0068,2025-08-25 00:00:00,9.2,35.0
DWLR0068,2025-08-28 00:00:00,9.18,2.6
DWLR0068,2025-08-31 00:00:00,9.14,14.1
DWLR0068,2025-09-03 00:00:00,9.16,36.5
DWLR0068,2025-09-06 00:00:00,9.16,7.6
DWLR0068,2025-09-09 00:00:00,9.09,3.0
DWLR0068,2025-09-12 00:00:00,9.01,12.0
DWLR0068,2025-09-15 00:00:00,8.86,11.6
DWLR0068,2025-09-18 00:00:00,8.83,32.0
DWLR0068,2025-09-21 00:00:00,8.77,9.7
DWLR0068,2025-09-24 00:00:00,8.73,31.7
DWLR0068,2025-09-27 00:00:00,8.71,5.8
DWLR0068,2025-09-30 00:00:00,8.64,22.3
DWLR0068,2025-10-03 00:00:00,8.7,1.8
DWLR0068,2025-10-06 00:00:00,8.8,3.4
DWLR0068,2025-10-09 00:00:00,8.82,4.0
DWLR0068,2025-10-12 00:00:00,8.78,3.8
DWLR0068,2025-10-15 00:00:00,8.75,4.3
DWLR0068,2025-10-18 00:00:00,8.76,1.4
DWLR0068,2025-10-21 00:00:00,8.81,1.7
DWLR0068,2025-10-24 00:00:00,8.88,1.4
DWLR0068,2025-10-27 00:00:00,8.97,0.6
DWLR0068,2025-10-30 00:00:00,9.02,4.1
DWLR0068,2025-11-02 00:00:00,9.0,2.8
DWLR0068,2025-11-05 00:00:00,9.03,1.1
DWLR0068,2025-11-08 00:00:00,9.14,0.4
DWLR0068,2025-11-11 00:00:00,9.12,0.7
DWLR0068,2025-11-14 00:00:00,9.2,2.8
DWLR0068,2025-11-17 00:00:00,9.15,0.0
DWLR0068,2025-11-20 00:00:00,9.2,2.2
DWLR0068,2025-11-23 00:00:00,9.24,0.1
DWLR0068,2025-11-26 00:00:00,9.33,0.2
DWLR0069,2024-06-01 00:00:00,8.08,10.2
DWLR0069,2024-06-04 00:00:00,8.09,33.7
DWLR0069,2024-06-07 00:00:00,8.16,6.6
DWLR0069,2024-06-10 00:00:00,8.24,11.9
DWLR0069,2024-06-13 00:00:00,8.31,29.1
DWLR0069,2024-06-16 00:00:00,8.4,3.8
DWLR0069,2024-06-19 00:00:00,8.45,14.8
DWLR0069,2024-06-22 00:00:00,8.56,37.6
DWLR0069,2024-06-25 00:00:00,8.69,18.3
DWLR0069,2024-06-28 00:00:00,8.8,14.5
DWLR0069,2024-07-01 00:00:00,8.88,6.5
DWLR0069,2024-07-04 00:00:00,9.0,26.6
DWLR0069,2024-07-07 00:00:00,9.03,29.0
DWLR0069,2024-07-10 00:00:00,9.1,7.8
DWLR0069,2024-07-13 00:00:00,9.19,21.8
DWLR0069,2024-07-16 00:00:00,9.24,5.7
DWLR0069,2024-07-19 00:00:00,9.21,35.3
DWLR0069,2024-07-22 00:00:00,9.3,27.6
DWLR0069,2024-07-25 00:00:00,9.34,2.7
DWLR0069,2024-07-28 00:00:00,9.5,29.8
DWLR0069,2024-07-31 00:00:00,9.58,4.4
DWLR0069,2024-08-03 00:00:00,9.65,25.8
DWLR0069,2024-08-06 00:00:00,9.6,38.2
DWLR0069,2024-08-09 00:00:00,9.68,26.2
DWLR0069,2024-08-12 00:00:00,9.72,1.2
DWLR0069,2024-08-15 00:00:00,9.68,5.6
DWLR0069,2024-08-18 00:00:00,9.77,5.2
DWLR0069,2024-08-21 00:00:00,9.89,10.1
DWLR0069,2024-08-24 00:00:00,9.98,31.7
DWLR0069,2024-08-27 00:00:00,10.07,5.9
DWLR0069,2024-08-30 00:00:00,10.11,35.7
DWLR0069,2024-09-02 00:00:00,10.25,35.1
DWLR0069,2024-09-05 00:00:00,10.26,12.0
DWLR0069,2024-09-08 00:00:00,10.34,26.7
DWLR0069,2024-09-11 00:00:00,10.42,16.4
DWLR0069,2024-09-14 00:00:00,10.46,17.2
DWLR0069,2024-09-17 00:00:00,10.58,20.1
DWLR0069,2024-09-20 00:00:00,10.61,14.8
DWLR0069,2024-09-23 00:00:00,10.71,37.5
DWLR0069,2024-09-26 00:00:00,10.79,11.7
DWLR0069,2024-09-29 00:00:00,10.77,39.5
DWLR0069,2024-10-02 00:00:00,10.91,3.8
DWLR0069,2024-10-05 00:00:00,11.06,2.3
DWLR0069,2024-10-08 00:00:00,11.28,4.5
DWLR0069,2024-10-11 00:00:00,11.4,4.8
DWLR0069,2024-10-14 00:00:00,11.62,3.0
DWLR0069,2024-10-17 00:00:00,11.72,2.2
DWLR0069,2024-10-20 00:00:00,11.87,3.1
DWLR0069,2024-10-23 00:00:00,12.0,4.9
DWLR0069,2024-10-26 00:00:00,12.17,0.6
DWLR0069,2024-10-29 00:00:00,12.34,1.8
DWLR0069,2024-11-01 00:00:00,12.47,4.6
DWLR0069,2024-11-04 00:00:00,12.58,0.3
DWLR0069,2024-11-07 00:00:00,12.72,1.9
DWLR0069,2024-11-10 00:00:00,12.87,0.4
DWLR0069,2024-11-13 00:00:00,13.07,2.6
DWLR0069,2024-11-16 00:00:00,13.1,3.4
DWLR0069,2024-11-19 00:00:00,13.24,0.3
DWLR0069,2024-11-22 00:00:00,13.39,4.1
DWLR0069,2024-11-25 00:00:00,13.51,4.9
DWLR0069,2024-11-28 00:00:00,13.61,0.7
DWLR0069,2024-12-01 00:00:00,13.7,1.7
DWLR0069,2024-12-04 00:00:00,13.9,3.0
DWLR0069,2024-12-07 00:00:00,14.0,3.0
DWLR0069,2024-12-10 00:00:00,14.12,4.6
DWLR0069,2024-12-13 00:00:00,14.2,1.1
DWLR0069,2024-12-16 00:00:00,14.4,2.9
DWLR0069,2024-12-19 00:00:00,14.6,4.8
DWLR0069,2024-12-22 00:00:00,14.73,3.7
DWLR0069,2024-12-25 00:00:00,14.98,1.3
DWLR0069,2024-12-28 00:00:00,15.11,2.5
DWLR0069,2024-12-31 00:00:00,15.3,3.8
DWLR0069,2025-01-03 00:00:00,15.49,2.7
DWLR0069,2025-01-06 00:00:00,15.61,3.1
DWLR0069,2025-01-09 00:00:00,15.7,3.7
DWLR0069,2025-01-12 00:00:00,15.8,2.7
DWLR0069,2025-01-15 00:00:00,15.85,0.4
DWLR0069,2025-01-18 00:00:00,15.98,4.3
DWLR0069,2025-01-21 00:00:00,16.16,0.4
DWLR0069,2025-01-24 00:00:00,16.23,2.4
DWLR0069,2025-01-27 00:00:00,16.33,3.7
DWLR0069,2025-01-30 00:00:00,16.49,2.8
DWLR0069,2025-02-02 00:00:00,16.58,0.5
DWLR0069,2025-02-05 00:00:00,16.75,2.0
DWLR0069,2025-02-08 00:00:00,16.83,0.8
DWLR0069,2025-02-11 00:00:00,16.91,2.4
DWLR0069,2025-02-14 00:00:00,17.03,3.0
DWLR0069,2025-02-17 00:00:00,17.18,2.2
DWLR0069,2025-02-20 00:00:00,17.41,1.4
DWLR0069,2025-02-23 00:00:00,17.56,3.0
DWLR0069,2025-02-26 00:00:00,17.68,0.3
DWLR0069,2025-03-01 00:00:00,17.88,4.3
DWLR0069,2025-03-04 00:00:00,18.02,0.2
DWLR0069,2025-03-07 00:00:00,18.17,3.1
DWLR0069,2025-03-10 00:00:00,18.32,0.3
DWLR0069,2025-03-13 00:00:00,18.46,3.4
DWLR0069,2025-03-16 00:00:00,18.6,1.7
DWLR0069,2025-03-19 00:00:00,18.7,4.1
DWLR0069,2025-03-22 00:00:00,18.83,2.0
DWLR0069,2025-03-25 00:00:00,18.98,1.3
DWLR0069,2025-03-28 00:00:00,19.14,3.2
DWLR0069,2025-03-31 00:00:00,19.34,0.7
DWLR0069,2025-04-03 00:00:00,19.5,4.2
DWLR0069,2025-04-06 00:00:00,19.65,0.7
DWLR0069,2025-04-09 00:00:00,19.83,4.9
DWLR0069,2025-04-12 00:00:00,19.95,1.8
DWLR0069,2025-04-15 00:00:00,20.14,0.7
DWLR0069,2025-04-18 00:00:00,20.33,0.6
DWLR0069,2025-04-21 00:00:00,20.57,0.7
DWLR0069,2025-04-24 00:00:00,20.7,1.3
DWLR0069,2025-04-27 00:00:00,20.9,2.3
DWLR0069,2025-04-30 00:00:00,21.07,3.6
DWLR0069,2025-05-03 00:00:00,21.21,0.9
DWLR0069,2025-05-06 00:00:00,21.35,1.7
DWLR0069,2025-05-09 00:00:00,21.48,4.6
DWLR0069,2025-05-12 00:00:00,21.59,2.9
DWLR0069,2025-05-15 00:00:00,21.85,2.0
DWLR0069,2025-05-18 00:00:00,22.04,3.3
DWLR0069,2025-05-21 00:00:00,22.26,2.4
DWLR0069,2025-05-24 00:00:00,22.44,4.4
DWLR0069,2025-05-27 00:00:00,22.62,1.0
DWLR0069,2025-05-30 00:00:00,22.79,0.5
DWLR0069,2025-06-02 00:00:00,22.91,5.8
DWLR0069,2025-06-05 00:00:00,22.96,8.9
DWLR0069,2025-06-08 00:00:00,23.03,22.5
DWLR0069,2025-06-11 00:00:00,23.24,18.5
DWLR0069,2025-06-14 00:00:00,23.32,13.2
DWLR0069,2025-06-17 00:00:00,23.46,4.8
DWLR0069,2025-06-20 00:00:00,23.51,21.9
DWLR0069,2025-06-23 00:00:00,23.58,9.9
DWLR0069,2025-06-26 00:00:00,23.56,36.1
DWLR0069,2025-06-29 00:00:00,23.64,36.1
DWLR0069,2025-07-02 00:00:00,23.76,2.1
DWLR0069,2025-07-05 00:00:00,23.78,14.3
DWLR0069,2025-07-08 00:00:00,23.82,29.5
DWLR0069,2025-07-11 00:00:00,23.74,11.3
DWLR0069,2025-07-14 00:00:00,23.67,30.4
DWLR0069,2025-07-17 00:00:00,23.73,10.0
DWLR0069,2025-07-20 00:00:00,23.83,32.6
DWLR0069,2025-07-23 00:00:00,23.89,15.3
DWLR0069,2025-07-26 00:00:00,23.97,5.5
DWLR0069,2025-07-29 00:00:00,24.09,13.3
DWLR0069,2025-08-01 00:00:00,24.16,20.4
DWLR0069,2025-08-04 00:00:00,24.31,37.0
DWLR0069,2025-08-07 00:00:00,24.44,36.3
DWLR0069,2025-08-10 00:00:00,24.49,4.1
DWLR0069,2025-08-13 00:00:00,24.61,0.9
DWLR0069,2025-08-16 00:00:00,24.71,39.4
DWLR0069,2025-08-19 00:00:00,24.86,0.6
DWLR0069,2025-08-22 00:00:00,24.85,26.2
DWLR0069,2025-08-25 00:00:00,24.93,35.2
DWLR0069,2025-08-28 00:00:00,24.99,20.9
DWLR0069,2025-08-31 00:00:00,25.12,24.5
DWLR0069,2025-09-03 00:00:00,25.21,1.9
DWLR0069,2025-09-06 00:00:00,25.27,32.6
DWLR0069,2025-09-09 00:00:00,25.36,21.8
DWLR0069,2025-09-12 00:00:00,25.38,23.8
DWLR0069,2025-09-15 00:00:00,25.46,13.5
DWLR0069,2025-09-18 00:00:00,25.47,35.2
DWLR0069,2025-09-21 00:00:00,25.54,36.9
DWLR0069,2025-09-24 00:00:00,25.7,11.8
DWLR0069,2025-09-27 00:00:00,25.88,34.7
DWLR0069,2025-09-30 00:00:00,25.95,24.3
DWLR0069,2025-10-03 00:00:00,26.12,0.6
DWLR0069,2025-10-06 00:00:00,26.23,3.2
DWLR0069,2025-10-09 00:00:00,26.33,0.5
DWLR0069,2025-10-12 00:00:00,26.51,4.8
DWLR0069,2025-10-15 00:00:00,26.64,2.6
DWLR0069,2025-10-18 00:00:00,26.81,3.5
DWLR0069,2025-10-21 00:00:00,27.0,4.9
DWLR0069,2025-10-24 00:00:00,27.08,2.5
DWLR0069,2025-10-27 00:00:00,27.22,2.1
DWLR0069,2025-10-30 00:00:00,27.39,1.8
DWLR0069,2025-11-02 00:00:00,27.6,1.8
DWLR0069,2025-11-05 00:00:00,27.78,4.9
DWLR0069,2025-11-08 00:00:00,27.91,3.8
DWLR0069,2025-11-11 00:00:00,28.08,4.1
DWLR0069,2025-11-14 00:00:00,28.14,3.2
DWLR0069,2025-11-17 00:00:00,28.25,3.5
DWLR0069,2025-11-20 00:00:00,28.43,0.7
DWLR0069,2025-11-23 00:00:00,28.59,3.3
DWLR0069,2025-11-26 00:00:00,28.8,2.4
DWLR0070,2024-06-01 00:00:00,11.87,34.4
DWLR0070,2024-06-04 00:00:00,11.88,17.7
DWLR0070,2024-06-07 00:00:00,11.95,34.6
DWLR0070,2024-06-10 00:00:00,11.86,32.0
DWLR0070,2024-06-13 00:00:00,11.89,28.4
DWLR0070,2024-06-16 00:00:00,11.9,32.4
DWLR0070,2024-06-19 00:00:00,11.94,19.4
DWLR0070,2024-06-22 00:00:00,11.86,27.7
DWLR0070,2024-06-25 00:00:00,11.83,20.3
DWLR0070,2024-06-28 00:00:00,11.9,11.8
DWLR0070,2024-07-01 00:00:00,11.95,23.2
DWLR0070,2024-07-04 00:00:00,11.99,1.9
DWLR0070,2024-07-07 00:00:00,11.92,20.1
DWLR0070,2024-07-10 00:00:00,11.92,27.8
DWLR0070,2024-07-13 00:00:00,11.89,35.0
DWLR0070,2024-07-16 00:00:00,11.85,20.4
DWLR0070,2024-07-19 00:00:00,11.83,15.0
DWLR0070,2024-07-22 00:00:00,11.83,33.3
DWLR0070,2024-07-25 00:00:00,11.84,37.0
DWLR0070,2024-07-28 00:00:00,11.8,8.1
DWLR0070,2024-07-31 00:00:00,11.78,10.7
DWLR0070,2024-08-03 00:00:00,11.79,32.2
DWLR0070,2024-08-06 00:00:00,11.71,25.6
DWLR0070,2024-08-09 00:00:00,11.6,8.7
DWLR0070,2024-08-12 00:00:00,11.53,4.2
DWLR0070,2024-08-15 00:00:00,11.57,35.6
DWLR0070,2024-08-18 00:00:00,11.59,19.2
DWLR0070,2024-08-21 00:00:00,11.6,33.5
DWLR0070,2024-08-24 00:00:00,11.52,38.7
DWLR0070,2024-08-27 00:00:00,11.55,23.5
DWLR0070,2024-08-30 00:00:00,11.5,25.8
DWLR0070,2024-09-02 00:00:00,11.55,22.3
DWLR0070,2024-09-05 00:00:00,11.54,19.5
DWLR0070,2024-09-08 00:00:00,11.57,4.8
DWLR0070,2024-09-11 00:00:00,11.6,21.4
DWLR0070,2024-09-14 00:00:00,11.59,26.3
DWLR0070,2024-09-17 00:00:00,11.64,25.0
DWLR0070,2024-09-20 00:00:00,11.65,9.5
DWLR0070,2024-09-23 00:00:00,11.61,38.7
DWLR0070,2024-09-26 00:00:00,11.54,33.0
DWLR0070,2024-09-29 00:00:00,11.55,5.0
DWLR0070,2024-10-02 00:00:00,11.71,2.6
DWLR0070,2024-10-05 00:00:00,11.77,0.7
DWLR0070,2024-10-08 00:00:00,11.86,2.9
DWLR0070,2024-10-11 00:00:00,12.07,2.6
DWLR0070,2024-10-14 00:00:00,12.19,2.0
DWLR0070,2024-10-17 00:00:00,12.28,3.5
DWLR0070,2024-10-20 00:00:00,12.46,0.9
DWLR0070,2024-10-23 00:00:00,12.61,4.1
DWLR0070,2024-10-26 00:00:00,12.66,4.2
DWLR0070,2024-10-29 00:00:00,12.78,3.3
DWLR0070,2024-11-01 00:00:00,12.95,3.0
DWLR0070,2024-11-04 00:00:00,13.13,1.8
DWLR0070,2024-11-07 00:00:00,13.22,0.3
DWLR0070,2024-11-10 00:00:00,13.29,4.7
DWLR0070,2024-11-13 00:00:00,13.31,3.3
DWLR0070,2024-11-16 00:00:00,13.4,3.4
DWLR0070,2024-11-19 00:00:00,13.52,0.2
DWLR0070,2024-11-22 00:00:00,13.59,2.0
DWLR0070,2024-11-25 00:00:00,13.62,1.2
DWLR0070,2024-11-28 00:00:00,13.78,0.7
DWLR0070,2024-12-01 00:00:00,13.89,0.3
DWLR0070,2024-12-04 00:00:00,14.01,2.9
DWLR0070,2024-12-07 00:00:00,14.1,2.1
DWLR0070,2024-12-10 00:00:00,14.17,1.8
DWLR0070,2024-12-13 00:00:00,14.2,4.1
DWLR0070,2024-12-16 00:00:00,14.29,3.7
DWLR0070,2024-12-19 00:00:00,14.41,0.3
DWLR0070,2024-12-22 00:00:00,14.58,1.4
DWLR0070,2024-12-25 00:00:00,14.59,1.5
DWLR0070,2024-12-28 00:00:00,14.68,1.1
DWLR0070,2024-12-31 00:00:00,14.74,3.8
DWLR0070,2025-01-03 00:00:00,14.87,2.9
DWLR0070,2025-01-06 00:00:00,14.99,2.0
DWLR0070,2025-01-09 00:00:00,15.09,4.9
DWLR0070,2025-01-12 00:00:00,15.09,2.6
DWLR0070,2025-01-15 00:00:00,15.16,3.6
DWLR0070,2025-01-18 00:00:00,15.34,2.2
DWLR0070,2025-01-21 00:00:00,15.46,1.0
DWLR0070,2025-01-24 00:00:00,15.64,0.8
DWLR0070,2025-01-27 00:00:00,15.82,1.1
DWLR0070,2025-01-30 00:00:00,15.88,2.1
DWLR0070,2025-02-02 00:00:00,15.93,3.7
DWLR0070,2025-02-05 00:00:00,16.01,4.1
DWLR0070,2025-02-08 00:00:00,16.1,4.7
DWLR0070,2025-02-11 00:00:00,16.17,3.2
DWLR0070,2025-02-14 00:00:00,16.31,2.4
DWLR0070,2025-02-17 00:00:00,16.38,1.5
DWLR0070,2025-02-20 00:00:00,16.41,1.9
DWLR0070,2025-02-23 00:00:00,16.51,2.0
DWLR0070,2025-02-26 00:00:00,16.6,1.4
DWLR0070,2025-03-01 00:00:00,16.73,1.2
DWLR0070,2025-03-04 00:00:00,16.89,1.6
DWLR0070,2025-03-07 00:00:00,16.91,4.9
DWLR0070,2025-03-10 00:00:00,16.99,1.1
DWLR0070,2025-03-13 00:00:00,17.06,3.6
DWLR0070,2025-03-16 00:00:00,17.18,4.1
DWLR0070,2025-03-19 00:00:00,17.24,2.3
DWLR0070,2025-03-22 00:00:00,17.37,3.8
DWLR0070,2025-03-25 00:00:00,17.57,0.1
DWLR0070,2025-03-28 00:00:00,17.63,4.5
DWLR0070,2025-03-31 00:00:00,17.67,4.8
DWLR0070,2025-04-03 00:00:00,17.83,2.5
DWLR0070,2025-04-06 00:00:00,17.94,1.9
DWLR0070,2025-04-09 00:00:00,18.14,2.9
DWLR0070,2025-04-12 00:00:00,18.25,3.8
DWLR0070,2025-04-15 00:00:00,18.37,2.2
DWLR0070,2025-04-18 00:00:00,18.45,3.0
DWLR0070,2025-04-21 00:00:00,18.55,4.4
DWLR0070,2025-04-24 00:00:00,18.72,3.2
DWLR0070,2025-04-27 00:00:00,18.78,1.3
DWLR0070,2025-04-30 00:00:00,18.82,0.5
DWLR0070,2025-05-03 00:00:00,18.93,2.9
DWLR0070,2025-05-06 00:00:00,19.07,4.8
DWLR0070,2025-05-09 00:00:00,19.18,4.0
DWLR0070,2025-05-12 00:00:00,19.29,0.7
DWLR0070,2025-05-15 00:00:00,19.44,2.8
DWLR0070,2025-05-18 00:00:00,19.43,2.3
DWLR0070,2025-05-21 00:00:00,19.53,3.6
DWLR0070,2025-05-24 00:00:00,19.65,2.2
DWLR0070,2025-05-27 00:00:00,19.72,3.0
DWLR0070,2025-05-30 00:00:00,19.81,0.2
DWLR0070,2025-06-02 00:00:00,19.71,1.6
DWLR0070,2025-06-05 00:00:00,19.71,34.2
DWLR0070,2025-06-08 00:00:00,19.68,38.3
DWLR0070,2025-06-11 00:00:00,19.6,7.7
DWLR0070,2025-06-14 00:00:00,19.53,7.8
DWLR0070,2025-06-17 00:00:00,19.55,34.6
DWLR0070,2025-06-20 00:00:00,19.5,28.5
DWLR0070,2025-06-23 00:00:00,19.45,12.2
DWLR0070,2025-06-26 00:00:00,19.44,6.1
DWLR0070,2025-06-29 00:00:00,19.42,14.0
DWLR0070,2025-07-02 00:00:00,19.42,17.6
DWLR0070,2025-07-05 00:00:00,19.44,25.5
DWLR0070,2025-07-08 00:00:00,19.5,5.9
DWLR0070,2025-07-11 00:00:00,19.52,2.4
DWLR0070,2025-07-14 00:00:00,19.58,2.6
DWLR0070,2025-07-17 00:00:00,19.54,8.8
DWLR0070,2025-07-20 00:00:00,19.54,4.0
DWLR0070,2025-07-23 00:00:00,19.51,8.8
DWLR0070,2025-07-26 00:00:00,19.5,11.7
DWLR0070,2025-07-29 00:00:00,19.51,39.2
DWLR0070,2025-08-01 00:00:00,19.54,37.4
DWLR0070,2025-08-04 00:00:00,19.52,21.9
DWLR0070,2025-08-07 00:00:00,19.53,7.9
DWLR0070,2025-08-10 00:00:00,19.54,13.5
DWLR0070,2025-08-13 00:00:00,19.49,13.2
DWLR0070,2025-08-16 00:00:00,19.47,38.0
DWLR0070,2025-08-19 00:00:00,19.5,31.7
DWLR0070,2025-08-22 00:00:00,19.44,34.7
DWLR0070,2025-08-25 00:00:00,19.44,28.5
DWLR0070,2025-08-28 00:00:00,19.45,39.8
DWLR0070,2025-08-31 00:00:00,19.43,37.9
DWLR0070,2025-09-03 00:00:00,19.42,2.5
DWLR0070,2025-09-06 00:00:00,19.36,0.4
DWLR0070,2025-09-09 00:00:00,19.44,31.8
DWLR0070,2025-09-12 00:00:00,19.47,15.3
DWLR0070,2025-09-15 00:00:00,19.48,9.4
DWLR0070,2025-09-18 00:00:00,19.53,5.1
DWLR0070,2025-09-21 00:00:00,19.54,31.2
DWLR0070,2025-09-24 00:00:00,19.5,15.3
DWLR0070,2025-09-27 00:00:00,19.48,13.2
DWLR0070,2025-09-30 00:00:00,19.54,17.4
DWLR0070,2025-10-03 00:00:00,19.69,0.8
DWLR0070,2025-10-06 00:00:00,19.84,2.4
DWLR0070,2025-10-09 00:00:00,19.87,3.5
DWLR0070,2025-10-12 00:00:00,20.09,0.9
DWLR0070,2025-10-15 00:00:00,20.22,2.6
DWLR0070,2025-10-18 00:00:00,20.39,2.5
DWLR0070,2025-10-21 00:00:00,20.39,2.9
DWLR0070,2025-10-24 00:00:00,20.59,3.1
DWLR0070,2025-10-27 00:00:00,20.75,2.1
DWLR0070,2025-10-30 00:00:00,20.93,5.0
DWLR0070,2025-11-02 00:00:00,20.9,4.5
DWLR0070,2025-11-05 00:00:00,21.01,0.2
DWLR0070,2025-11-08 00:00:00,21.09,3.9
DWLR0070,2025-11-11 00:00:00,21.22,0.4
DWLR0070,2025-11-14 00:00:00,21.29,1.4
DWLR0070,2025-11-17 00:00:00,21.39,1.1
DWLR0070,2025-11-20 00:00:00,21.49,2.3
DWLR0070,2025-11-23 00:00:00,21.62,0.7
DWLR0070,2025-11-26 00:00:00,21.66,2.9
DWLR0071,2024-06-01 00:00:00,22.14,4.5
DWLR0071,2024-06-04 00:00:00,22.11,18.1
DWLR0071,2024-06-07 00:00:00,22.0,22.5
DWLR0071,2024-06-10 00:00:00,21.93,25.9
DWLR0071,2024-06-13 00:00:00,21.87,35.9
DWLR0071,2024-06-16 00:00:00,21.79,22.5
DWLR0071,2024-06-19 00:00:00,21.72,6.8
DWLR0071,2024-06-22 00:00:00,21.7,28.1
DWLR0071,2024-06-25 00:00:00,21.66,6.4
DWLR0071,2024-06-28 00:00:00,21.55,34.0
DWLR0071,2024-07-01 00:00:00,21.52,39.1
DWLR0071,2024-07-04 00:00:00,21.46,32.7
DWLR0071,2024-07-07 00:00:00,21.43,1.7
DWLR0071,2024-07-10 00:00:00,21.42,37.8
DWLR0071,2024-07-13 00:00:00,21.3,26.5
DWLR0071,2024-07-16 00:00:00,21.22,13.6
DWLR0071,2024-07-19 00:00:00,21.21,31.8
DWLR0071,2024-07-22 00:00:00,21.19,8.6
DWLR0071,2024-07-25 00:00:00,21.1,19.1
DWLR0071,2024-07-28 00:00:00,21.03,6.2
DWLR0071,2024-07-31 00:00:00,20.95,11.1
DWLR0071,2024-08-03 00:00:00,20.82,38.5
DWLR0071,2024-08-06 00:00:00,20.78,14.0
DWLR0071,2024-08-09 00:00:00,20.79,10.0
DWLR0071,2024-08-12 00:00:00,20.71,17.7
DWLR0071,2024-08-15 00:00:00,20.65,4.5
DWLR0071,2024-08-18 00:00:00,20.6,39.8
DWLR0071,2024-08-21 00:00:00,20.58,19.6
DWLR0071,2024-08-24 00:00:00,20.56,3.5
DWLR0071,2024-08-27 00:00:00,20.45,15.8
DWLR0071,2024-08-30 00:00:00,20.44,33.4
DWLR0071,2024-09-02 00:00:00,20.45,1.7
DWLR0071,2024-09-05 00:00:00,20.42,13.5
DWLR0071,2024-09-08 00:00:00,20.35,17.4
DWLR0071,2024-09-11 00:00:00,20.34,22.4
DWLR0071,2024-09-14 00:00:00,20.34,11.5
DWLR0071,2024-09-17 00:00:00,20.34,19.5
DWLR0071,2024-09-20 00:00:00,20.26,36.3
DWLR0071,2024-09-23 00:00:00,20.15,16.8
DWLR0071,2024-09-26 00:00:00,20.09,8.6
DWLR0071,2024-09-29 00:00:00,19.94,16.5
DWLR0071,2024-10-02 00:00:00,20.03,3.9
DWLR0071,2024-10-05 00:00:00,20.09,4.7
DWLR0071,2024-10-08 00:00:00,20.21,3.4
DWLR0071,2024-10-11 00:00:00,20.27,3.7
DWLR0071,2024-10-14 00:00:00,20.37,5.0
DWLR0071,2024-10-17 00:00:00,20.39,4.9
DWLR0071,2024-10-20 00:00:00,20.5,3.9
DWLR0071,2024-10-23 00:00:00,20.54,1.0
DWLR0071,2024-10-26 00:00:00,20.6,0.9
DWLR0071,2024-10-29 00:00:00,20.59,1.2
DWLR0071,2024-11-01 00:00:00,20.66,1.6
DWLR0071,2024-11-04 00:00:00,20.65,1.5
DWLR0071,2024-11-07 00:00:00,20.73,1.5
DWLR0071,2024-11-10 00:00:00,20.7,2.9
DWLR0071,2024-11-13 00:00:00,20.69,0.7
DWLR0071,2024-11-16 00:00:00,20.65,2.5
DWLR0071,2024-11-19 00:00:00,20.65,4.1
DWLR0071,2024-11-22 00:00:00,20.73,2.2
DWLR0071,2024-11-25 00:00:00,20.81,4.0
DWLR0071,2024-11-28 00:00:00,20.82,2.3
DWLR0071,2024-12-01 00:00:00,20.87,1.9
DWLR0071,2024-12-04 00:00:00,20.88,4.4
DWLR0071,2024-12-07 00:00:00,20.92,0.9
DWLR0071,2024-12-10 00:00:00,20.99,1.4
DWLR0071,2024-12-13 00:00:00,20.96,2.2
DWLR0071,2024-12-16 00:00:00,20.91,0.7
DWLR0071,2024-12-19 00:00:00,20.94,3.2
DWLR0071,2024-12-22 00:00:00,21.08,2.8
DWLR0071,2024-12-25 00:00:00,21.13,4.7
DWLR0071,2024-12-28 00:00:00,21.2,4.5
DWLR0071,2024-12-31 00:00:00,21.23,3.2
DWLR0071,2025-01-03 00:00:00,21.3,3.0
DWLR0071,2025-01-06 00:00:00,21.36,1.4
DWLR0071,2025-01-09 00:00:00,21.43,4.3
DWLR0071,2025-01-12 00:00:00,21.51,3.0
DWLR0071,2025-01-15 00:00:00,21.46,2.1
DWLR0071,2025-01-18 00:00:00,21.47,3.4
DWLR0071,2025-01-21 00:00:00,21.46,0.4
DWLR0071,2025-01-24 00:00:00,21.49,2.0
DWLR0071,2025-01-27 00:00:00,21.51,0.4
DWLR0071,2025-01-30 00:00:00,21.59,4.7
DWLR0071,2025-02-02 00:00:00,21.73,1.3
DWLR0071,2025-02-05 00:00:00,21.72,4.3
DWLR0071,2025-02-08 00:00:00,21.86,0.4
DWLR0071,2025-02-11 00:00:00,21.85,4.0
DWLR0071,2025-02-14 00:00:00,21.88,0.4
DWLR0071,2025-02-17 00:00:00,21.98,1.5
DWLR0071,2025-02-20 00:00:00,22.1,0.8
DWLR0071,2025-02-23 00:00:00,22.13,3.0
DWLR0071,2025-02-26 00:00:00,22.25,4.5
DWLR0071,2025-03-01 00:00:00,22.23,4.5
DWLR0071,2025-03-04 00:00:00,22.24,1.5
DWLR0071,2025-03-07 00:00:00,22.32,3.1
DWLR0071,2025-03-10 00:00:00,22.34,4.8
DWLR0071,2025-03-13 00:00:00,22.35,4.4
DWLR0071,2025-03-16 00:00:00,22.44,1.4
DWLR0071,2025-03-19 00:00:00,22.55,0.2
DWLR0071,2025-03-22 00:00:00,22.65,3.7
DWLR0071,2025-03-25 00:00:00,22.67,3.7
DWLR0071,2025-03-28 00:00:00,22.72,3.7
DWLR0071,2025-03-31 00:00:00,22.76,3.7
DWLR0071,2025-04-03 00:00:00,22.82,0.7
DWLR0071,2025-04-06 00:00:00,22.81,0.8
DWLR0071,2025-04-09 00:00:00,22.91,1.8
DWLR0071,2025-04-12 00:00:00,22.9,4.5
DWLR0071,2025-04-15 00:00:00,22.91,4.6
DWLR0071,2025-04-18 00:00:00,22.92,3.9
DWLR0071,2025-04-21 00:00:00,22.94,3.1
DWLR0071,2025-04-24 00:00:00,22.95,1.1
DWLR0071,2025-04-27 00:00:00,22.92,0.5
DWLR0071,2025-04-30 00:00:00,22.94,4.8
DWLR0071,2025-05-03 00:00:00,22.95,3.0
DWLR0071,2025-05-06 00:00:00,22.95,0.0
DWLR0071,2025-05-09 00:00:00,23.03,4.9
DWLR0071,2025-05-12 00:00:00,23.06,0.2
DWLR0071,2025-05-15 00:00:00,23.15,2.2
DWLR0071,2025-05-18 00:00:00,23.18,4.8
DWLR0071,2025-05-21 00:00:00,23.25,0.2
DWLR0071,2025-05-24 00:00:00,23.27,4.3
DWLR0071,2025-05-27 00:00:00,23.29,4.3
DWLR0071,2025-05-30 00:00:00,23.38,4.7
DWLR0071,2025-06-02 00:00:00,23.37,19.2
DWLR0071,2025-06-05 00:00:00,23.32,11.3
DWLR0071,2025-06-08 00:00:00,23.25,17.1
DWLR0071,2025-06-11 00:00:00,23.16,15.1
DWLR0071,2025-06-14 00:00:00,23.11,38.2
DWLR0071,2025-06-17 00:00:00,23.02,32.0
DWLR0071,2025-06-20 00:00:00,23.1,28.3
DWLR0071,2025-06-23 00:00:00,23.08,35.8
DWLR0071,2025-06-26 00:00:00,23.1,9.7
DWLR0071,2025-06-29 00:00:00,23.1,35.0
DWLR0071,2025-07-02 00:00:00,23.04,28.6
DWLR0071,2025-07-05 00:00:00,22.96,15.1
DWLR0071,2025-07-08 00:00:00,22.83,24.1
DWLR0071,2025-07-11 00:00:00,22.83,35.2
DWLR0071,2025-07-14 00:00:00,22.84,6.7
DWLR0071,2025-07-17 00:00:00,22.79,7.7
DWLR0071,2025-07-20 00:00:00,22.67,38.1
DWLR0071,2025-07-23 00:00:00,22.68,19.8
DWLR0071,2025-07-26 00:00:00,22.61,9.0
DWLR0071,2025-07-29 00:00:00,22.47,12.1
DWLR0071,2025-08-01 00:00:00,22.41,34.0
DWLR0071,2025-08-04 00:00:00,22.36,33.2
DWLR0071,2025-08-07 00:00:00,22.25,1.2
DWLR0071,2025-08-10 00:00:00,22.21,10.3
DWLR0071,2025-08-13 00:00:00,22.19,13.2
DWLR0071,2025-08-16 00:00:00,22.13,33.2
DWLR0071,2025-08-19 00:00:00,22.09,4.2
DWLR0071,2025-08-22 00:00:00,22.06,35.4
DWLR0071,2025-08-25 00:00:00,21.91,22.5
DWLR0071,2025-08-28 00:00:00,21.81,3.9
DWLR0071,2025-08-31 00:00:00,21.72,10.2
DWLR0071,2025-09-03 00:00:00,21.64,5.3
DWLR0071,2025-09-06 00:00:00,21.61,23.0
DWLR0071,2025-09-09 00:00:00,21.52,17.3
DWLR0071,2025-09-12 00:00:00,21.47,31.6
DWLR0071,2025-09-15 00:00:00,21.36,22.1
DWLR0071,2025-09-18 00:00:00,21.4,3.5
DWLR0071,2025-09-21 00:00:00,21.31,29.1
DWLR0071,2025-09-24 00:00:00,21.31,5.1
DWLR0071,2025-09-27 00:00:00,21.27,27.4
DWLR0071,2025-09-30 00:00:00,21.27,13.5
DWLR0071,2025-10-03 00:00:00,21.29,0.2
DWLR0071,2025-10-06 00:00:00,21.39,4.4
DWLR0071,2025-10-09 00:00:00,21.39,4.5
DWLR0071,2025-10-12 00:00:00,21.42,4.6
DWLR0071,2025-10-15 00:00:00,21.52,4.4
DWLR0071,2025-10-18 00:00:00,21.48,4.3
DWLR0071,2025-10-21 00:00:00,21.59,4.2
DWLR0071,2025-10-24 00:00:00,21.61,1.4
DWLR0071,2025-10-27 00:00:00,21.64,1.0
DWLR0071,2025-10-30 00:00:00,21.77,4.1
DWLR0071,2025-11-02 00:00:00,21.77,0.8
DWLR0071,2025-11-05 00:00:00,21.87,1.1
DWLR0071,2025-11-08 00:00:00,21.92,4.2
DWLR0071,2025-11-11 00:00:00,21.97,0.3
DWLR0071,2025-11-14 00:00:00,21.95,3.7
DWLR0071,2025-11-17 00:00:00,21.99,0.8
DWLR0071,2025-11-20 00:00:00,22.04,1.5
DWLR0071,2025-11-23 00:00:00,22.09,4.9
DWLR0071,2025-11-26 00:00:00,22.1,2.6
DWLR0072,2024-06-01 00:00:00,9.55,27.4
DWLR0072,2024-06-04 00:00:00,9.63,14.3
DWLR0072,2024-06-07 00:00:00,9.68,11.3
DWLR0072,2024-06-10 00:00:00,9.77,35.6
DWLR0072,2024-06-13 00:00:00,9.89,25.9
DWLR0072,2024-06-16 00:00:00,9.99,33.9
DWLR0072,2024-06-19 00:00:00,10.15,21.7
DWLR0072,2024-06-22 00:00:00,10.19,36.4
DWLR0072,2024-06-25 00:00:00,10.33,19.2
DWLR0072,2024-06-28 00:00:00,10.43,14.9
DWLR0072,2024-07-01 00:00:00,10.58,7.0
DWLR0072,2024-07-04 00:00:00,10.69,6.2
DWLR0072,2024-07-07 00:00:00,10.7,28.6
DWLR0072,2024-07-10 00:00:00,10.72,2.1
DWLR0072,2024-07-13 00:00:00,10.74,35.4
DWLR0072,2024-07-16 00:00:00,10.87,25.2
DWLR0072,2024-07-19 00:00:00,11.0,13.7
DWLR0072,2024-07-22 00:00:00,11.06,22.4
DWLR0072,2024-07-25 00:00:00,11.15,17.9
DWLR0072,2024-07-28 00:00:00,11.23,13.3
DWLR0072,2024-07-31 00:00:00,11.25,23.1
DWLR0072,2024-08-03 00:00:00,11.3,33.0
DWLR0072,2024-08-06 00:00:00,11.37,35.4
DWLR0072,2024-08-09 00:00:00,11.42,33.7
DWLR0072,2024-08-12 00:00:00,11.58,32.9
DWLR0072,2024-08-15 00:00:00,11.56,34.7
DWLR0072,2024-08-18 00:00:00,11.61,29.6
DWLR0072,2024-08-21 00:00:00,11.71,31.5
DWLR0072,2024-08-24 00:00:00,11.8,9.9
DWLR0072,2024-08-27 00:00:00,11.81,18.5
DWLR0072,2024-08-30 00:00:00,11.91,7.0
DWLR0072,2024-09-02 00:00:00,12.04,25.4
DWLR0072,2024-09-05 00:00:00,12.14,27.0
DWLR0072,2024-09-08 00:00:00,12.14,3.0
DWLR0072,2024-09-11 00:00:00,12.22,4.9
DWLR0072,2024-09-14 00:00:00,12.26,19.7
DWLR0072,2024-09-17 00:00:00,12.24,14.8
DWLR0072,2024-09-20 00:00:00,12.32,24.6
DWLR0072,2024-09-23 00:00:00,12.42,10.9
DWLR0072,2024-09-26 00:00:00,12.51,20.7
DWLR0072,2024-09-29 00:00:00,12.61,23.1
DWLR0072,2024-10-02 00:00:00,12.82,4.3
DWLR0072,2024-10-05 00:00:00,12.96,0.3
DWLR0072,2024-10-08 00:00:00,13.1,4.7
DWLR0072,2024-10-11 00:00:00,13.27,2.9
DWLR0072,2024-10-14 00:00:00,13.42,3.8
DWLR0072,2024-10-17 00:00:00,13.63,2.7
DWLR0072,2024-10-20 00:00:00,13.87,3.4
DWLR0072,2024-10-23 00:00:00,14.08,0.4
DWLR0072,2024-10-26 00:00:00,14.32,3.7
DWLR0072,2024-10-29 00:00:00,14.38,1.9
DWLR0072,2024-11-01 00:00:00,14.51,2.7
DWLR0072,2024-11-04 00:00:00,14.66,4.5
DWLR0072,2024-11-07 00:00:00,14.9,0.5
DWLR0072,2024-11-10 00:00:00,15.02,4.0
DWLR0072,2024-11-13 00:00:00,15.17,3.6
DWLR0072,2024-11-16 00:00:00,15.26,1.2
DWLR0072,2024-11-19 00:00:00,15.49,4.8
DWLR0072,2024-11-22 00:00:00,15.68,3.9
DWLR0072,2024-11-25 00:00:00,15.9,3.5
DWLR0072,2024-11-28 00:00:00,16.11,1.8
DWLR0072,2024-12-01 00:00:00,16.32,4.7
DWLR0072,2024-12-04 00:00:00,16.5,2.1
DWLR0072,2024-12-07 00:00:00,16.65,1.5
DWLR0072,2024-12-10 00:00:00,16.71,3.7
DWLR0072,2024-12-13 00:00:00,16.92,2.3
DWLR0072,2024-12-16 00:00:00,17.07,2.4
DWLR0072,2024-12-19 00:00:00,17.32,3.8
DWLR0072,2024-12-22 00:00:00,17.41,3.4
DWLR0072,2024-12-25 00:00:00,17.54,4.4
DWLR0072,2024-12-28 00:00:00,17.74,4.9
DWLR0072,2024-12-31 00:00:00,17.95,1.1
DWLR0072,2025-01-03 00:00:00,18.08,2.2
DWLR0072,2025-01-06 00:00:00,18.3,4.9
DWLR0072,2025-01-09 00:00:00,18.48,4.7
DWLR0072,2025-01-12 00:00:00,18.61,2.7
DWLR0072,2025-01-15 00:00:00,18.79,0.7
DWLR0072,2025-01-18 00:00:00,18.97,4.2
DWLR0072,2025-01-21 00:00:00,19.16,1.3
DWLR0072,2025-01-24 00:00:00,19.37,3.2
DWLR0072,2025-01-27 00:00:00,19.54,1.4
DWLR0072,2025-01-30 00:00:00,19.76,3.9
DWLR0072,2025-02-02 00:00:00,20.04,0.7
DWLR0072,2025-02-05 00:00:00,20.14,0.7
DWLR0072,2025-02-08 00:00:00,20.34,4.0
DWLR0072,2025-02-11 00:00:00,20.57,1.8
DWLR0072,2025-02-14 00:00:00,20.72,0.7
DWLR0072,2025-02-17 00:00:00,20.86,1.3
DWLR0072,2025-02-20 00:00:00,21.04,0.5
DWLR0072,2025-02-23 00:00:00,21.26,3.5
DWLR0072,2025-02-26 00:00:00,21.41,2.1
DWLR0072,2025-03-01 00:00:00,21.54,2.4
DWLR0072,2025-03-04 00:00:00,21.69,1.8
DWLR0072,2025-03-07 00:00:00,21.98,1.3
DWLR0072,2025-03-10 00:00:00,22.17,0.6
DWLR0072,2025-03-13 00:00:00,22.34,3.9
DWLR0072,2025-03-16 00:00:00,22.45,3.4
DWLR0072,2025-03-19 00:00:00,22.65,1.9
DWLR0072,2025-03-22 00:00:00,22.83,3.0
DWLR0072,2025-03-25 00:00:00,22.99,1.8
DWLR0072,2025-03-28 00:00:00,23.22,3.9
DWLR0072,2025-03-31 00:00:00,23.42,1.2
DWLR0072,2025-04-03 00:00:00,23.64,5.0
DWLR0072,2025-04-06 00:00:00,23.88,3.6
DWLR0072,2025-04-09 00:00:00,24.09,3.4
DWLR0072,2025-04-12 00:00:00,24.19,2.6
DWLR0072,2025-04-15 00:00:00,24.35,0.3
DWLR0072,2025-04-18 00:00:00,24.6,3.7
DWLR0072,2025-04-21 00:00:00,24.7,2.8
DWLR0072,2025-04-24 00:00:00,24.82,4.7
DWLR0072,2025-04-27 00:00:00,24.99,2.4
DWLR0072,2025-04-30 00:00:00,25.15,3.9
DWLR0072,2025-05-03 00:00:00,25.36,1.5
DWLR0072,2025-05-06 00:00:00,25.51,1.5
DWLR0072,2025-05-09 00:00:00,25.63,0.7
DWLR0072,2025-05-12 00:00:00,25.86,2.9
DWLR0072,2025-05-15 00:00:00,26.04,1.1
DWLR0072,2025-05-18 00:00:00,26.13,0.7
DWLR0072,2025-05-21 00:00:00,26.42,0.5
DWLR0072,2025-05-24 00:00:00,26.59,1.0
DWLR0072,2025-05-27 00:00:00,26.81,0.6
DWLR0072,2025-05-30 00:00:00,26.9,4.7
DWLR0072,2025-06-02 00:00:00,27.04,29.0
DWLR0072,2025-06-05 00:00:00,27.16,0.3
DWLR0072,2025-06-08 00:00:00,27.25,22.5
DWLR0072,2025-06-11 00:00:00,27.33,6.9
DWLR0072,2025-06-14 00:00:00,27.39,2.8
DWLR0072,2025-06-17 00:00:00,27.46,25.5
DWLR0072,2025-06-20 00:00:00,27.53,27.8
DWLR0072,2025-06-23 00:00:00,27.65,20.2
DWLR0072,2025-06-26 00:00:00,27.7,3.0
DWLR0072,2025-06-29 00:00:00,27.77,38.6
DWLR0072,2025-07-02 00:00:00,27.88,17.5
DWLR0072,2025-07-05 00:00:00,28.06,20.5
DWLR0072,2025-07-08 00:00:00,28.17,5.0
DWLR0072,2025-07-11 00:00:00,28.24,31.1
DWLR0072,2025-07-14 00:00:00,28.33,34.6
DWLR0072,2025-07-17 00:00:00,28.47,8.4
DWLR0072,2025-07-20 00:00:00,28.6,33.0
DWLR0072,2025-07-23 00:00:00,28.75,1.9
DWLR0072,2025-07-26 00:00:00,28.84,26.1
DWLR0072,2025-07-29 00:00:00,28.96,35.3
DWLR0072,2025-08-01 00:00:00,28.99,3.0
DWLR0072,2025-08-04 00:00:00,29.16,13.9
DWLR0072,2025-08-07 00:00:00,29.24,26.7
DWLR0072,2025-08-10 00:00:00,29.32,1.0
DWLR0072,2025-08-13 00:00:00,29.39,11.4
DWLR0072,2025-08-16 00:00:00,29.45,16.4
DWLR0072,2025-08-19 00:00:00,29.53,38.0
DWLR0072,2025-08-22 00:00:00,29.62,7.4
DWLR0072,2025-08-25 00:00:00,29.69,29.9
DWLR0072,2025-08-28 00:00:00,29.75,21.2
DWLR0072,2025-08-31 00:00:00,29.86,31.5
DWLR0072,2025-09-03 00:00:00,30.01,36.3
DWLR0072,2025-09-06 00:00:00,30.13,14.9
DWLR0072,2025-09-09 00:00:00,30.27,10.1
DWLR0072,2025-09-12 00:00:00,30.37,32.8
DWLR0072,2025-09-15 00:00:00,30.48,26.1
DWLR0072,2025-09-18 00:00:00,30.49,31.3
DWLR0072,2025-09-21 00:00:00,30.52,7.3
DWLR0072,2025-09-24 00:00:00,30.64,23.4
DWLR0072,2025-09-27 00:00:00,30.81,14.1
DWLR0072,2025-09-30 00:00:00,30.89,1.3
DWLR0072,2025-10-03 00:00:00,31.13,0.5
DWLR0072,2025-10-06 00:00:00,31.29,4.5
DWLR0072,2025-10-09 00:00:00,31.43,4.5
DWLR0072,2025-10-12 00:00:00,31.58,1.5
DWLR0072,2025-10-15 00:00:00,31.7,1.8
DWLR0072,2025-10-18 00:00:00,31.88,2.3
DWLR0072,2025-10-21 00:00:00,31.99,2.6
DWLR0072,2025-10-24 00:00:00,32.13,2.5
DWLR0072,2025-10-27 00:00:00,32.39,0.3
DWLR0072,2025-10-30 00:00:00,32.61,2.2
DWLR0072,2025-11-02 00:00:00,32.75,1.1
DWLR0072,2025-11-05 00:00:00,32.9,0.3
DWLR0072,2025-11-08 00:00:00,33.09,1.4
DWLR0072,2025-11-11 00:00:00,33.36,2.4
DWLR0072,2025-11-14 00:00:00,33.46,3.1
DWLR0072,2025-11-17 00:00:00,33.63,4.0
DWLR0072,2025-11-20 00:00:00,33.79,1.4
DWLR0072,2025-11-23 00:00:00,34.04,1.0
DWLR0072,2025-11-26 00:00:00,34.3,0.3
DWLR0073,2024-06-01 00:00:00,5.02,32.2
DWLR0073,2024-06-04 00:00:00,4.92,9.0
DWLR0073,2024-06-07 00:00:00,4.87,23.6
DWLR0073,2024-06-10 00:00:00,4.81,9.1
DWLR0073,2024-06-13 00:00:00,4.74,3.3
DWLR0073,2024-06-16 00:00:00,4.68,18.8
DWLR0073,2024-06-19 00:00:00,4.6,29.6
DWLR0073,2024-06-22 00:00:00,4.52,34.4
DWLR0073,2024-06-25 00:00:00,4.48,22.0
DWLR0073,2024-06-28 00:00:00,4.38,32.0
DWLR0073,2024-07-01 00:00:00,4.3,30.2
DWLR0073,2024-07-04 00:00:00,4.21,11.4
DWLR0073,2024-07-07 00:00:00,4.11,34.0
DWLR0073,2024-07-10 00:00:00,3.93,18.6
DWLR0073,2024-07-13 00:00:00,3.8,7.4
DWLR0073,2024-07-16 00:00:00,3.7,31.3
DWLR0073,2024-07-19 00:00:00,3.58,39.8
DWLR0073,2024-07-22 00:00:00,3.61,5.0
DWLR0073,2024-07-25 00:00:00,3.53,24.5
DWLR0073,2024-07-28 00:00:00,3.47,17.3
DWLR0073,2024-07-31 00:00:00,3.43,31.1
DWLR0073,2024-08-03 00:00:00,3.3,1.2
DWLR0073,2024-08-06 00:00:00,3.25,27.6
DWLR0073,2024-08-09 00:00:00,3.18,8.7
DWLR0073,2024-08-12 00:00:00,3.1,0.0
DWLR0073,2024-08-15 00:00:00,3.02,7.6
DWLR0073,2024-08-18 00:00:00,2.99,28.6
DWLR0073,2024-08-21 00:00:00,2.96,31.8
DWLR0073,2024-08-24 00:00:00,2.94,21.0
DWLR0073,2024-08-27 00:00:00,2.88,10.4
DWLR0073,2024-08-30 00:00:00,2.82,31.1
DWLR0073,2024-09-02 00:00:00,2.74,18.2
DWLR0073,2024-09-05 00:00:00,2.62,19.7
DWLR0073,2024-09-08 00:00:00,2.54,18.2
DWLR0073,2024-09-11 00:00:00,2.46,27.5
DWLR0073,2024-09-14 00:00:00,2.35,34.8
DWLR0073,2024-09-17 00:00:00,2.34,22.9
DWLR0073,2024-09-20 00:00:00,2.22,25.1
DWLR0073,2024-09-23 00:00:00,2.17,12.8
DWLR0073,2024-09-26 00:00:00,2.13,23.5
DWLR0073,2024-09-29 00:00:00,2.02,37.8
DWLR0073,2024-10-02 00:00:00,2.06,1.2
DWLR0073,2024-10-05 00:00:00,2.01,2.4
DWLR0073,2024-10-08 00:00:00,2.02,4.6
DWLR0073,2024-10-11 00:00:00,1.95,1.0
DWLR0073,2024-10-14 00:00:00,1.84,3.4
DWLR0073,2024-10-17 00:00:00,1.85,1.9
DWLR0073,2024-10-20 00:00:00,1.95,1.7
DWLR0073,2024-10-23 00:00:00,2.03,4.2
DWLR0073,2024-10-26 00:00:00,2.0,3.8
DWLR0073,2024-10-29 00:00:00,1.98,0.6
DWLR0073,2024-11-01 00:00:00,1.99,1.8
DWLR0073,2024-11-04 00:00:00,1.99,1.8
DWLR0073,2024-11-07 00:00:00,2.05,4.4
DWLR0073,2024-11-10 00:00:00,2.04,1.8
DWLR0073,2024-11-13 00:00:00,2.1,4.0
DWLR0073,2024-11-16 00:00:00,2.15,3.4
DWLR0073,2024-11-19 00:00:00,2.29,2.8
DWLR0073,2024-11-22 00:00:00,2.2,4.2
DWLR0073,2024-11-25 00:00:00,2.23,4.8
DWLR0073,2024-11-28 00:00:00,2.26,4.8
DWLR0073,2024-12-01 00:00:00,2.35,2.9
DWLR0073,2024-12-04 00:00:00,2.32,3.1
DWLR0073,2024-12-07 00:00:00,2.28,5.0
DWLR0073,2024-12-10 00:00:00,2.27,1.6
DWLR0073,2024-12-13 00:00:00,2.25,1.4
DWLR0073,2024-12-16 00:00:00,2.26,1.0
DWLR0073,2024-12-19 00:00:00,2.33,0.5
DWLR0073,2024-12-22 00:00:00,2.3,2.5
DWLR0073,2024-12-25 00:00:00,2.3,0.3
DWLR0073,2024-12-28 00:00:00,2.32,3.3
DWLR0073,2024-12-31 00:00:00,2.32,4.5
DWLR0073,2025-01-03 00:00:00,2.29,3.0
DWLR0073,2025-01-06 00:00:00,2.3,3.2
DWLR0073,2025-01-09 00:00:00,2.24,2.7
DWLR0073,2025-01-12 00:00:00,2.24,2.6
DWLR0073,2025-01-15 00:00:00,2.23,3.0
DWLR0073,2025-01-18 00:00:00,2.31,2.6
DWLR0073,2025-01-21 00:00:00,2.33,1.7
DWLR0073,2025-01-24 00:00:00,2.32,4.4
DWLR0073,2025-01-27 00:00:00,2.33,4.9
DWLR0073,2025-01-30 00:00:00,2.33,4.2
DWLR0073,2025-02-02 00:00:00,2.33,4.6
DWLR0073,2025-02-05 00:00:00,2.39,2.4
DWLR0073,2025-02-08 00:00:00,2.4,4.8
DWLR0073,2025-02-11 00:00:00,2.38,2.9
DWLR0073,2025-02-14 00:00:00,2.36,1.0
DWLR0073,2025-02-17 00:00:00,2.47,1.3
DWLR0073,2025-02-20 00:00:00,2.51,3.1
DWLR0073,2025-02-23 00:00:00,2.55,1.0
DWLR0073,2025-02-26 00:00:00,2.46,2.8
DWLR0073,2025-03-01 00:00:00,2.44,0.8
DWLR0073,2025-03-04 00:00:00,2.41,4.7
DWLR0073,2025-03-07 00:00:00,2.46,2.4
DWLR0073,2025-03-10 00:00:00,2.49,1.8
DWLR0073,2025-03-13 00:00:00,2.47,1.4
DWLR0073,2025-03-16 00:00:00,2.46,4.5
DWLR0073,2025-03-19 00:00:00,2.45,1.0
DWLR0073,2025-03-22 00:00:00,2.57,2.8
DWLR0073,2025-03-25 00:00:00,2.59,1.0
DWLR0073,2025-03-28 00:00:00,2.71,2.6
DWLR0073,2025-03-31 00:00:00,2.67,3.1
DWLR0073,2025-04-03 00:00:00,2.82,0.6
DWLR0073,2025-04-06 00:00:00,2.85,4.0
DWLR0073,2025-04-09 00:00:00,2.89,0.4
DWLR0073,2025-04-12 00:00:00,2.94,4.1
DWLR0073,2025-04-15 00:00:00,2.92,1.2
DWLR0073,2025-04-18 00:00:00,2.97,0.6
DWLR0073,2025-04-21 00:00:00,2.99,4.1
DWLR0073,2025-04-24 00:00:00,3.06,3.3
DWLR0073,2025-04-27 00:00:00,3.03,1.6
DWLR0073,2025-04-30 00:00:00,3.04,2.6
DWLR0073,2025-05-03 00:00:00,3.12,0.6
DWLR0073,2025-05-06 00:00:00,3.18,1.0
DWLR0073,2025-05-09 00:00:00,3.18,0.8
DWLR0073,2025-05-12 00:00:00,3.16,3.9
DWLR0073,2025-05-15 00:00:00,3.13,4.4
DWLR0073,2025-05-18 00:00:00,3.12,3.8
DWLR0073,2025-05-21 00:00:00,3.19,3.7
DWLR0073,2025-05-24 00:00:00,3.26,4.3
DWLR0073,2025-05-27 00:00:00,3.23,1.2
DWLR0073,2025-05-30 00:00:00,3.3,3.0
DWLR0073,2025-06-02 00:00:00,3.35,29.2
DWLR0073,2025-06-05 00:00:00,3.31,24.9
DWLR0073,2025-06-08 00:00:00,3.24,37.7
DWLR0073,2025-06-11 00:00:00,3.15,2.9
DWLR0073,2025-06-14 00:00:00,3.07,39.8
DWLR0073,2025-06-17 00:00:00,2.89,12.3
DWLR0073,2025-06-20 00:00:00,2.88,25.3
DWLR0073,2025-06-23 00:00:00,2.82,14.1
DWLR0073,2025-06-26 00:00:00,2.78,0.4
DWLR0073,2025-06-29 00:00:00,2.71,17.4
DWLR0073,2025-07-02 00:00:00,2.61,32.1
DWLR0073,2025-07-05 00:00:00,2.58,1.9
DWLR0073,2025-07-08 00:00:00,2.52,39.9
DWLR0073,2025-07-11 00:00:00,2.49,33.2
DWLR0073,2025-07-14 00:00:00,2.38,11.0
DWLR0073,2025-07-17 00:00:00,2.34,28.9
DWLR0073,2025-07-20 00:00:00,2.38,31.0
DWLR0073,2025-07-23 00:00:00,2.3,3.3
DWLR0073,2025-07-26 00:00:00,2.17,8.9
DWLR0073,2025-07-29 00:00:00,2.14,17.5
DWLR0073,2025-08-01 00:00:00,2.11,1.6
DWLR0073,2025-08-04 00:00:00,1.99,34.0
DWLR0073,2025-08-07 00:00:00,1.88,6.2
DWLR0073,2025-08-10 00:00:00,1.82,32.6
DWLR0073,2025-08-13 00:00:00,1.73,28.6
DWLR0073,2025-08-16 00:00:00,1.72,24.4
DWLR0073,2025-08-19 00:00:00,1.72,24.3
DWLR0073,2025-08-22 00:00:00,1.68,18.3
DWLR0073,2025-08-25 00:00:00,1.64,6.6
DWLR0073,2025-08-28 00:00:00,1.64,14.3
DWLR0073,2025-08-31 00:00:00,1.53,16.3
DWLR0073,2025-09-03 00:00:00,1.54,25.3
DWLR0073,2025-09-06 00:00:00,1.5,3.7
DWLR0073,2025-09-09 00:00:00,1.37,26.9
DWLR0073,2025-09-12 00:00:00,1.31,19.8
DWLR0073,2025-09-15 00:00:00,1.27,39.4
DWLR0073,2025-09-18 00:00:00,1.16,2.4
DWLR0073,2025-09-21 00:00:00,1.08,19.0
DWLR0073,2025-09-24 00:00:00,0.95,9.3
DWLR0073,2025-09-27 00:00:00,0.89,28.1
DWLR0073,2025-09-30 00:00:00,0.91,30.5
DWLR0073,2025-10-03 00:00:00,0.9,2.6
DWLR0073,2025-10-06 00:00:00,0.92,0.5
DWLR0073,2025-10-09 00:00:00,1.03,3.6
DWLR0073,2025-10-12 00:00:00,1.1,4.2
DWLR0073,2025-10-15 00:00:00,1.11,3.0
DWLR0073,2025-10-18 00:00:00,1.14,2.0
DWLR0073,2025-10-21 00:00:00,1.17,2.2
DWLR0073,2025-10-24 00:00:00,1.22,0.3
DWLR0073,2025-10-27 00:00:00,1.32,1.5
DWLR0073,2025-10-30 00:00:00,1.34,3.6
DWLR0073,2025-11-02 00:00:00,1.34,1.9
DWLR0073,2025-11-05 00:00:00,1.31,1.9
DWLR0073,2025-11-08 00:00:00,1.39,0.6
DWLR0073,2025-11-11 00:00:00,1.35,0.8
DWLR0073,2025-11-14 00:00:00,1.36,1.4
DWLR0073,2025-11-17 00:00:00,1.42,2.6
DWLR0073,2025-11-20 00:00:00,1.4,2.8
DWLR0073,2025-11-23 00:00:00,1.51,1.7
DWLR0073,2025-11-26 00:00:00,1.51,5.0
DWLR0074,2024-06-01 00:00:00,14.61,35.2
DWLR0074,2024-06-04 00:00:00,14.62,37.1
DWLR0074,2024-06-07 00:00:00,14.58,24.1
DWLR0074,2024-06-10 00:00:00,14.53,24.1
DWLR0074,2024-06-13 00:00:00,14.54,18.9
DWLR0074,2024-06-16 00:00:00,14.53,6.8
DWLR0074,2024-06-19 00:00:00,14.48,26.5
DWLR0074,2024-06-22 00:00:00,14.36,19.6
DWLR0074,2024-06-25 00:00:00,14.32,3.3
DWLR0074,2024-06-28 00:00:00,14.31,39.5
DWLR0074,2024-07-01 00:00:00,14.3,32.6
DWLR0074,2024-07-04 00:00:00,14.32,2.3
DWLR0074,2024-07-07 00:00:00,14.32,14.6
DWLR0074,2024-07-10 00:00:00,14.26,20.3
DWLR0074,2024-07-13 00:00:00,14.28,37.8
DWLR0074,2024-07-16 00:00:00,14.23,28.1
DWLR0074,2024-07-19 00:00:00,14.15,2.3
DWLR0074,2024-07-22 00:00:00,14.13,36.6
DWLR0074,2024-07-25 00:00:00,14.07,32.8
DWLR0074,2024-07-28 00:00:00,14.07,39.5
DWLR0074,2024-07-31 00:00:00,14.03,37.5
DWLR0074,2024-08-03 00:00:00,14.0,30.6
DWLR0074,2024-08-06 00:00:00,13.93,17.0
DWLR0074,2024-08-09 00:00:00,13.89,17.7
DWLR0074,2024-08-12 00:00:00,13.94,12.1
DWLR0074,2024-08-15 00:00:00,13.89,15.2
DWLR0074,2024-08-18 00:00:00,13.89,7.2
DWLR0074,2024-08-21 00:00:00,13.76,2.2
DWLR0074,2024-08-24 00:00:00,13.77,17.6
DWLR0074,2024-08-27 00:00:00,13.79,7.3
DWLR0074,2024-08-30 00:00:00,13.72,21.9
DWLR0074,2024-09-02 00:00:00,13.63,19.5
DWLR0074,2024-09-05 00:00:00,13.6,22.0
DWLR0074,2024-09-08 00:00:00,13.64,25.8
DWLR0074,2024-09-11 00:00:00,13.59,10.7
DWLR0074,2024-09-14 00:00:00,13.56,32.6
DWLR0074,2024-09-17 00:00:00,13.49,0.9
DWLR0074,2024-09-20 00:00:00,13.49,37.8
DWLR0074,2024-09-23 00:00:00,13.47,4.6
DWLR0074,2024-09-26 00:00:00,13.51,36.0
DWLR0074,2024-09-29 00:00:00,13.54,38.6
DWLR0074,2024-10-02 00:00:00,13.58,3.1
DWLR0074,2024-10-05 00:00:00,13.6,4.0
DWLR0074,2024-10-08 00:00:00,13.69,4.3
DWLR0074,2024-10-11 00:00:00,13.84,2.1
DWLR0074,2024-10-14 00:00:00,14.04,4.8
DWLR0074,2024-10-17 00:00:00,14.26,2.3
DWLR0074,2024-10-20 00:00:00,14.39,0.3
DWLR0074,2024-10-23 00:00:00,14.51,0.3
DWLR0074,2024-10-26 00:00:00,14.65,2.1
DWLR0074,2024-10-29 00:00:00,14.76,2.7
DWLR0074,2024-11-01 00:00:00,14.81,1.3
DWLR0074,2024-11-04 00:00:00,14.9,0.6
DWLR0074,2024-11-07 00:00:00,14.97,2.3
DWLR0074,2024-11-10 00:00:00,15.01,1.7
DWLR0074,2024-11-13 00:00:00,15.14,0.8
DWLR0074,2024-11-16 00:00:00,15.28,1.7
DWLR0074,2024-11-19 00:00:00,15.32,0.3
DWLR0074,2024-11-22 00:00:00,15.4,2.6
DWLR0074,2024-11-25 00:00:00,15.39,2.1
DWLR0074,2024-11-28 00:00:00,15.47,0.9
DWLR0074,2024-12-01 00:00:00,15.63,2.7
DWLR0074,2024-12-04 00:00:00,15.68,4.1
DWLR0074,2024-12-07 00:00:00,15.72,1.1
DWLR0074,2024-12-10 00:00:00,15.85,3.3
DWLR0074,2024-12-13 00:00:00,15.92,3.1
DWLR0074,2024-12-16 00:00:00,16.03,1.3
DWLR0074,2024-12-19 00:00:00,16.14,4.0
DWLR0074,2024-12-22 00:00:00,16.18,4.9
DWLR0074,2024-12-25 00:00:00,16.29,1.4
DWLR0074,2024-12-28 00:00:00,16.33,0.6
DWLR0074,2024-12-31 00:00:00,16.49,0.6
DWLR0074,2025-01-03 00:00:00,16.51,4.0
DWLR0074,2025-01-06 00:00:00,16.54,0.9
DWLR0074,2025-01-09 00:00:00,16.59,0.9
DWLR0074,2025-01-12 00:00:00,16.74,3.3
DWLR0074,2025-01-15 00:00:00,16.89,2.9
DWLR0074,2025-01-18 00:00:00,16.93,1.5
DWLR0074,2025-01-21 00:00:00,17.1,1.4
DWLR0074,2025-01-24 00:00:00,17.17,3.7
DWLR0074,2025-01-27 00:00:00,17.32,1.8
DWLR0074,2025-01-30 00:00:00,17.39,4.6
DWLR0074,2025-02-02 00:00:00,17.5,3.0
DWLR0074,2025-02-05 00:00:00,17.57,3.9
DWLR0074,2025-02-08 00:00:00,17.74,1.3
DWLR0074,2025-02-11 00:00:00,17.8,0.4
DWLR0074,2025-02-14 00:00:00,17.86,2.2
DWLR0074,2025-02-17 00:00:00,17.97,2.2
DWLR0074,2025-02-20 00:00:00,18.02,1.0
DWLR0074,2025-02-23 00:00:00,18.07,2.1
DWLR0074,2025-02-26 00:00:00,18.21,0.6
DWLR0074,2025-03-01 00:00:00,18.28,4.5
DWLR0074,2025-03-04 00:00:00,18.34,0.3
DWLR0074,2025-03-07 00:00:00,18.43,4.3
DWLR0074,2025-03-10 00:00:00,18.46,4.3
DWLR0074,2025-03-13 00:00:00,18.6,5.0
DWLR0074,2025-03-16 00:00:00,18.65,2.8
DWLR0074,2025-03-19 00:00:00,18.7,0.5
DWLR0074,2025-03-22 00:00:00,18.8,2.3
DWLR0074,2025-03-25 00:00:00,18.82,3.4
DWLR0074,2025-03-28 00:00:00,18.9,2.9
DWLR0074,2025-03-31 00:00:00,19.04,4.0
DWLR0074,2025-04-03 00:00:00,19.15,1.0
DWLR0074,2025-04-06 00:00:00,19.24,3.4
DWLR0074,2025-04-09 00:00:00,19.33,3.5
DWLR0074,2025-04-12 00:00:00,19.43,4.2
DWLR0074,2025-04-15 00:00:00,19.53,2.7
DWLR0074,2025-04-18 00:00:00,19.68,0.0
DWLR0074,2025-04-21 00:00:00,19.76,3.1
DWLR0074,2025-04-24 00:00:00,19.89,4.3
DWLR0074,2025-04-27 00:00:00,19.93,3.6
DWLR0074,2025-04-30 00:00:00,19.99,1.7
DWLR0074,2025-05-03 00:00:00,20.03,4.5
DWLR0074,2025-05-06 00:00:00,20.07,3.4
DWLR0074,2025-05-09 00:00:00,20.07,0.6
DWLR0074,2025-05-12 00:00:00,20.12,5.0
DWLR0074,2025-05-15 00:00:00,20.23,1.7
DWLR0074,2025-05-18 00:00:00,20.39,4.9
DWLR0074,2025-05-21 00:00:00,20.49,2.0
DWLR0074,2025-05-24 00:00:00,20.54,2.1
DWLR0074,2025-05-27 00:00:00,20.67,3.6
DWLR0074,2025-05-30 00:00:00,20.78,0.7
DWLR0074,2025-06-02 00:00:00,20.81,0.3
DWLR0074,2025-06-05 00:00:00,20.79,24.4
DWLR0074,2025-06-08 00:00:00,20.72,1.0
DWLR0074,2025-06-11 00:00:00,20.7,32.0
DWLR0074,2025-06-14 00:00:00,20.7,11.2
DWLR0074,2025-06-17 00:00:00,20.69,15.8
DWLR0074,2025-06-20 00:00:00,20.71,3.0
DWLR0074,2025-06-23 00:00:00,20.65,35.6
DWLR0074,2025-06-26 00:00:00,20.69,3.1
DWLR0074,2025-06-29 00:00:00,20.72,8.0
DWLR0074,2025-07-02 00:00:00,20.71,28.7
DWLR0074,2025-07-05 00:00:00,20.79,5.2
DWLR0074,2025-07-08 00:00:00,20.76,38.8
DWLR0074,2025-07-11 00:00:00,20.75,6.5
DWLR0074,2025-07-14 00:00:00,20.81,27.2
DWLR0074,2025-07-17 00:00:00,20.82,18.3
DWLR0074,2025-07-20 00:00:00,20.88,31.3
DWLR0074,2025-07-23 00:00:00,20.92,35.1
DWLR0074,2025-07-26 00:00:00,20.95,25.0
DWLR0074,2025-07-29 00:00:00,20.99,11.9
DWLR0074,2025-08-01 00:00:00,21.01,21.3
DWLR0074,2025-08-04 00:00:00,20.99,36.7
DWLR0074,2025-08-07 00:00:00,21.07,37.2
DWLR0074,2025-08-10 00:00:00,21.05,38.4
DWLR0074,2025-08-13 00:00:00,20.95,37.1
DWLR0074,2025-08-16 00:00:00,20.94,26.4
DWLR0074,2025-08-19 00:00:00,20.84,36.0
DWLR0074,2025-08-22 00:00:00,20.84,29.0
DWLR0074,2025-08-25 00:00:00,20.74,24.4
DWLR0074,2025-08-28 00:00:00,20.83,17.2
DWLR0074,2025-08-31 00:00:00,20.86,10.8
DWLR0074,2025-09-03 00:00:00,20.82,18.7
DWLR0074,2025-09-06 00:00:00,20.8,29.5
DWLR0074,2025-09-09 00:00:00,20.83,38.5
DWLR0074,2025-09-12 00:00:00,20.83,17.9
DWLR0074,2025-09-15 00:00:00,20.84,13.6
DWLR0074,2025-09-18 00:00:00,20.79,34.2
DWLR0074,2025-09-21 00:00:00,20.77,36.5
DWLR0074,2025-09-24 00:00:00,20.74,32.2
DWLR0074,2025-09-27 00:00:00,20.69,22.9
DWLR0074,2025-09-30 00:00:00,20.75,24.2
DWLR0074,2025-10-03 00:00:00,20.85,4.5
DWLR0074,2025-10-06 00:00:00,20.99,3.8
DWLR0074,2025-10-09 00:00:00,20.99,1.6
DWLR0074,2025-10-12 00:00:00,21.1,2.2
DWLR0074,2025-10-15 00:00:00,21.2,1.9
DWLR0074,2025-10-18 00:00:00,21.19,4.7
DWLR0074,2025-10-21 00:00:00,21.28,1.0
DWLR0074,2025-10-24 00:00:00,21.26,0.7
DWLR0074,2025-10-27 00:00:00,21.26,3.1
DWLR0074,2025-10-30 00:00:00,21.38,1.2
DWLR0074,2025-11-02 00:00:00,21.53,3.8
DWLR0074,2025-11-05 00:00:00,21.6,2.2
DWLR0074,2025-11-08 00:00:00,21.71,1.2
DWLR0074,2025-11-11 00:00:00,21.81,0.6
DWLR0074,2025-11-14 00:00:00,21.87,2.7
DWLR0074,2025-11-17 00:00:00,21.92,4.2
DWLR0074,2025-11-20 00:00:00,22.03,5.0
DWLR0074,2025-11-23 00:00:00,22.1,4.9
DWLR0074,2025-11-26 00:00:00,22.06,4.4
DWLR0075,2024-06-01 00:00:00,20.4,16.8
DWLR0075,2024-06-04 00:00:00,20.24,32.9
DWLR0075,2024-06-07 00:00:00,20.16,3.5
DWLR0075,2024-06-10 00:00:00,20.09,9.7
DWLR0075,2024-06-13 00:00:00,20.02,19.2
DWLR0075,2024-06-16 00:00:00,19.98,10.7
DWLR0075,2024-06-19 00:00:00,19.91,23.0
DWLR0075,2024-06-22 00:00:00,19.87,26.0
DWLR0075,2024-06-25 00:00:00,19.78,36.3
DWLR0075,2024-06-28 00:00:00,19.72,39.3
DWLR0075,2024-07-01 00:00:00,19.67,22.7
DWLR0075,2024-07-04 00:00:00,19.58,25.4
DWLR0075,2024-07-07 00:00:00,19.46,17.7
DWLR0075,2024-07-10 00:00:00,19.41,33.6
DWLR0075,2024-07-13 00:00:00,19.26,33.0
DWLR0075,2024-07-16 00:00:00,19.22,24.5
DWLR0075,2024-07-19 00:00:00,19.13,23.8
DWLR0075,2024-07-22 00:00:00,19.09,21.3
DWLR0075,2024-07-25 00:00:00,19.01,18.5
DWLR0075,2024-07-28 00:00:00,18.98,20.6
DWLR0075,2024-07-31 00:00:00,18.98,30.7
DWLR0075,2024-08-03 00:00:00,18.89,29.0
DWLR0075,2024-08-06 00:00:00,18.91,9.4
DWLR0075,2024-08-09 00:00:00,18.85,24.2
DWLR0075,2024-08-12 00:00:00,18.74,20.9
DWLR0075,2024-08-15 00:00:00,18.67,7.2
DWLR0075,2024-08-18 00:00:00,18.5,18.5
DWLR0075,2024-08-21 00:00:00,18.39,3.1
DWLR0075,2024-08-24 00:00:00,18.38,4.7
DWLR0075,2024-08-27 00:00:00,18.34,10.8
DWLR0075,2024-08-30 00:00:00,18.26,31.3
DWLR0075,2024-09-02 00:00:00,18.13,34.9
DWLR0075,2024-09-05 00:00:00,18.03,18.1
DWLR0075,2024-09-08 00:00:00,18.01,9.0
DWLR0075,2024-09-11 00:00:00,18.04,14.4
DWLR0075,2024-09-14 00:00:00,17.94,15.6
DWLR0075,2024-09-17 00:00:00,17.97,24.6
DWLR0075,2024-09-20 00:00:00,17.83,15.0
DWLR0075,2024-09-23 00:00:00,17.74,19.4
DWLR0075,2024-09-26 00:00:00,17.64,2.7
DWLR0075,2024-09-29 00:00:00,17.68,31.0
DWLR0075,2024-10-02 00:00:00,17.7,3.1
DWLR0075,2024-10-05 00:00:00,17.74,2.4
DWLR0075,2024-10-08 00:00:00,17.78,1.3
DWLR0075,2024-10-11 00:00:00,17.8,1.3
DWLR0075,2024-10-14 00:00:00,17.84,3.3
DWLR0075,2024-10-17 00:00:00,17.85,4.4
DWLR0075,2024-10-20 00:00:00,17.9,4.6
DWLR0075,2024-10-23 00:00:00,17.94,4.6
DWLR0075,2024-10-26 00:00:00,17.94,2.1
DWLR0075,2024-10-29 00:00:00,17.9,2.3
DWLR0075,2024-11-01 00:00:00,17.93,3.9
DWLR0075,2024-11-04 00:00:00,17.88,2.4
DWLR0075,2024-11-07 00:00:00,17.92,2.9
DWLR0075,2024-11-10 00:00:00,17.94,1.5
DWLR0075,2024-11-13 00:00:00,17.94,3.0
DWLR0075,2024-11-16 00:00:00,17.98,3.3
DWLR0075,2024-11-19 00:00:00,17.91,2.8
DWLR0075,2024-11-22 00:00:00,17.87,2.6
DWLR0075,2024-11-25 00:00:00,17.81,3.3
DWLR0075,2024-11-28 00:00:00,17.85,0.3
DWLR0075,2024-12-01 00:00:00,17.88,2.2
DWLR0075,2024-12-04 00:00:00,18.01,0.9
DWLR0075,2024-12-07 00:00:00,17.93,0.4
DWLR0075,2024-12-10 00:00:00,17.94,2.2
DWLR0075,2024-12-13 00:00:00,17.95,2.1
DWLR0075,2024-12-16 00:00:00,17.94,2.9
DWLR0075,2024-12-19 00:00:00,17.97,2.1
DWLR0075,2024-12-22 00:00:00,17.96,2.0
DWLR0075,2024-12-25 00:00:00,17.98,4.4
DWLR0075,2024-12-28 00:00:00,18.03,0.3
DWLR0075,2024-12-31 00:00:00,18.06,4.4
DWLR0075,2025-01-03 00:00:00,18.15,0.1
DWLR0075,2025-01-06 00:00:00,18.17,1.4
DWLR0075,2025-01-09 00:00:00,18.14,2.2
DWLR0075,2025-01-12 00:00:00,18.06,4.0
DWLR0075,2025-01-15 00:00:00,18.17,3.6
DWLR0075,2025-01-18 00:00:00,18.16,4.4
DWLR0075,2025-01-21 00:00:00,18.22,2.4
DWLR0075,2025-01-24 00:00:00,18.26,2.0
DWLR0075,2025-01-27 00:00:00,18.3,3.8
DWLR0075,2025-01-30 00:00:00,18.38,3.8
DWLR0075,2025-02-02 00:00:00,18.33,2.6
DWLR0075,2025-02-05 00:00:00,18.35,0.1
DWLR0075,2025-02-08 00:00:00,18.38,4.0
DWLR0075,2025-02-11 00:00:00,18.49,4.2
DWLR0075,2025-02-14 00:00:00,18.49,4.4
DWLR0075,2025-02-17 00:00:00,18.5,0.9
DWLR0075,2025-02-20 00:00:00,18.57,2.9
DWLR0075,2025-02-23 00:00:00,18.54,1.3
DWLR0075,2025-02-26 00:00:00,18.53,3.5
DWLR0075,2025-03-01 00:00:00,18.6,0.5
DWLR0075,2025-03-04 00:00:00,18.61,3.7
DWLR0075,2025-03-07 00:00:00,18.56,1.9
DWLR0075,2025-03-10 00:00:00,18.58,0.3
DWLR0075,2025-03-13 00:00:00,18.67,3.8
DWLR0075,2025-03-16 00:00:00,18.7,3.3
DWLR0075,2025-03-19 00:00:00,18.67,0.0
DWLR0075,2025-03-22 00:00:00,18.75,0.3
DWLR0075,2025-03-25 00:00:00,18.78,3.0
DWLR0075,2025-03-28 00:00:00,18.8,4.1
DWLR0075,2025-03-31 00:00:00,18.83,3.1
DWLR0075,2025-04-03 00:00:00,18.82,4.0
DWLR0075,2025-04-06 00:00:00,18.92,2.7
DWLR0075,2025-04-09 00:00:00,19.02,2.2
DWLR0075,2025-04-12 00:00:00,19.09,1.0
DWLR0075,2025-04-15 00:00:00,19.13,4.8
DWLR0075,2025-04-18 00:00:00,19.14,2.3
DWLR0075,2025-04-21 00:00:00,19.11,1.0
DWLR0075,2025-04-24 00:00:00,19.1,0.1
DWLR0075,2025-04-27 00:00:00,19.18,0.7
DWLR0075,2025-04-30 00:00:00,19.27,4.4
DWLR0075,2025-05-03 00:00:00,19.28,3.7
DWLR0075,2025-05-06 00:00:00,19.3,4.1
DWLR0075,2025-05-09 00:00:00,19.3,4.7
DWLR0075,2025-05-12 00:00:00,19.33,0.1
DWLR0075,2025-05-15 00:00:00,19.28,0.0
DWLR0075,2025-05-18 00:00:00,19.36,4.8
DWLR0075,2025-05-21 00:00:00,19.37,1.4
DWLR0075,2025-05-24 00:00:00,19.42,2.2
DWLR0075,2025-05-27 00:00:00,19.44,0.7
DWLR0075,2025-05-30 00:00:00,19.4,0.1
DWLR0075,2025-06-02 00:00:00,19.36,23.9
DWLR0075,2025-06-05 00:00:00,19.19,36.8
DWLR0075,2025-06-08 00:00:00,19.2,23.7
DWLR0075,2025-06-11 00:00:00,19.08,8.0
DWLR0075,2025-06-14 00:00:00,19.13,18.2
DWLR0075,2025-06-17 00:00:00,19.03,21.2
DWLR0075,2025-06-20 00:00:00,18.96,6.7
DWLR0075,2025-06-23 00:00:00,18.94,22.4
DWLR0075,2025-06-26 00:00:00,18.89,38.5
DWLR0075,2025-06-29 00:00:00,18.87,15.1
DWLR0075,2025-07-02 00:00:00,18.75,27.0
DWLR0075,2025-07-05 00:00:00,18.7,22.7
DWLR0075,2025-07-08 00:00:00,18.65,5.8
DWLR0075,2025-07-11 00:00:00,18.69,3.9
DWLR0075,2025-07-14 00:00:00,18.61,36.5
DWLR0075,2025-07-17 00:00:00,18.55,32.9
DWLR0075,2025-07-20 00:00:00,18.48,35.8
DWLR0075,2025-07-23 00:00:00,18.38,6.4
DWLR0075,2025-07-26 00:00:00,18.31,10.0
DWLR0075,2025-07-29 00:00:00,18.29,9.7
DWLR0075,2025-08-01 00:00:00,18.22,31.5
DWLR0075,2025-08-04 00:00:00,18.13,31.1
DWLR0075,2025-08-07 00:00:00,1017.13,18.3
DWLR0075,2025-08-10 00:00:00,1017.07,37.9
DWLR0075,2025-08-13 00:00:00,1016.96,36.1
DWLR0075,2025-08-16 00:00:00,1016.81,20.6
DWLR0075,2025-08-19 00:00:00,1016.75,22.2
DWLR0075,2025-08-22 00:00:00,1016.73,1.9
DWLR0075,2025-08-25 00:00:00,1016.61,29.1
DWLR0075,2025-08-28 00:00:00,20.39,20.4
DWLR0075,2025-08-31 00:00:00,20.39,34.0
DWLR0075,2025-09-03 00:00:00,20.39,0.8
DWLR0075,2025-09-06 00:00:00,20.39,5.4
DWLR0075,2025-09-09 00:00:00,20.39,7.3
DWLR0075,2025-09-12 00:00:00,20.39,33.2
DWLR0075,2025-09-15 00:00:00,20.39,16.0
DWLR0075,2025-09-18 00:00:00,20.39,38.4
DWLR0075,2025-09-21 00:00:00,20.39,36.6
DWLR0075,2025-09-24 00:00:00,20.39,27.3
DWLR0075,2025-09-27 00:00:00,20.39,19.5
DWLR0075,2025-09-30 00:00:00,20.39,0.9
DWLR0075,2025-10-03 00:00:00,20.39,3.6
DWLR0075,2025-10-06 00:00:00,20.39,3.4
DWLR0075,2025-10-09 00:00:00,20.39,1.0
DWLR0075,2025-10-12 00:00:00,20.39,0.4
DWLR0075,2025-10-15 00:00:00,20.39,0.4
DWLR0075,2025-10-18 00:00:00,20.39,4.1
DWLR0075,2025-10-21 00:00:00,20.39,4.9
DWLR0075,2025-10-24 00:00:00,20.39,1.2
DWLR0075,2025-10-27 00:00:00,20.39,4.9
DWLR0075,2025-10-30 00:00:00,20.39,3.6
DWLR0075,2025-11-02 00:00:00,20.39,0.7
DWLR0075,2025-11-05 00:00:00,20.39,2.6
DWLR0075,2025-11-08 00:00:00,20.39,3.2
DWLR0075,2025-11-11 00:00:00,20.39,0.9
DWLR0075,2025-11-14 00:00:00,20.39,1.8
DWLR0075,2025-11-17 00:00:00,20.39,0.8
DWLR0075,2025-11-20 00:00:00,20.39,3.0
DWLR0075,2025-11-23 00:00:00,20.39,3.6
DWLR0075,2025-11-26 00:00:00,20.39,0.5
DWLR0076,2024-06-01 00:00:00,22.77,15.6
DWLR0076,2024-06-04 00:00:00,22.83,16.2
DWLR0076,2024-06-07 00:00:00,22.86,39.6
DWLR0076,2024-06-10 00:00:00,22.9,15.9
DWLR0076,2024-06-13 00:00:00,22.97,24.6
DWLR0076,2024-06-16 00:00:00,23.09,3.2
DWLR0076,2024-06-19 00:00:00,23.12,34.7
DWLR0076,2024-06-22 00:00:00,23.15,30.8
DWLR0076,2024-06-25 00:00:00,23.17,27.8
DWLR0076,2024-06-28 00:00:00,23.2,13.2
DWLR0076,2024-07-01 00:00:00,23.24,0.3
DWLR0076,2024-07-04 00:00:00,23.34,39.5
DWLR0076,2024-07-07 00:00:00,23.39,33.6
DWLR0076,2024-07-10 00:00:00,23.49,23.4
DWLR0076,2024-07-13 00:00:00,23.52,21.2
DWLR0076,2024-07-16 00:00:00,23.53,35.6
DWLR0076,2024-07-19 00:00:00,23.55,15.5
DWLR0076,2024-07-22 00:00:00,23.5,12.0
DWLR0076,2024-07-25 00:00:00,23.47,19.1
DWLR0076,2024-07-28 00:00:00,23.48,27.6
DWLR0076,2024-07-31 00:00:00,23.43,2.4
DWLR0076,2024-08-03 00:00:00,23.49,24.4
DWLR0076,2024-08-06 00:00:00,23.61,12.8
DWLR0076,2024-08-09 00:00:00,23.62,23.2
DWLR0076,2024-08-12 00:00:00,23.64,1.3
DWLR0076,2024-08-15 00:00:00,23.65,8.1
DWLR0076,2024-08-18 00:00:00,23.71,14.7
DWLR0076,2024-08-21 00:00:00,23.79,15.2
DWLR0076,2024-08-24 00:00:00,23.85,0.5
DWLR0076,2024-08-27 00:00:00,23.95,14.2
DWLR0076,2024-08-30 00:00:00,24.09,36.3
DWLR0076,2024-09-02 00:00:00,24.16,24.8
DWLR0076,2024-09-05 00:00:00,24.25,28.5
DWLR0076,2024-09-08 00:00:00,24.26,2.0
DWLR0076,2024-09-11 00:00:00,24.38,13.7
DWLR0076,2024-09-14 00:00:00,24.42,24.5
DWLR0076,2024-09-17 00:00:00,24.42,12.9
DWLR0076,2024-09-20 00:00:00,24.41,38.9
DWLR0076,2024-09-23 00:00:00,24.38,6.2
DWLR0076,2024-09-26 00:00:00,24.38,11.2
DWLR0076,2024-09-29 00:00:00,24.34,25.2
DWLR0076,2024-10-02 00:00:00,24.44,1.2
DWLR0076,2024-10-05 00:00:00,24.58,1.7
DWLR0076,2024-10-08 00:00:00,24.79,1.0
DWLR0076,2024-10-11 00:00:00,24.85,0.3
DWLR0076,2024-10-14 00:00:00,25.01,3.5
DWLR0076,2024-10-17 00:00:00,25.2,0.2
DWLR0076,2024-10-20 00:00:00,25.24,1.8
DWLR0076,2024-10-23 00:00:00,25.41,3.9
DWLR0076,2024-10-26 00:00:00,25.54,4.8
DWLR0076,2024-10-29 00:00:00,25.68,0.6
DWLR0076,2024-11-01 00:00:00,25.84,2.1
DWLR0076,2024-11-04 00:00:00,25.95,1.7
DWLR0076,2024-11-07 00:00:00,26.16,4.8
DWLR0076,2024-11-10 00:00:00,26.35,2.5
DWLR0076,2024-11-13 00:00:00,26.53,1.8
DWLR0076,2024-11-16 00:00:00,26.73,1.1
DWLR0076,2024-11-19 00:00:00,26.84,4.4
DWLR0076,2024-11-22 00:00:00,27.04,4.6
DWLR0076,2024-11-25 00:00:00,27.17,1.7
DWLR0076,2024-11-28 00:00:00,27.34,4.1
DWLR0076,2024-12-01 00:00:00,27.44,4.0
DWLR0076,2024-12-04 00:00:00,27.48,3.6
DWLR0076,2024-12-07 00:00:00,27.63,1.3
DWLR0076,2024-12-10 00:00:00,27.75,2.9
DWLR0076,2024-12-13 00:00:00,27.96,5.0
DWLR0076,2024-12-16 00:00:00,28.16,0.6
DWLR0076,2024-12-19 00:00:00,28.37,4.3
DWLR0076,2024-12-22 00:00:00,28.44,4.8
DWLR0076,2024-12-25 00:00:00,28.57,3.1
DWLR0076,2024-12-28 00:00:00,28.72,2.8
DWLR0076,2024-12-31 00:00:00,28.78,0.5
DWLR0076,2025-01-03 00:00:00,28.89,3.2
DWLR0076,2025-01-06 00:00:00,29.08,4.4
DWLR0076,2025-01-09 00:00:00,29.12,0.8
DWLR0076,2025-01-12 00:00:00,29.33,4.0
DWLR0076,2025-01-15 00:00:00,29.46,3.1
DWLR0076,2025-01-18 00:00:00,29.51,1.5
DWLR0076,2025-01-21 00:00:00,29.69,3.5
DWLR0076,2025-01-24 00:00:00,29.77,4.5
DWLR0076,2025-01-27 00:00:00,29.84,0.4
DWLR0076,2025-01-30 00:00:00,30.04,0.1
DWLR0076,2025-02-02 00:00:00,30.12,1.3
DWLR0076,2025-02-05 00:00:00,30.36,0.2
DWLR0076,2025-02-08 00:00:00,30.52,1.2
DWLR0076,2025-02-11 00:00:00,30.7,0.2
DWLR0076,2025-02-14 00:00:00,30.83,0.9
DWLR0076,2025-02-17 00:00:00,30.99,1.6
DWLR0076,2025-02-20 00:00:00,31.05,0.6
DWLR0076,2025-02-23 00:00:00,31.15,2.5
DWLR0076,2025-02-26 00:00:00,31.29,3.1
DWLR0076,2025-03-01 00:00:00,31.47,0.1
DWLR0076,2025-03-04 00:00:00,31.64,1.4
DWLR0076,2025-03-07 00:00:00,31.82,4.4
DWLR0076,2025-03-10 00:00:00,32.02,1.3
DWLR0076,2025-03-13 00:00:00,32.15,4.3
DWLR0076,2025-03-16 00:00:00,32.35,4.8
DWLR0076,2025-03-19 00:00:00,32.53,4.0
DWLR0076,2025-03-22 00:00:00,32.67,3.2
DWLR0076,2025-03-25 00:00:00,32.74,1.1
DWLR0076,2025-03-28 00:00:00,32.94,4.2
DWLR0076,2025-03-31 00:00:00,33.14,0.0
DWLR0076,2025-04-03 00:00:00,33.32,2.9
DWLR0076,2025-04-06 00:00:00,33.45,4.3
DWLR0076,2025-04-09 00:00:00,33.59,0.0
DWLR0076,2025-04-12 00:00:00,33.69,3.4
DWLR0076,2025-04-15 00:00:00,33.84,3.4
DWLR0076,2025-04-18 00:00:00,33.98,4.5
DWLR0076,2025-04-21 00:00:00,34.07,2.7
DWLR0076,2025-04-24 00:00:00,34.23,1.0
DWLR0076,2025-04-27 00:00:00,34.26,1.7
DWLR0076,2025-04-30 00:00:00,34.36,1.8
DWLR0076,2025-05-03 00:00:00,34.44,4.0
DWLR0076,2025-05-06 00:00:00,34.63,2.3
DWLR0076,2025-05-09 00:00:00,34.76,1.5
DWLR0076,2025-05-12 00:00:00,34.9,0.8
DWLR0076,2025-05-15 00:00:00,34.99,2.6
DWLR0076,2025-05-18 00:00:00,35.16,1.4
DWLR0076,2025-05-21 00:00:00,35.31,4.4
DWLR0076,2025-05-24 00:00:00,35.58,1.9
DWLR0076,2025-05-27 00:00:00,35.76,4.4
DWLR0076,2025-05-30 00:00:00,35.92,0.1
DWLR0076,2025-06-02 00:00:00,36.02,24.9
DWLR0076,2025-06-05 00:00:00,36.09,21.5
DWLR0076,2025-06-08 00:00:00,36.17,37.2
DWLR0076,2025-06-11 00:00:00,36.18,2.8
DWLR0076,2025-06-14 00:00:00,36.27,37.1
DWLR0076,2025-06-17 00:00:00,36.3,25.5
DWLR0076,2025-06-20 00:00:00,36.32,8.4
DWLR0076,2025-06-23 00:00:00,36.28,2.1
DWLR0076,2025-06-26 00:00:00,36.3,18.9
DWLR0076,2025-06-29 00:00:00,36.37,2.3
DWLR0076,2025-07-02 00:00:00,36.42,9.2
DWLR0076,2025-07-05 00:00:00,36.43,8.6
DWLR0076,2025-07-08 00:00:00,36.49,17.3
DWLR0076,2025-07-11 00:00:00,36.42,27.9
DWLR0076,2025-07-14 00:00:00,36.44,10.5
DWLR0076,2025-07-17 00:00:00,36.48,19.0
DWLR0076,2025-07-20 00:00:00,36.46,35.0
DWLR0076,2025-07-23 00:00:00,36.52,34.1
DWLR0076,2025-07-26 00:00:00,36.5,30.5
DWLR0076,2025-07-29 00:00:00,36.52,19.8
DWLR0076,2025-08-01 00:00:00,36.62,4.8
DWLR0076,2025-08-04 00:00:00,36.77,31.9
DWLR0076,2025-08-07 00:00:00,36.85,7.7
DWLR0076,2025-08-10 00:00:00,36.92,2.0
DWLR0076,2025-08-13 00:00:00,36.88,18.2
DWLR0076,2025-08-16 00:00:00,36.92,4.3
DWLR0076,2025-08-19 00:00:00,36.99,18.0
DWLR0076,2025-08-22 00:00:00,37.01,39.4
DWLR0076,2025-08-25 00:00:00,36.96,36.1
DWLR0076,2025-08-28 00:00:00,37.04,26.8
DWLR0076,2025-08-31 00:00:00,37.09,34.8
DWLR0076,2025-09-03 00:00:00,37.12,12.6
DWLR0076,2025-09-06 00:00:00,37.22,23.5
DWLR0076,2025-09-09 00:00:00,37.27,16.1
DWLR0076,2025-09-12 00:00:00,37.31,17.0
DWLR0076,2025-09-15 00:00:00,37.4,20.3
DWLR0076,2025-09-18 00:00:00,37.44,29.8
DWLR0076,2025-09-21 00:00:00,37.47,27.3
DWLR0076,2025-09-24 00:00:00,37.49,28.1
DWLR0076,2025-09-27 00:00:00,37.55,14.7
DWLR0076,2025-09-30 00:00:00,37.57,29.4
DWLR0076,2025-10-03 00:00:00,37.64,4.4
DWLR0076,2025-10-06 00:00:00,37.82,2.0
DWLR0076,2025-10-09 00:00:00,37.91,1.3
DWLR0076,2025-10-12 00:00:00,38.05,1.6
DWLR0076,2025-10-15 00:00:00,38.24,1.6
DWLR0076,2025-10-18 00:00:00,38.34,4.2
DWLR0076,2025-10-21 00:00:00,38.43,3.9
DWLR0076,2025-10-24 00:00:00,38.55,1.9
DWLR0076,2025-10-27 00:00:00,38.62,4.2
DWLR0076,2025-10-30 00:00:00,38.83,2.4
DWLR0076,2025-11-02 00:00:00,39.05,1.2
DWLR0076,2025-11-05 00:00:00,39.21,0.7
DWLR0076,2025-11-08 00:00:00,39.25,3.1
DWLR0076,2025-11-11 00:00:00,39.37,0.7
DWLR0076,2025-11-14 00:00:00,39.59,3.3
DWLR0076,2025-11-17 00:00:00,39.71,2.6
DWLR0076,2025-11-20 00:00:00,39.78,1.4
DWLR0076,2025-11-23 00:00:00,39.95,0.1
DWLR0076,2025-11-26 00:00:00,40.12,3.9
DWLR0077,2024-06-01 00:00:00,14.5,5.9
DWLR0077,2024-06-04 00:00:00,14.45,5.8
DWLR0077,2024-06-07 00:00:00,14.32,29.4
DWLR0077,2024-06-10 00:00:00,14.27,11.3
DWLR0077,2024-06-13 00:00:00,14.17,37.4
DWLR0077,2024-06-16 00:00:00,14.07,23.6
DWLR0077,2024-06-19 00:00:00,14.05,28.5
DWLR0077,2024-06-22 00:00:00,13.98,2.3
DWLR0077,2024-06-25 00:00:00,13.98,29.1
DWLR0077,2024-06-28 00:00:00,13.92,16.3
DWLR0077,2024-07-01 00:00:00,13.86,22.9
DWLR0077,2024-07-04 00:00:00,13.87,1.8
DWLR0077,2024-07-07 00:00:00,13.86,6.6
DWLR0077,2024-07-10 00:00:00,13.74,35.4
DWLR0077,2024-07-13 00:00:00,13.78,3.8
DWLR0077,2024-07-16 00:00:00,13.71,2.4
DWLR0077,2024-07-19 00:00:00,13.74,11.6
DWLR0077,2024-07-22 00:00:00,13.69,36.3
DWLR0077,2024-07-25 00:00:00,13.57,8.6
DWLR0077,2024-07-28 00:00:00,13.49,8.1
DWLR0077,2024-07-31 00:00:00,13.42,19.8
DWLR0077,2024-08-03 00:00:00,13.44,14.0
DWLR0077,2024-08-06 00:00:00,13.42,7.7
DWLR0077,2024-08-09 00:00:00,13.36,23.5
DWLR0077,2024-08-12 00:00:00,13.29,21.4
DWLR0077,2024-08-15 00:00:00,13.33,34.5
DWLR0077,2024-08-18 00:00:00,13.27,17.1
DWLR0077,2024-08-21 00:00:00,13.21,36.5
DWLR0077,2024-08-24 00:00:00,13.17,21.4
DWLR0077,2024-08-27 00:00:00,13.06,9.2
DWLR0077,2024-08-30 00:00:00,13.03,24.9
DWLR0077,2024-09-02 00:00:00,12.91,13.8
DWLR0077,2024-09-05 00:00:00,12.79,9.9
DWLR0077,2024-09-08 00:00:00,12.73,38.9
DWLR0077,2024-09-11 00:00:00,12.73,24.8
DWLR0077,2024-09-14 00:00:00,12.76,31.0
DWLR0077,2024-09-17 00:00:00,12.72,38.9
DWLR0077,2024-09-20 00:00:00,12.61,0.7
DWLR0077,2024-09-23 00:00:00,12.5,30.1
DWLR0077,2024-09-26 00:00:00,12.47,24.8
DWLR0077,2024-09-29 00:00:00,12.33,29.0
DWLR0077,2024-10-02 00:00:00,12.38,4.6
DWLR0077,2024-10-05 00:00:00,12.4,4.3
DWLR0077,2024-10-08 00:00:00,12.47,3.9
DWLR0077,2024-10-11 00:00:00,12.55,3.5
DWLR0077,2024-10-14 00:00:00,12.59,4.5
DWLR0077,2024-10-17 00:00:00,12.62,1.2
DWLR0077,2024-10-20 00:00:00,12.72,0.9
DWLR0077,2024-10-23 00:00:00,12.78,0.7
DWLR0077,2024-10-26 00:00:00,12.74,3.8
DWLR0077,2024-10-29 00:00:00,12.87,0.8
DWLR0077,2024-11-01 00:00:00,12.89,1.2
DWLR0077,2024-11-04 00:00:00,12.86,1.7
DWLR0077,2024-11-07 00:00:00,12.95,3.2
DWLR0077,2024-11-10 00:00:00,12.9,4.6
DWLR0077,2024-11-13 00:00:00,12.9,3.6
DWLR0077,2024-11-16 00:00:00,12.92,1.4
DWLR0077,2024-11-19 00:00:00,12.93,1.1
DWLR0077,2024-11-22 00:00:00,12.89,2.8
DWLR0077,2024-11-25 00:00:00,12.97,3.0
DWLR0077,2024-11-28 00:00:00,13.01,3.9
DWLR0077,2024-12-01 00:00:00,13.03,4.1
DWLR0077,2024-12-04 00:00:00,13.03,2.5
DWLR0077,2024-12-07 00:00:00,13.07,2.0
DWLR0077,2024-12-10 00:00:00,13.19,4.2
DWLR0077,2024-12-13 00:00:00,13.34,1.3
DWLR0077,2024-12-16 00:00:00,13.35,2.7
DWLR0077,2024-12-19 00:00:00,13.43,4.8
DWLR0077,2024-12-22 00:00:00,13.52,3.0
DWLR0077,2024-12-25 00:00:00,13.57,1.4
DWLR0077,2024-12-28 00:00:00,13.65,4.6
DWLR0077,2024-12-31 00:00:00,13.66,4.0
DWLR0077,2025-01-03 00:00:00,13.63,3.2
DWLR0077,2025-01-06 00:00:00,13.62,4.6
DWLR0077,2025-01-09 00:00:00,13.57,1.7
DWLR0077,2025-01-12 00:00:00,13.66,3.5
DWLR0077,2025-01-15 00:00:00,13.69,2.7
DWLR0077,2025-01-18 00:00:00,13.67,3.6
DWLR0077,2025-01-21 00:00:00,13.67,1.3
DWLR0077,2025-01-24 00:00:00,1012.71,2.3
DWLR0077,2025-01-27 00:00:00,1012.8,1.1
DWLR0077,2025-01-30 00:00:00,1012.82,3.6
DWLR0077,2025-02-02 00:00:00,1012.87,3.9
DWLR0077,2025-02-05 00:00:00,1012.93,0.2
DWLR0077,2025-02-08 00:00:00,1012.92,4.0
DWLR0077,2025-02-11 00:00:00,14.47,0.4
DWLR0077,2025-02-14 00:00:00,14.47,0.2
DWLR0077,2025-02-17 00:00:00,14.47,4.7
DWLR0077,2025-02-20 00:00:00,14.47,4.5
DWLR0077,2025-02-23 00:00:00,14.47,0.3
DWLR0077,2025-02-26 00:00:00,14.47,1.2
DWLR0077,2025-03-01 00:00:00,14.47,4.4
DWLR0077,2025-03-04 00:00:00,14.47,3.4
DWLR0077,2025-03-07 00:00:00,14.47,0.3
DWLR0077,2025-03-10 00:00:00,14.47,2.9
DWLR0077,2025-03-13 00:00:00,14.47,4.2
DWLR0077,2025-03-16 00:00:00,14.47,4.0
DWLR0077,2025-03-19 00:00:00,14.47,1.7
DWLR0077,2025-03-22 00:00:00,14.47,1.2
DWLR0077,2025-03-25 00:00:00,14.47,4.1
DWLR0077,2025-03-28 00:00:00,14.47,2.7
DWLR0077,2025-03-31 00:00:00,14.47,0.6
DWLR0077,2025-04-03 00:00:00,14.47,4.9
DWLR0077,2025-04-06 00:00:00,14.47,2.7
DWLR0077,2025-04-09 00:00:00,14.47,0.5
DWLR0077,2025-04-12 00:00:00,14.47,1.6
DWLR0077,2025-04-15 00:00:00,14.47,2.1
DWLR0077,2025-04-18 00:00:00,14.47,3.2
DWLR0077,2025-04-21 00:00:00,14.47,3.8
DWLR0077,2025-04-24 00:00:00,14.47,4.8
DWLR0077,2025-04-27 00:00:00,14.47,0.0
DWLR0077,2025-04-30 00:00:00,14.47,1.3
DWLR0077,2025-05-03 00:00:00,14.47,2.3
DWLR0077,2025-05-06 00:00:00,14.47,3.6
DWLR0077,2025-05-09 00:00:00,14.47,4.6
DWLR0077,2025-05-12 00:00:00,14.47,1.2
DWLR0077,2025-05-15 00:00:00,14.47,2.3
DWLR0077,2025-05-18 00:00:00,14.47,4.0
DWLR0077,2025-05-21 00:00:00,14.47,0.2
DWLR0077,2025-05-24 00:00:00,14.47,0.4
DWLR0077,2025-05-27 00:00:00,14.47,4.8
DWLR0077,2025-05-30 00:00:00,14.47,2.6
DWLR0077,2025-06-02 00:00:00,14.47,7.9
DWLR0077,2025-06-05 00:00:00,14.47,8.3
DWLR0077,2025-06-08 00:00:00,14.47,21.8
DWLR0077,2025-06-11 00:00:00,14.47,29.9
DWLR0077,2025-06-14 00:00:00,14.47,30.7
DWLR0077,2025-06-17 00:00:00,14.47,10.5
DWLR0077,2025-06-20 00:00:00,14.47,13.2
DWLR0077,2025-06-23 00:00:00,14.47,0.0
DWLR0077,2025-06-26 00:00:00,14.47,4.9
DWLR0077,2025-06-29 00:00:00,14.47,18.1
DWLR0077,2025-07-02 00:00:00,14.47,28.6
DWLR0077,2025-07-05 00:00:00,14.47,8.6
DWLR0077,2025-07-08 00:00:00,14.47,30.0
DWLR0077,2025-07-11 00:00:00,14.47,35.5
DWLR0077,2025-07-14 00:00:00,14.47,29.2
DWLR0077,2025-07-17 00:00:00,14.47,0.8
DWLR0077,2025-07-20 00:00:00,14.47,34.8
DWLR0077,2025-07-23 00:00:00,14.47,1.6
DWLR0077,2025-07-26 00:00:00,14.47,25.8
DWLR0077,2025-07-29 00:00:00,14.47,2.3
DWLR0077,2025-08-01 00:00:00,14.47,21.2
DWLR0077,2025-08-04 00:00:00,14.47,13.1
DWLR0077,2025-08-07 00:00:00,14.47,29.7
DWLR0077,2025-08-10 00:00:00,14.47,35.7
DWLR0077,2025-08-13 00:00:00,14.47,27.6
DWLR0077,2025-08-16 00:00:00,14.47,13.0
DWLR0077,2025-08-19 00:00:00,14.47,14.1
DWLR0077,2025-08-22 00:00:00,14.47,12.6
DWLR0077,2025-08-25 00:00:00,14.47,20.3
DWLR0077,2025-08-28 00:00:00,14.47,10.3
DWLR0077,2025-08-31 00:00:00,14.47,18.4
DWLR0077,2025-09-03 00:00:00,14.47,6.6
DWLR0077,2025-09-06 00:00:00,14.47,28.9
DWLR0077,2025-09-09 00:00:00,14.47,2.7
DWLR0077,2025-09-12 00:00:00,14.47,17.1
DWLR0077,2025-09-15 00:00:00,14.47,29.4
DWLR0077,2025-09-18 00:00:00,14.47,17.6
DWLR0077,2025-09-21 00:00:00,14.47,11.9
DWLR0077,2025-09-24 00:00:00,14.47,36.5
DWLR0077,2025-09-27 00:00:00,14.47,27.3
DWLR0077,2025-09-30 00:00:00,14.47,8.1
DWLR0077,2025-10-03 00:00:00,14.47,0.4
DWLR0077,2025-10-06 00:00:00,14.47,1.0
DWLR0077,2025-10-09 00:00:00,14.47,0.7
DWLR0077,2025-10-12 00:00:00,14.47,2.0
DWLR0077,2025-10-15 00:00:00,14.47,4.2
DWLR0077,2025-10-18 00:00:00,14.47,4.0
DWLR0077,2025-10-21 00:00:00,14.47,1.7
DWLR0077,2025-10-24 00:00:00,14.47,0.4
DWLR0077,2025-10-27 00:00:00,14.47,4.8
DWLR0077,2025-10-30 00:00:00,14.47,2.4
DWLR0077,2025-11-02 00:00:00,14.47,2.9
DWLR0077,2025-11-05 00:00:00,14.47,4.2
DWLR0077,2025-11-08 00:00:00,14.47,3.3
DWLR0077,2025-11-11 00:00:00,14.47,1.2
DWLR0077,2025-11-14 00:00:00,14.47,0.1
DWLR0077,2025-11-17 00:00:00,14.47,4.0
DWLR0077,2025-11-20 00:00:00,14.47,1.0
DWLR0077,2025-11-23 00:00:00,14.47,2.9
DWLR0077,2025-11-26 00:00:00,14.47,3.7
DWLR0078,2024-06-01 00:00:00,8.6,10.6
DWLR0078,2024-06-04 00:00:00,8.44,23.1
DWLR0078,2024-06-07 00:00:00,8.42,27.5
DWLR0078,2024-06-10 00:00:00,8.35,6.1
DWLR0078,2024-06-13 00:00:00,8.32,14.6
DWLR0078,2024-06-16 00:00:00,8.29,27.1
DWLR0078,2024-06-19 00:00:00,8.34,32.8
DWLR0078,2024-06-22 00:00:00,8.4,14.3
DWLR0078,2024-06-25 00:00:00,8.32,37.8
DWLR0078,2024-06-28 00:00:00,8.25,22.4
DWLR0078,2024-07-01 00:00:00,8.23,5.3
DWLR0078,2024-07-04 00:00:00,8.14,3.2
DWLR0078,2024-07-07 00:00:00,8.14,20.7
DWLR0078,2024-07-10 00:00:00,8.05,35.3
DWLR0078,2024-07-13 00:00:00,7.95,31.3
DWLR0078,2024-07-16 00:00:00,7.96,34.0
DWLR0078,2024-07-19 00:00:00,7.89,9.1
DWLR0078,2024-07-22 00:00:00,7.77,24.3
DWLR0078,2024-07-25 00:00:00,7.72,36.5
DWLR0078,2024-07-28 00:00:00,7.73,26.2
DWLR0078,2024-07-31 00:00:00,7.63,39.0
DWLR0078,2024-08-03 00:00:00,7.57,36.7
DWLR0078,2024-08-06 00:00:00,7.51,29.7
DWLR0078,2024-08-09 00:00:00,7.41,10.9
DWLR0078,2024-08-12 00:00:00,7.4,17.9
DWLR0078,2024-08-15 00:00:00,7.24,17.5
DWLR0078,2024-08-18 00:00:00,7.27,1.3
DWLR0078,2024-08-21 00:00:00,7.19,36.7
DWLR0078,2024-08-24 00:00:00,7.21,13.1
DWLR0078,2024-08-27 00:00:00,7.16,31.0
DWLR0078,2024-08-30 00:00:00,7.09,1.1
DWLR0078,2024-09-02 00:00:00,7.08,8.3
DWLR0078,2024-09-05 00:00:00,7.03,13.5
DWLR0078,2024-09-08 00:00:00,6.94,30.4
DWLR0078,2024-09-11 00:00:00,6.89,39.9
DWLR0078,2024-09-14 00:00:00,6.85,39.4
DWLR0078,2024-09-17 00:00:00,6.81,19.5
DWLR0078,2024-09-20 00:00:00,6.64,10.7
DWLR0078,2024-09-23 00:00:00,6.56,30.6
DWLR0078,2024-09-26 00:00:00,6.5,0.8
DWLR0078,2024-09-29 00:00:00,6.39,14.5
DWLR0078,2024-10-02 00:00:00,6.42,1.5
DWLR0078,2024-10-05 00:00:00,6.52,4.4
DWLR0078,2024-10-08 00:00:00,6.49,1.0
DWLR0078,2024-10-11 00:00:00,6.6,1.1
DWLR0078,2024-10-14 00:00:00,6.64,1.0
DWLR0078,2024-10-17 00:00:00,6.72,0.0
DWLR0078,2024-10-20 00:00:00,6.75,3.1
DWLR0078,2024-10-23 00:00:00,6.76,3.4
DWLR0078,2024-10-26 00:00:00,6.75,1.6
DWLR0078,2024-10-29 00:00:00,6.72,1.9
DWLR0078,2024-11-01 00:00:00,6.76,4.3
DWLR0078,2024-11-04 00:00:00,6.8,2.9
DWLR0078,2024-11-07 00:00:00,6.81,2.5
DWLR0078,2024-11-10 00:00:00,6.79,1.8
DWLR0078,2024-11-13 00:00:00,6.87,3.2
DWLR0078,2024-11-16 00:00:00,6.85,3.0
DWLR0078,2024-11-19 00:00:00,6.94,4.2
DWLR0078,2024-11-22 00:00:00,6.95,4.3
DWLR0078,2024-11-25 00:00:00,7.01,1.3
DWLR0078,2024-11-28 00:00:00,6.99,3.3
DWLR0078,2024-12-01 00:00:00,7.09,1.3
DWLR0078,2024-12-04 00:00:00,7.06,0.9
DWLR0078,2024-12-07 00:00:00,7.13,4.8
DWLR0078,2024-12-10 00:00:00,7.08,1.8
DWLR0078,2024-12-13 00:00:00,7.18,0.6
DWLR0078,2024-12-16 00:00:00,7.22,3.9
DWLR0078,2024-12-19 00:00:00,7.21,3.8
DWLR0078,2024-12-22 00:00:00,7.33,1.8
DWLR0078,2024-12-25 00:00:00,7.45,3.8
DWLR0078,2024-12-28 00:00:00,7.46,1.6
DWLR0078,2024-12-31 00:00:00,7.46,0.5
DWLR0078,2025-01-03 00:00:00,7.47,4.9
DWLR0078,2025-01-06 00:00:00,7.48,1.7
DWLR0078,2025-01-09 00:00:00,7.57,2.6
DWLR0078,2025-01-12 00:00:00,7.57,1.0
DWLR0078,2025-01-15 00:00:00,7.62,0.0
DWLR0078,2025-01-18 00:00:00,7.57,3.0
DWLR0078,2025-01-21 00:00:00,7.58,0.5
DWLR0078,2025-01-24 00:00:00,7.64,3.8
DWLR0078,2025-01-27 00:00:00,7.64,4.0
DWLR0078,2025-01-30 00:00:00,7.64,4.2
DWLR0078,2025-02-02 00:00:00,7.64,1.4
DWLR0078,2025-02-05 00:00:00,7.65,0.8
DWLR0078,2025-02-08 00:00:00,7.63,3.0
DWLR0078,2025-02-11 00:00:00,7.7,4.5
DWLR0078,2025-02-14 00:00:00,7.74,4.1
DWLR0078,2025-02-17 00:00:00,7.7,0.2
DWLR0078,2025-02-20 00:00:00,7.78,3.0
DWLR0078,2025-02-23 00:00:00,7.76,0.5
DWLR0078,2025-02-26 00:00:00,7.83,0.4
DWLR0078,2025-03-01 00:00:00,7.96,2.6
DWLR0078,2025-03-04 00:00:00,8.0,1.3
DWLR0078,2025-03-07 00:00:00,7.96,0.6
DWLR0078,2025-03-10 00:00:00,8.0,1.1
DWLR0078,2025-03-13 00:00:00,8.0,4.9
DWLR0078,2025-03-16 00:00:00,7.96,4.5
DWLR0078,2025-03-19 00:00:00,8.06,0.0
DWLR0078,2025-03-22 00:00:00,8.16,2.5
DWLR0078,2025-03-25 00:00:00,8.19,2.7
DWLR0078,2025-03-28 00:00:00,8.18,3.6
DWLR0078,2025-03-31 00:00:00,8.12,0.5
DWLR0078,2025-04-03 00:00:00,8.17,2.9
DWLR0078,2025-04-06 00:00:00,8.22,1.9
DWLR0078,2025-04-09 00:00:00,8.24,0.7
DWLR0078,2025-04-12 00:00:00,8.36,4.0
DWLR0078,2025-04-15 00:00:00,8.47,3.2
DWLR0078,2025-04-18 00:00:00,8.51,3.9
DWLR0078,2025-04-21 00:00:00,8.5,4.8
DWLR0078,2025-04-24 00:00:00,8.45,4.5
DWLR0078,2025-04-27 00:00:00,8.39,1.7
DWLR0078,2025-04-30 00:00:00,8.44,1.1
DWLR0078,2025-05-03 00:00:00,8.45,3.1
DWLR0078,2025-05-06 00:00:00,8.49,1.9
DWLR0078,2025-05-09 00:00:00,8.48,3.2
DWLR0078,2025-05-12 00:00:00,8.54,2.2
DWLR0078,2025-05-15 00:00:00,8.59,4.4
DWLR0078,2025-05-18 00:00:00,8.72,2.0
DWLR0078,2025-05-21 00:00:00,8.79,1.0
DWLR0078,2025-05-24 00:00:00,8.86,4.7
DWLR0078,2025-05-27 00:00:00,8.86,4.3
DWLR0078,2025-05-30 00:00:00,8.85,3.7
DWLR0078,2025-06-02 00:00:00,8.77,2.8
DWLR0078,2025-06-05 00:00:00,8.79,6.4
DWLR0078,2025-06-08 00:00:00,8.78,13.6
DWLR0078,2025-06-11 00:00:00,8.74,25.7
DWLR0078,2025-06-14 00:00:00,8.63,18.5
DWLR0078,2025-06-17 00:00:00,8.58,31.3
DWLR0078,2025-06-20 00:00:00,8.58,23.1
DWLR0078,2025-06-23 00:00:00,8.47,30.1
DWLR0078,2025-06-26 00:00:00,8.38,38.1
DWLR0078,2025-06-29 00:00:00,8.27,34.3
DWLR0078,2025-07-02 00:00:00,8.26,37.5
DWLR0078,2025-07-05 00:00:00,8.21,36.3
DWLR0078,2025-07-08 00:00:00,8.14,9.8
DWLR0078,2025-07-11 00:00:00,8.08,19.5
DWLR0078,2025-07-14 00:00:00,8.08,12.2
DWLR0078,2025-07-17 00:00:00,8.03,25.8
DWLR0078,2025-07-20 00:00:00,7.95,2.0
DWLR0078,2025-07-23 00:00:00,7.93,38.1
DWLR0078,2025-07-26 00:00:00,7.89,34.8
DWLR0078,2025-07-29 00:00:00,7.84,39.7
DWLR0078,2025-08-01 00:00:00,7.84,30.4
DWLR0078,2025-08-04 00:00:00,7.79,36.4
DWLR0078,2025-08-07 00:00:00,7.8,35.4
DWLR0078,2025-08-10 00:00:00,7.75,22.8
DWLR0078,2025-08-13 00:00:00,7.61,23.1
DWLR0078,2025-08-16 00:00:00,7.51,9.6
DWLR0078,2025-08-19 00:00:00,7.51,10.7
DWLR0078,2025-08-22 00:00:00,7.49,2.9
DWLR0078,2025-08-25 00:00:00,7.49,35.6
DWLR0078,2025-08-28 00:00:00,7.42,37.4
DWLR0078,2025-08-31 00:00:00,7.34,0.3
DWLR0078,2025-09-03 00:00:00,7.33,6.1
DWLR0078,2025-09-06 00:00:00,7.38,35.0
DWLR0078,2025-09-09 00:00:00,7.26,23.0
DWLR0078,2025-09-12 00:00:00,7.22,20.7
DWLR0078,2025-09-15 00:00:00,7.23,31.0
DWLR0078,2025-09-18 00:00:00,7.21,30.9
DWLR0078,2025-09-21 00:00:00,7.23,8.4
DWLR0078,2025-09-24 00:00:00,7.12,31.5
DWLR0078,2025-09-27 00:00:00,7.03,36.4
DWLR0078,2025-09-30 00:00:00,7.0,32.3
DWLR0078,2025-10-03 00:00:00,6.95,3.1
DWLR0078,2025-10-06 00:00:00,7.02,4.1
DWLR0078,2025-10-09 00:00:00,7.08,0.6
DWLR0078,2025-10-12 00:00:00,7.07,1.4
DWLR0078,2025-10-15 00:00:00,7.06,1.4
DWLR0078,2025-10-18 00:00:00,7.11,1.0
DWLR0078,2025-10-21 00:00:00,7.12,3.0
DWLR0078,2025-10-24 00:00:00,7.06,1.6
DWLR0078,2025-10-27 00:00:00,7.07,3.2
DWLR0078,2025-10-30 00:00:00,7.12,0.1
DWLR0078,2025-11-02 00:00:00,7.15,1.0
DWLR0078,2025-11-05 00:00:00,7.11,2.9
DWLR0078,2025-11-08 00:00:00,7.06,3.5
DWLR0078,2025-11-11 00:00:00,7.05,4.7
DWLR0078,2025-11-14 00:00:00,7.05,3.6
DWLR0078,2025-11-17 00:00:00,7.18,3.5
DWLR0078,2025-11-20 00:00:00,7.28,3.5
DWLR0078,2025-11-23 00:00:00,7.29,3.2
DWLR0078,2025-11-26 00:00:00,7.32,3.9
DWLR0079,2024-06-01 00:00:00,9.32,10.7
DWLR0079,2024-06-04 00:00:00,9.27,22.3
DWLR0079,2024-06-07 00:00:00,9.19,14.4
DWLR0079,2024-06-10 00:00:00,9.05,39.8
DWLR0079,2024-06-13 00:00:00,9.0,21.1
DWLR0079,2024-06-16 00:00:00,8.88,26.4
DWLR0079,2024-06-19 00:00:00,8.93,19.3
DWLR0079,2024-06-22 00:00:00,8.79,6.2
DWLR0079,2024-06-25 00:00:00,8.66,11.7
DWLR0079,2024-06-28 00:00:00,8.62,34.1
DWLR0079,2024-07-01 00:00:00,8.53,9.8
DWLR0079,2024-07-04 00:00:00,8.4,16.6
DWLR0079,2024-07-07 00:00:00,8.34,37.2
DWLR0079,2024-07-10 00:00:00,8.27,4.1
DWLR0079,2024-07-13 00:00:00,8.23,4.6
DWLR0079,2024-07-16 00:00:00,8.12,39.9
DWLR0079,2024-07-19 00:00:00,8.03,17.2
DWLR0079,2024-07-22 00:00:00,8.1,31.7
DWLR0079,2024-07-25 00:00:00,8.07,1.7
DWLR0079,2024-07-28 00:00:00,7.97,28.9
DWLR0079,2024-07-31 00:00:00,8.0,8.5
DWLR0079,2024-08-03 00:00:00,7.96,23.7
DWLR0079,2024-08-06 00:00:00,7.93,21.0
DWLR0079,2024-08-09 00:00:00,7.83,27.3
DWLR0079,2024-08-12 00:00:00,7.8,13.3
DWLR0079,2024-08-15 00:00:00,7.77,21.2
DWLR0079,2024-08-18 00:00:00,7.72,0.8
DWLR0079,2024-08-21 00:00:00,7.66,11.0
DWLR0079,2024-08-24 00:00:00,7.52,11.7
DWLR0079,2024-08-27 00:00:00,7.42,35.7
DWLR0079,2024-08-30 00:00:00,7.46,6.0
DWLR0079,2024-09-02 00:00:00,7.46,14.9
DWLR0079,2024-09-05 00:00:00,7.45,39.5
DWLR0079,2024-09-08 00:00:00,7.34,34.5
DWLR0079,2024-09-11 00:00:00,7.26,17.9
DWLR0079,2024-09-14 00:00:00,7.17,15.6
DWLR0079,2024-09-17 00:00:00,7.1,34.8
DWLR0079,2024-09-20 00:00:00,7.06,11.6
DWLR0079,2024-09-23 00:00:00,7.04,28.8
DWLR0079,2024-09-26 00:00:00,6.95,30.4
DWLR0079,2024-09-29 00:00:00,6.98,34.9
DWLR0079,2024-10-02 00:00:00,7.07,2.8
DWLR0079,2024-10-05 00:00:00,7.03,3.5
DWLR0079,2024-10-08 00:00:00,7.06,2.7
DWLR0079,2024-10-11 00:00:00,7.15,2.9
DWLR0079,2024-10-14 00:00:00,7.13,4.3
DWLR0079,2024-10-17 00:00:00,7.09,1.1
DWLR0079,2024-10-20 00:00:00,7.16,4.8
DWLR0079,2024-10-23 00:00:00,7.18,2.9
DWLR0079,2024-10-26 00:00:00,7.2,2.6
DWLR0079,2024-10-29 00:00:00,7.3,0.1
DWLR0079,2024-11-01 00:00:00,7.32,0.9
DWLR0079,2024-11-04 00:00:00,7.42,4.6
DWLR0079,2024-11-07 00:00:00,7.54,1.7
DWLR0079,2024-11-10 00:00:00,7.51,0.3
DWLR0079,2024-11-13 00:00:00,7.55,1.0
DWLR0079,2024-11-16 00:00:00,7.54,1.5
DWLR0079,2024-11-19 00:00:00,7.6,1.0
DWLR0079,2024-11-22 00:00:00,7.6,1.6
DWLR0079,2024-11-25 00:00:00,7.58,0.7
DWLR0079,2024-11-28 00:00:00,7.62,2.6
DWLR0079,2024-12-01 00:00:00,7.59,0.4
DWLR0079,2024-12-04 00:00:00,7.61,4.5
DWLR0079,2024-12-07 00:00:00,7.63,2.0
DWLR0079,2024-12-10 00:00:00,7.63,0.4
DWLR0079,2024-12-13 00:00:00,7.68,2.6
DWLR0079,2024-12-16 00:00:00,7.7,2.1
DWLR0079,2024-12-19 00:00:00,7.7,4.3
DWLR0079,2024-12-22 00:00:00,7.64,0.9
DWLR0079,2024-12-25 00:00:00,7.67,2.3
DWLR0079,2024-12-28 00:00:00,7.75,3.4
DWLR0079,2024-12-31 00:00:00,7.75,2.4
DWLR0079,2025-01-03 00:00:00,7.8,4.4
DWLR0079,2025-01-06 00:00:00,7.86,3.6
DWLR0079,2025-01-09 00:00:00,7.87,1.3
DWLR0079,2025-01-12 00:00:00,7.9,1.4
DWLR0079,2025-01-15 00:00:00,7.9,3.5
DWLR0079,2025-01-18 00:00:00,7.96,3.0
DWLR0079,2025-01-21 00:00:00,8.0,3.6
DWLR0079,2025-01-24 00:00:00,8.01,4.1
DWLR0079,2025-01-27 00:00:00,8.04,2.4
DWLR0079,2025-01-30 00:00:00,8.12,2.1
DWLR0079,2025-02-02 00:00:00,8.18,2.3
DWLR0079,2025-02-05 00:00:00,8.21,0.7
DWLR0079,2025-02-08 00:00:00,8.29,1.8
DWLR0079,2025-02-11 00:00:00,8.31,2.8
DWLR0079,2025-02-14 00:00:00,8.28,2.8
DWLR0079,2025-02-17 00:00:00,8.29,0.3
DWLR0079,2025-02-20 00:00:00,8.3,3.0
DWLR0079,2025-02-23 00:00:00,8.41,3.0
DWLR0079,2025-02-26 00:00:00,8.37,2.4
DWLR0079,2025-03-01 00:00:00,8.39,1.3
DWLR0079,2025-03-04 00:00:00,8.53,0.7
DWLR0079,2025-03-07 00:00:00,8.58,3.9
DWLR0079,2025-03-10 00:00:00,8.67,1.6
DWLR0079,2025-03-13 00:00:00,8.64,0.7
DWLR0079,2025-03-16 00:00:00,8.74,2.9
DWLR0079,2025-03-19 00:00:00,8.71,1.8
DWLR0079,2025-03-22 00:00:00,8.74,1.8
DWLR0079,2025-03-25 00:00:00,8.8,0.7
DWLR0079,2025-03-28 00:00:00,8.82,1.8
DWLR0079,2025-03-31 00:00:00,8.83,4.7
DWLR0079,2025-04-03 00:00:00,8.8,0.6
DWLR0079,2025-04-06 00:00:00,8.73,1.6
DWLR0079,2025-04-09 00:00:00,8.69,0.7
DWLR0079,2025-04-12 00:00:00,8.76,4.3
DWLR0079,2025-04-15 00:00:00,8.74,2.3
DWLR0079,2025-04-18 00:00:00,8.78,2.0
DWLR0079,2025-04-21 00:00:00,8.75,5.0
DWLR0079,2025-04-24 00:00:00,8.84,4.3
DWLR0079,2025-04-27 00:00:00,8.86,2.8
DWLR0079,2025-04-30 00:00:00,8.97,4.0
DWLR0079,2025-05-03 00:00:00,9.07,2.9
DWLR0079,2025-05-06 00:00:00,9.19,1.4
DWLR0079,2025-05-09 00:00:00,9.21,1.6
DWLR0079,2025-05-12 00:00:00,9.31,0.5
DWLR0079,2025-05-15 00:00:00,9.4,0.6
DWLR0079,2025-05-18 00:00:00,9.4,2.4
DWLR0079,2025-05-21 00:00:00,9.45,3.4
DWLR0079,2025-05-24 00:00:00,9.46,4.6
DWLR0079,2025-05-27 00:00:00,9.56,1.1
DWLR0079,2025-05-30 00:00:00,9.57,4.8
DWLR0079,2025-06-02 00:00:00,9.5,7.7
DWLR0079,2025-06-05 00:00:00,9.41,11.0
DWLR0079,2025-06-08 00:00:00,9.34,5.7
DWLR0079,2025-06-11 00:00:00,9.24,0.5
DWLR0079,2025-06-14 00:00:00,9.22,29.0
DWLR0079,2025-06-17 00:00:00,9.09,14.7
DWLR0079,2025-06-20 00:00:00,9.13,22.2
DWLR0079,2025-06-23 00:00:00,9.08,0.3
DWLR0079,2025-06-26 00:00:00,9.01,38.6
DWLR0079,2025-06-29 00:00:00,8.92,33.1
DWLR0079,2025-07-02 00:00:00,8.83,21.7
DWLR0079,2025-07-05 00:00:00,8.86,10.9
DWLR0079,2025-07-08 00:00:00,8.88,39.1
DWLR0079,2025-07-11 00:00:00,8.79,20.6
DWLR0079,2025-07-14 00:00:00,8.76,17.4
DWLR0079,2025-07-17 00:00:00,8.72,35.7
DWLR0079,2025-07-20 00:00:00,8.61,36.2
DWLR0079,2025-07-23 00:00:00,8.57,1.4
DWLR0079,2025-07-26 00:00:00,8.57,24.9
DWLR0079,2025-07-29 00:00:00,8.6,1.5
DWLR0079,2025-08-01 00:00:00,8.44,12.5
DWLR0079,2025-08-04 00:00:00,8.38,14.5
DWLR0079,2025-08-07 00:00:00,8.32,8.1
DWLR0079,2025-08-10 00:00:00,8.2,4.3
DWLR0079,2025-08-13 00:00:00,8.16,33.0
DWLR0079,2025-08-16 00:00:00,8.04,12.0
DWLR0079,2025-08-19 00:00:00,8.0,34.8
DWLR0079,2025-08-22 00:00:00,7.94,25.8
DWLR0079,2025-08-25 00:00:00,7.87,1.7
DWLR0079,2025-08-28 00:00:00,7.76,38.7
DWLR0079,2025-08-31 00:00:00,7.73,2.7
DWLR0079,2025-09-03 00:00:00,7.66,23.8
DWLR0079,2025-09-06 00:00:00,7.65,24.2
DWLR0079,2025-09-09 00:00:00,7.62,32.5
DWLR0079,2025-09-12 00:00:00,7.58,14.6
DWLR0079,2025-09-15 00:00:00,7.49,9.6
DWLR0079,2025-09-18 00:00:00,7.44,33.4
DWLR0079,2025-09-21 00:00:00,7.39,14.8
DWLR0079,2025-09-24 00:00:00,7.3,2.4
DWLR0079,2025-09-27 00:00:00,7.22,11.0
DWLR0079,2025-09-30 00:00:00,7.15,5.3
DWLR0079,2025-10-03 00:00:00,7.2,2.8
DWLR0079,2025-10-06 00:00:00,7.27,1.0
DWLR0079,2025-10-09 00:00:00,7.28,1.4
DWLR0079,2025-10-12 00:00:00,7.22,0.4
DWLR0079,2025-10-15 00:00:00,7.26,0.8
DWLR0079,2025-10-18 00:00:00,7.24,3.9
DWLR0079,2025-10-21 00:00:00,7.24,2.7
DWLR0079,2025-10-24 00:00:00,7.23,2.8
DWLR0079,2025-10-27 00:00:00,7.24,2.2
DWLR0079,2025-10-30 00:00:00,7.25,2.8
DWLR0079,2025-11-02 00:00:00,7.24,4.6
DWLR0079,2025-11-05 00:00:00,7.26,0.2
DWLR0079,2025-11-08 00:00:00,7.3,3.4
DWLR0079,2025-11-11 00:00:00,7.28,2.0
DWLR0079,2025-11-14 00:00:00,7.38,1.5
DWLR0079,2025-11-17 00:00:00,7.43,2.0
DWLR0079,2025-11-20 00:00:00,7.49,4.8
DWLR0079,2025-11-23 00:00:00,7.41,4.8
DWLR0079,2025-11-26 00:00:00,7.48,4.8
DWLR0080,2024-06-01 00:00:00,23.2,3.6
DWLR0080,2024-06-04 00:00:00,23.09,11.4
DWLR0080,2024-06-07 00:00:00,23.04,21.7
DWLR0080,2024-06-10 00:00:00,23.02,27.4
DWLR0080,2024-06-13 00:00:00,22.91,39.3
DWLR0080,2024-06-16 00:00:00,22.84,4.5
DWLR0080,2024-06-19 00:00:00,22.81,29.3
DWLR0080,2024-06-22 00:00:00,22.79,6.9
DWLR0080,2024-06-25 00:00:00,22.75,7.4
DWLR0080,2024-06-28 00:00:00,22.74,35.6
DWLR0080,2024-07-01 00:00:00,22.57,3.5
DWLR0080,2024-07-04 00:00:00,22.49,17.4
DWLR0080,2024-07-07 00:00:00,22.51,38.5
DWLR0080,2024-07-10 00:00:00,22.44,37.3
DWLR0080,2024-07-13 00:00:00,22.37,21.3
DWLR0080,2024-07-16 00:00:00,22.29,28.9
DWLR0080,2024-07-19 00:00:00,22.17,32.2
DWLR0080,2024-07-22 00:00:00,22.14,4.7
DWLR0080,2024-07-25 00:00:00,22.09,35.2
DWLR0080,2024-07-28 00:00:00,22.07,13.6
DWLR0080,2024-07-31 00:00:00,21.99,20.0
DWLR0080,2024-08-03 00:00:00,21.91,38.7
DWLR0080,2024-08-06 00:00:00,21.8,13.2
DWLR0080,2024-08-09 00:00:00,21.68,21.3
DWLR0080,2024-08-12 00:00:00,21.75,38.9
DWLR0080,2024-08-15 00:00:00,21.7,23.5
DWLR0080,2024-08-18 00:00:00,21.65,4.5
DWLR0080,2024-08-21 00:00:00,21.63,10.6
DWLR0080,2024-08-24 00:00:00,21.58,7.2
DWLR0080,2024-08-27 00:00:00,21.6,26.2
DWLR0080,2024-08-30 00:00:00,21.5,24.5
DWLR0080,2024-09-02 00:00:00,21.46,4.2
DWLR0080,2024-09-05 00:00:00,21.47,1.8
DWLR0080,2024-09-08 00:00:00,21.41,2.2
DWLR0080,2024-09-11 00:00:00,21.36,32.2
DWLR0080,2024-09-14 00:00:00,21.24,18.7
DWLR0080,2024-09-17 00:00:00,21.22,4.4
DWLR0080,2024-09-20 00:00:00,21.18,25.8
DWLR0080,2024-09-23 00:00:00,21.2,36.7
DWLR0080,2024-09-26 00:00:00,21.07,14.5
DWLR0080,2024-09-29 00:00:00,20.92,32.3
DWLR0080,2024-10-02 00:00:00,20.84,3.0
DWLR0080,2024-10-05 00:00:00,20.81,3.1
DWLR0080,2024-10-08 00:00:00,20.85,0.3
DWLR0080,2024-10-11 00:00:00,20.82,0.1
DWLR0080,2024-10-14 00:00:00,20.87,0.5
DWLR0080,2024-10-17 00:00:00,20.92,1.3
DWLR0080,2024-10-20 00:00:00,20.9,1.7
DWLR0080,2024-10-23 00:00:00,20.99,0.4
DWLR0080,2024-10-26 00:00:00,21.01,2.8
DWLR0080,2024-10-29 00:00:00,20.97,1.2
DWLR0080,2024-11-01 00:00:00,20.9,3.1
DWLR0080,2024-11-04 00:00:00,20.87,0.9
DWLR0080,2024-11-07 00:00:00,20.88,5.0
DWLR0080,2024-11-10 00:00:00,20.96,0.1
DWLR0080,2024-11-13 00:00:00,21.08,2.5
DWLR0080,2024-11-16 00:00:00,21.08,1.3
DWLR0080,2024-11-19 00:00:00,21.1,4.3
DWLR0080,2024-11-22 00:00:00,21.07,2.4
DWLR0080,2024-11-25 00:00:00,21.05,2.3
DWLR0080,2024-11-28 00:00:00,20.98,4.8
DWLR0080,2024-12-01 00:00:00,21.02,2.8
DWLR0080,2024-12-04 00:00:00,21.01,4.8
DWLR0080,2024-12-07 00:00:00,21.01,1.1
DWLR0080,2024-12-10 00:00:00,21.07,2.1
DWLR0080,2024-12-13 00:00:00,21.09,0.2
DWLR0080,2024-12-16 00:00:00,21.18,0.4
DWLR0080,2024-12-19 00:00:00,21.15,1.1
DWLR0080,2024-12-22 00:00:00,21.11,0.1
DWLR0080,2024-12-25 00:00:00,21.21,3.3
DWLR0080,2024-12-28 00:00:00,21.29,4.1
DWLR0080,2024-12-31 00:00:00,21.33,0.9
DWLR0080,2025-01-03 00:00:00,21.43,4.3
DWLR0080,2025-01-06 00:00:00,21.52,2.0
DWLR0080,2025-01-09 00:00:00,21.47,4.7
DWLR0080,2025-01-12 00:00:00,21.42,0.4
DWLR0080,2025-01-15 00:00:00,21.49,3.0
DWLR0080,2025-01-18 00:00:00,21.48,0.8
DWLR0080,2025-01-21 00:00:00,21.51,0.0
DWLR0080,2025-01-24 00:00:00,21.55,2.1
DWLR0080,2025-01-27 00:00:00,21.53,1.4
DWLR0080,2025-01-30 00:00:00,21.54,2.8
DWLR0080,2025-02-02 00:00:00,21.53,3.6
DWLR0080,2025-02-05 00:00:00,21.5,3.0
DWLR0080,2025-02-08 00:00:00,21.52,3.6
DWLR0080,2025-02-11 00:00:00,21.49,1.8
DWLR0080,2025-02-14 00:00:00,21.57,2.5
DWLR0080,2025-02-17 00:00:00,21.56,3.4
DWLR0080,2025-02-20 00:00:00,21.57,1.0
DWLR0080,2025-02-23 00:00:00,21.59,2.5
DWLR0080,2025-02-26 00:00:00,21.57,1.9
DWLR0080,2025-03-01 00:00:00,21.64,2.4
DWLR0080,2025-03-04 00:00:00,21.66,3.6
DWLR0080,2025-03-07 00:00:00,21.66,2.3
DWLR0080,2025-03-10 00:00:00,21.71,0.8
DWLR0080,2025-03-13 00:00:00,21.7,2.0
DWLR0080,2025-03-16 00:00:00,21.68,1.3
DWLR0080,2025-03-19 00:00:00,21.79,0.4
DWLR0080,2025-03-22 00:00:00,21.83,3.6
DWLR0080,2025-03-25 00:00:00,21.8,3.7
DWLR0080,2025-03-28 00:00:00,21.85,0.2
DWLR0080,2025-03-31 00:00:00,21.78,1.8
DWLR0080,2025-04-03 00:00:00,21.86,2.0
DWLR0080,2025-04-06 00:00:00,21.94,1.0
DWLR0080,2025-04-09 00:00:00,21.86,4.9
DWLR0080,2025-04-12 00:00:00,21.88,0.3
DWLR0080,2025-04-15 00:00:00,21.89,0.3
DWLR0080,2025-04-18 00:00:00,21.92,2.3
DWLR0080,2025-04-21 00:00:00,21.98,3.1
DWLR0080,2025-04-24 00:00:00,21.97,2.3
DWLR0080,2025-04-27 00:00:00,21.96,0.2
DWLR0080,2025-04-30 00:00:00,21.98,0.3
DWLR0080,2025-05-03 00:00:00,22.06,3.0
DWLR0080,2025-05-06 00:00:00,22.11,1.6
DWLR0080,2025-05-09 00:00:00,22.18,0.5
DWLR0080,2025-05-12 00:00:00,22.22,1.5
DWLR0080,2025-05-15 00:00:00,22.24,2.6
DWLR0080,2025-05-18 00:00:00,22.27,2.5
DWLR0080,2025-05-21 00:00:00,22.28,0.4
DWLR0080,2025-05-24 00:00:00,22.38,4.5
DWLR0080,2025-05-27 00:00:00,22.41,0.3
DWLR0080,2025-05-30 00:00:00,22.48,4.0
DWLR0080,2025-06-02 00:00:00,22.44,26.7
DWLR0080,2025-06-05 00:00:00,22.3,36.2
DWLR0080,2025-06-08 00:00:00,22.12,34.2
DWLR0080,2025-06-11 00:00:00,21.94,25.2
DWLR0080,2025-06-14 00:00:00,21.88,29.8
DWLR0080,2025-06-17 00:00:00,21.85,12.2
DWLR0080,2025-06-20 00:00:00,21.72,16.0
DWLR0080,2025-06-23 00:00:00,21.66,4.3
DWLR0080,2025-06-26 00:00:00,21.49,20.6
DWLR0080,2025-06-29 00:00:00,21.45,4.5
DWLR0080,2025-07-02 00:00:00,21.35,32.3
DWLR0080,2025-07-05 00:00:00,21.38,39.2
DWLR0080,2025-07-08 00:00:00,21.34,5.3
DWLR0080,2025-07-11 00:00:00,21.19,29.5
DWLR0080,2025-07-14 00:00:00,21.11,32.4
DWLR0080,2025-07-17 00:00:00,21.01,16.8
DWLR0080,2025-07-20 00:00:00,20.96,3.0
DWLR0080,2025-07-23 00:00:00,20.89,30.8
DWLR0080,2025-07-26 00:00:00,20.84,1.9
DWLR0080,2025-07-29 00:00:00,20.76,5.7
DWLR0080,2025-08-01 00:00:00,20.6,33.4
DWLR0080,2025-08-04 00:00:00,20.54,24.3
DWLR0080,2025-08-07 00:00:00,20.46,25.6
DWLR0080,2025-08-10 00:00:00,20.35,37.2
DWLR0080,2025-08-13 00:00:00,20.34,23.5
DWLR0080,2025-08-16 00:00:00,20.3,20.7
DWLR0080,2025-08-19 00:00:00,20.26,31.1
DWLR0080,2025-08-22 00:00:00,20.3,24.4
DWLR0080,2025-08-25 00:00:00,20.24,29.9
DWLR0080,2025-08-28 00:00:00,20.15,27.3
DWLR0080,2025-08-31 00:00:00,20.09,19.7
DWLR0080,2025-09-03 00:00:00,20.05,12.5
DWLR0080,2025-09-06 00:00:00,20.03,15.8
DWLR0080,2025-09-09 00:00:00,19.98,34.4
DWLR0080,2025-09-12 00:00:00,19.98,20.4
DWLR0080,2025-09-15 00:00:00,19.88,30.2
DWLR0080,2025-09-18 00:00:00,19.89,2.0
DWLR0080,2025-09-21 00:00:00,19.85,8.5
DWLR0080,2025-09-24 00:00:00,19.8,29.8
DWLR0080,2025-09-27 00:00:00,19.7,23.0
DWLR0080,2025-09-30 00:00:00,19.64,22.9
DWLR0080,2025-10-03 00:00:00,19.72,0.1
DWLR0080,2025-10-06 00:00:00,19.75,1.7
DWLR0080,2025-10-09 00:00:00,19.78,5.0
DWLR0080,2025-10-12 00:00:00,19.76,0.3
DWLR0080,2025-10-15 00:00:00,19.74,1.7
DWLR0080,2025-10-18 00:00:00,19.73,4.5
DWLR0080,2025-10-21 00:00:00,19.74,3.4
DWLR0080,2025-10-24 00:00:00,19.78,4.6
DWLR0080,2025-10-27 00:00:00,19.85,4.8
DWLR0080,2025-10-30 00:00:00,19.89,2.7
DWLR0080,2025-11-02 00:00:00,19.78,0.1
DWLR0080,2025-11-05 00:00:00,19.92,4.1
DWLR0080,2025-11-08 00:00:00,19.89,0.8
DWLR0080,2025-11-11 00:00:00,19.88,4.1
DWLR0080,2025-11-14 00:00:00,19.91,2.9
DWLR0080,2025-11-17 00:00:00,19.95,1.0
DWLR0080,2025-11-20 00:00:00,19.97,0.2
DWLR0080,2025-11-23 00:00:00,19.98,2.9
DWLR0080,2025-11-26 00:00:00,20.08,3.4
DWLR0081,2024-06-01 00:00:00,15.2,10.2
DWLR0081,2024-06-04 00:00:00,15.24,11.2
DWLR0081,2024-06-07 00:00:00,15.39,28.1
DWLR0081,2024-06-10 00:00:00,15.58,16.6
DWLR0081,2024-06-13 00:00:00,15.67,13.8
DWLR0081,2024-06-16 00:00:00,15.79,34.7
DWLR0081,2024-06-19 00:00:00,15.87,31.8
DWLR0081,2024-06-22 00:00:00,15.87,37.5
DWLR0081,2024-06-25 00:00:00,15.97,19.4
DWLR0081,2024-06-28 00:00:00,16.04,38.6
DWLR0081,2024-07-01 00:00:00,16.06,21.9
DWLR0081,2024-07-04 00:00:00,16.17,36.6
DWLR0081,2024-07-07 00:00:00,16.14,29.0
DWLR0081,2024-07-10 00:00:00,16.29,14.0
DWLR0081,2024-07-13 00:00:00,16.36,28.3
DWLR0081,2024-07-16 00:00:00,16.44,12.8
DWLR0081,2024-07-19 00:00:00,16.54,16.4
DWLR0081,2024-07-22 00:00:00,16.59,9.8
DWLR0081,2024-07-25 00:00:00,16.61,30.1
DWLR0081,2024-07-28 00:00:00,16.67,33.3
DWLR0081,2024-07-31 00:00:00,16.79,7.6
DWLR0081,2024-08-03 00:00:00,16.9,6.8
DWLR0081,2024-08-06 00:00:00,16.96,13.1
DWLR0081,2024-08-09 00:00:00,17.11,21.8
DWLR0081,2024-08-12 00:00:00,17.2,15.1
DWLR0081,2024-08-15 00:00:00,17.29,13.5
DWLR0081,2024-08-18 00:00:00,17.37,19.8
DWLR0081,2024-08-21 00:00:00,17.42,25.3
DWLR0081,2024-08-24 00:00:00,17.47,37.4
DWLR0081,2024-08-27 00:00:00,17.56,28.4
DWLR0081,2024-08-30 00:00:00,17.59,31.5
DWLR0081,2024-09-02 00:00:00,17.74,19.0
DWLR0081,2024-09-05 00:00:00,17.85,9.0
DWLR0081,2024-09-08 00:00:00,17.89,6.5
DWLR0081,2024-09-11 00:00:00,17.98,27.2
DWLR0081,2024-09-14 00:00:00,18.12,12.0
DWLR0081,2024-09-17 00:00:00,18.21,26.1
DWLR0081,2024-09-20 00:00:00,18.32,16.9
DWLR0081,2024-09-23 00:00:00,18.48,22.1
DWLR0081,2024-09-26 00:00:00,18.6,13.5
DWLR0081,2024-09-29 00:00:00,18.58,0.5
DWLR0081,2024-10-02 00:00:00,18.69,2.8
DWLR0081,2024-10-05 00:00:00,18.88,2.4
DWLR0081,2024-10-08 00:00:00,19.0,4.3
DWLR0081,2024-10-11 00:00:00,19.24,2.7
DWLR0081,2024-10-14 00:00:00,19.43,3.8
DWLR0081,2024-10-17 00:00:00,19.6,4.5
DWLR0081,2024-10-20 00:00:00,19.75,3.6
DWLR0081,2024-10-23 00:00:00,19.9,2.5
DWLR0081,2024-10-26 00:00:00,19.95,2.2
DWLR0081,2024-10-29 00:00:00,20.06,2.5
DWLR0081,2024-11-01 00:00:00,20.27,0.9
DWLR0081,2024-11-04 00:00:00,20.47,0.7
DWLR0081,2024-11-07 00:00:00,20.7,4.1
DWLR0081,2024-11-10 00:00:00,20.89,2.9
DWLR0081,2024-11-13 00:00:00,21.05,0.7
DWLR0081,2024-11-16 00:00:00,21.2,4.5
DWLR0081,2024-11-19 00:00:00,21.36,2.5
DWLR0081,2024-11-22 00:00:00,21.57,1.3
DWLR0081,2024-11-25 00:00:00,21.75,3.2
DWLR0081,2024-11-28 00:00:00,22.01,1.1
DWLR0081,2024-12-01 00:00:00,22.21,2.5
DWLR0081,2024-12-04 00:00:00,22.4,2.0
DWLR0081,2024-12-07 00:00:00,22.47,1.5
DWLR0081,2024-12-10 00:00:00,22.64,4.3
DWLR0081,2024-12-13 00:00:00,22.73,2.8
DWLR0081,2024-12-16 00:00:00,22.92,2.2
DWLR0081,2024-12-19 00:00:00,23.09,1.3
DWLR0081,2024-12-22 00:00:00,23.18,0.6
DWLR0081,2024-12-25 00:00:00,23.34,2.2
DWLR0081,2024-12-28 00:00:00,23.53,2.8
DWLR0081,2024-12-31 00:00:00,23.7,2.0
DWLR0081,2025-01-03 00:00:00,23.86,2.1
DWLR0081,2025-01-06 00:00:00,24.07,3.7
DWLR0081,2025-01-09 00:00:00,24.24,4.4
DWLR0081,2025-01-12 00:00:00,24.47,4.2
DWLR0081,2025-01-15 00:00:00,24.62,3.9
DWLR0081,2025-01-18 00:00:00,24.77,1.6
DWLR0081,2025-01-21 00:00:00,24.99,0.2
DWLR0081,2025-01-24 00:00:00,25.12,3.6
DWLR0081,2025-01-27 00:00:00,25.32,0.6
DWLR0081,2025-01-30 00:00:00,25.54,2.8
DWLR0081,2025-02-02 00:00:00,25.81,4.4
DWLR0081,2025-02-05 00:00:00,26.04,0.1
DWLR0081,2025-02-08 00:00:00,26.2,4.6
DWLR0081,2025-02-11 00:00:00,26.36,4.6
DWLR0081,2025-02-14 00:00:00,26.61,2.4
DWLR0081,2025-02-17 00:00:00,26.75,1.2
DWLR0081,2025-02-20 00:00:00,26.92,2.2
DWLR0081,2025-02-23 00:00:00,27.08,1.2
DWLR0081,2025-02-26 00:00:00,27.21,1.8
DWLR0081,2025-03-01 00:00:00,27.42,3.5
DWLR0081,2025-03-04 00:00:00,27.6,0.3
DWLR0081,2025-03-07 00:00:00,27.85,3.7
DWLR0081,2025-03-10 00:00:00,27.97,1.3
DWLR0081,2025-03-13 00:00:00,28.1,1.4
DWLR0081,2025-03-16 00:00:00,28.28,0.7
DWLR0081,2025-03-19 00:00:00,28.56,0.3
DWLR0081,2025-03-22 00:00:00,28.71,4.4
DWLR0081,2025-03-25 00:00:00,28.94,0.5
DWLR0081,2025-03-28 00:00:00,29.08,4.4
DWLR0081,2025-03-31 00:00:00,29.26,1.3
DWLR0081,2025-04-03 00:00:00,29.43,2.4
DWLR0081,2025-04-06 00:00:00,29.62,1.6
DWLR0081,2025-04-09 00:00:00,29.75,4.1
DWLR0081,2025-04-12 00:00:00,29.87,2.4
DWLR0081,2025-04-15 00:00:00,30.03,4.0
DWLR0081,2025-04-18 00:00:00,30.17,3.3
DWLR0081,2025-04-21 00:00:00,30.36,4.0
DWLR0081,2025-04-24 00:00:00,30.55,3.0
DWLR0081,2025-04-27 00:00:00,30.64,2.0
DWLR0081,2025-04-30 00:00:00,30.84,1.5
DWLR0081,2025-05-03 00:00:00,31.08,1.5
DWLR0081,2025-05-06 00:00:00,31.19,0.9
DWLR0081,2025-05-09 00:00:00,31.37,1.2
DWLR0081,2025-05-12 00:00:00,31.47,0.5
DWLR0081,2025-05-15 00:00:00,31.56,4.0
DWLR0081,2025-05-18 00:00:00,31.72,3.6
DWLR0081,2025-05-21 00:00:00,31.85,3.2
DWLR0081,2025-05-24 00:00:00,31.98,1.5
DWLR0081,2025-05-27 00:00:00,32.2,3.0
DWLR0081,2025-05-30 00:00:00,32.39,1.7
DWLR0081,2025-06-02 00:00:00,32.5,28.6
DWLR0081,2025-06-05 00:00:00,32.53,19.9
DWLR0081,2025-06-08 00:00:00,32.64,7.7
DWLR0081,2025-06-11 00:00:00,32.73,8.2
DWLR0081,2025-06-14 00:00:00,32.76,12.8
DWLR0081,2025-06-17 00:00:00,32.83,27.6
DWLR0081,2025-06-20 00:00:00,32.81,27.1
DWLR0081,2025-06-23 00:00:00,32.94,39.3
DWLR0081,2025-06-26 00:00:00,33.01,6.5
DWLR0081,2025-06-29 00:00:00,33.05,22.5
DWLR0081,2025-07-02 00:00:00,33.14,5.5
DWLR0081,2025-07-05 00:00:00,33.26,4.8
DWLR0081,2025-07-08 00:00:00,33.36,28.5
DWLR0081,2025-07-11 00:00:00,33.41,5.0
DWLR0081,2025-07-14 00:00:00,33.57,4.0
DWLR0081,2025-07-17 00:00:00,33.58,22.8
DWLR0081,2025-07-20 00:00:00,33.66,26.3
DWLR0081,2025-07-23 00:00:00,33.78,16.8
DWLR0081,2025-07-26 00:00:00,33.76,2.1
DWLR0081,2025-07-29 00:00:00,33.81,21.9
DWLR0081,2025-08-01 00:00:00,33.77,29.8
DWLR0081,2025-08-04 00:00:00,33.85,8.4
DWLR0081,2025-08-07 00:00:00,33.91,10.2
DWLR0081,2025-08-10 00:00:00,33.97,31.8
DWLR0081,2025-08-13 00:00:00,34.13,32.2
DWLR0081,2025-08-16 00:00:00,34.08,34.7
DWLR0081,2025-08-19 00:00:00,34.11,37.6
DWLR0081,2025-08-22 00:00:00,34.12,23.3
DWLR0081,2025-08-25 00:00:00,34.16,30.5
DWLR0081,2025-08-28 00:00:00,34.27,4.6
DWLR0081,2025-08-31 00:00:00,34.21,27.8
DWLR0081,2025-09-03 00:00:00,34.27,29.3
DWLR0081,2025-09-06 00:00:00,34.35,32.4
DWLR0081,2025-09-09 00:00:00,34.41,15.2
DWLR0081,2025-09-12 00:00:00,34.51,38.0
DWLR0081,2025-09-15 00:00:00,34.67,35.8
DWLR0081,2025-09-18 00:00:00,34.72,6.1
DWLR0081,2025-09-21 00:00:00,34.77,36.1
DWLR0081,2025-09-24 00:00:00,34.89,19.1
DWLR0081,2025-09-27 00:00:00,34.99,36.3
DWLR0081,2025-09-30 00:00:00,35.11,23.9
DWLR0081,2025-10-03 00:00:00,35.33,2.0
DWLR0081,2025-10-06 00:00:00,35.58,2.9
DWLR0081,2025-10-09 00:00:00,35.71,2.3
DWLR0081,2025-10-12 00:00:00,35.87,5.0
DWLR0081,2025-10-15 00:00:00,36.02,2.1
DWLR0081,2025-10-18 00:00:00,36.22,0.3
DWLR0081,2025-10-21 00:00:00,36.42,3.5
DWLR0081,2025-10-24 00:00:00,36.51,1.0
DWLR0081,2025-10-27 00:00:00,36.7,3.8
DWLR0081,2025-10-30 00:00:00,36.76,4.6
DWLR0081,2025-11-02 00:00:00,36.86,2.6
DWLR0081,2025-11-05 00:00:00,36.95,3.8
DWLR0081,2025-11-08 00:00:00,37.06,4.5
DWLR0081,2025-11-11 00:00:00,37.16,1.3
DWLR0081,2025-11-14 00:00:00,37.43,2.2
DWLR0081,2025-11-17 00:00:00,37.64,3.1
DWLR0081,2025-11-20 00:00:00,37.81,2.3
DWLR0081,2025-11-23 00:00:00,38.07,4.1
DWLR0081,2025-11-26 00:00:00,38.22,5.0
DWLR0082,2024-06-01 00:00:00,16.57,2.1
DWLR0082,2024-06-04 00:00:00,16.52,35.1
DWLR0082,2024-06-07 00:00:00,16.43,4.2
DWLR0082,2024-06-10 00:00:00,16.31,5.8
DWLR0082,2024-06-13 00:00:00,16.22,27.0
DWLR0082,2024-06-16 00:00:00,16.21,26.6
DWLR0082,2024-06-19 00:00:00,16.13,10.8
DWLR0082,2024-06-22 00:00:00,16.01,6.8
DWLR0082,2024-06-25 00:00:00,15.93,12.9
DWLR0082,2024-06-28 00:00:00,15.95,25.0
DWLR0082,2024-07-01 00:00:00,15.88,10.9
DWLR0082,2024-07-04 00:00:00,15.81,25.0
DWLR0082,2024-07-07 00:00:00,15.78,14.4
DWLR0082,2024-07-10 00:00:00,15.76,36.5
DWLR0082,2024-07-13 00:00:00,15.7,7.2
DWLR0082,2024-07-16 00:00:00,15.67,2.2
DWLR0082,2024-07-19 00:00:00,15.64,19.6
DWLR0082,2024-07-22 00:00:00,15.59,21.8
DWLR0082,2024-07-25 00:00:00,15.46,15.3
DWLR0082,2024-07-28 00:00:00,15.44,12.1
DWLR0082,2024-07-31 00:00:00,15.46,8.0
DWLR0082,2024-08-03 00:00:00,15.43,14.6
DWLR0082,2024-08-06 00:00:00,15.32,13.1
DWLR0082,2024-08-09 00:00:00,15.31,36.9
DWLR0082,2024-08-12 00:00:00,15.25,25.6
DWLR0082,2024-08-15 00:00:00,15.2,20.1
DWLR0082,2024-08-18 00:00:00,15.19,22.1
DWLR0082,2024-08-21 00:00:00,15.11,7.6
DWLR0082,2024-08-24 00:00:00,15.05,38.6
DWLR0082,2024-08-27 00:00:00,15.05,31.6
DWLR0082,2024-08-30 00:00:00,14.94,4.5
DWLR0082,2024-09-02 00:00:00,14.91,33.5
DWLR0082,2024-09-05 00:00:00,14.85,10.5
DWLR0082,2024-09-08 00:00:00,14.85,8.9
DWLR0082,2024-09-11 00:00:00,14.79,25.3
DWLR0082,2024-09-14 00:00:00,14.69,25.1
DWLR0082,2024-09-17 00:00:00,14.54,25.8
DWLR0082,2024-09-20 00:00:00,14.4,31.7
DWLR0082,2024-09-23 00:00:00,14.33,16.0
DWLR0082,2024-09-26 00:00:00,14.22,22.4
DWLR0082,2024-09-29 00:00:00,14.08,8.0
DWLR0082,2024-10-02 00:00:00,14.02,2.6
DWLR0082,2024-10-05 00:00:00,14.01,0.0
DWLR0082,2024-10-08 00:00:00,14.07,1.0
DWLR0082,2024-10-11 00:00:00,14.05,3.9
DWLR0082,2024-10-14 00:00:00,14.02,4.8
DWLR0082,2024-10-17 00:00:00,14.08,1.2
DWLR0082,2024-10-20 00:00:00,14.08,0.2
DWLR0082,2024-10-23 00:00:00,14.18,1.0
DWLR0082,2024-10-26 00:00:00,14.17,2.2
DWLR0082,2024-10-29 00:00:00,14.18,0.3
DWLR0082,2024-11-01 00:00:00,14.19,0.5
DWLR0082,2024-11-04 00:00:00,14.24,4.6
DWLR0082,2024-11-07 00:00:00,14.2,0.4
DWLR0082,2024-11-10 00:00:00,14.26,2.6
DWLR0082,2024-11-13 00:00:00,14.28,2.9
DWLR0082,2024-11-16 00:00:00,14.34,0.0
DWLR0082,2024-11-19 00:00:00,14.45,4.6
DWLR0082,2024-11-22 00:00:00,14.46,3.8
DWLR0082,2024-11-25 00:00:00,14.37,4.3
DWLR0082,2024-11-28 00:00:00,14.35,2.9
DWLR0082,2024-12-01 00:00:00,14.37,1.6
DWLR0082,2024-12-04 00:00:00,14.42,0.8
DWLR0082,2024-12-07 00:00:00,14.53,2.1
DWLR0082,2024-12-10 00:00:00,14.64,1.8
DWLR0082,2024-12-13 00:00:00,14.67,0.3
DWLR0082,2024-12-16 00:00:00,14.66,4.9
DWLR0082,2024-12-19 00:00:00,1013.74,4.9
DWLR0082,2024-12-22 00:00:00,1013.75,2.8
DWLR0082,2024-12-25 00:00:00,1013.74,1.6
DWLR0082,2024-12-28 00:00:00,1013.77,0.7
DWLR0082,2024-12-31 00:00:00,1013.89,0.2
DWLR0082,2025-01-03 00:00:00,1013.86,2.4
DWLR0082,2025-01-06 00:00:00,16.61,2.7
DWLR0082,2025-01-09 00:00:00,16.61,1.9
DWLR0082,2025-01-12 00:00:00,16.61,3.8
DWLR0082,2025-01-15 00:00:00,16.61,0.6
DWLR0082,2025-01-18 00:00:00,16.61,0.8
DWLR0082,2025-01-21 00:00:00,16.61,3.2
DWLR0082,2025-01-24 00:00:00,16.61,3.2
DWLR0082,2025-01-27 00:00:00,16.61,3.5
DWLR0082,2025-01-30 00:00:00,16.61,2.7
DWLR0082,2025-02-02 00:00:00,16.61,4.6
DWLR0082,2025-02-05 00:00:00,16.61,0.7
DWLR0082,2025-02-08 00:00:00,16.61,3.4
DWLR0082,2025-02-11 00:00:00,16.61,4.4
DWLR0082,2025-02-14 00:00:00,16.61,1.9
DWLR0082,2025-02-17 00:00:00,16.61,0.5
DWLR0082,2025-02-20 00:00:00,16.61,4.1
DWLR0082,2025-02-23 00:00:00,16.61,0.8
DWLR0082,2025-02-26 00:00:00,16.61,3.2
DWLR0082,2025-03-01 00:00:00,16.61,3.2
DWLR0082,2025-03-04 00:00:00,16.61,0.2
DWLR0082,2025-03-07 00:00:00,16.61,1.1
DWLR0082,2025-03-10 00:00:00,16.61,0.9
DWLR0082,2025-03-13 00:00:00,16.61,3.4
DWLR0082,2025-03-16 00:00:00,16.61,0.3
DWLR0082,2025-03-19 00:00:00,16.61,0.3
DWLR0082,2025-03-22 00:00:00,16.61,3.0
DWLR0082,2025-03-25 00:00:00,16.61,4.2
DWLR0082,2025-03-28 00:00:00,16.61,2.2
DWLR0082,2025-03-31 00:00:00,16.61,2.2
DWLR0082,2025-04-03 00:00:00,16.61,4.0
DWLR0082,2025-04-06 00:00:00,16.61,2.2
DWLR0082,2025-04-09 00:00:00,16.61,4.8
DWLR0082,2025-04-12 00:00:00,16.61,2.4
DWLR0082,2025-04-15 00:00:00,16.61,4.6
DWLR0082,2025-04-18 00:00:00,16.61,4.8
DWLR0082,2025-04-21 00:00:00,16.61,4.0
DWLR0082,2025-04-24 00:00:00,16.61,2.1
DWLR0082,2025-04-27 00:00:00,16.61,0.2
DWLR0082,2025-04-30 00:00:00,16.61,2.5
DWLR0082,2025-05-03 00:00:00,16.61,3.3
DWLR0082,2025-05-06 00:00:00,16.61,0.2
DWLR0082,2025-05-09 00:00:00,16.61,4.3
DWLR0082,2025-05-12 00:00:00,16.61,2.4
DWLR0082,2025-05-15 00:00:00,16.61,0.2
DWLR0082,2025-05-18 00:00:00,16.61,1.4
DWLR0082,2025-05-21 00:00:00,16.61,3.5
DWLR0082,2025-05-24 00:00:00,16.61,1.0
DWLR0082,2025-05-27 00:00:00,16.61,1.4
DWLR0082,2025-05-30 00:00:00,16.61,4.1
DWLR0082,2025-06-02 00:00:00,16.61,5.8
DWLR0082,2025-06-05 00:00:00,16.61,2.7
DWLR0082,2025-06-08 00:00:00,16.61,2.0
DWLR0082,2025-06-11 00:00:00,16.61,27.0
DWLR0082,2025-06-14 00:00:00,16.61,15.9
DWLR0082,2025-06-17 00:00:00,16.61,15.8
DWLR0082,2025-06-20 00:00:00,16.61,15.6
DWLR0082,2025-06-23 00:00:00,16.61,16.1
DWLR0082,2025-06-26 00:00:00,16.61,30.5
DWLR0082,2025-06-29 00:00:00,16.61,31.8
DWLR0082,2025-07-02 00:00:00,16.61,17.5
DWLR0082,2025-07-05 00:00:00,16.61,37.3
DWLR0082,2025-07-08 00:00:00,16.61,2.3
DWLR0082,2025-07-11 00:00:00,16.61,3.1
DWLR0082,2025-07-14 00:00:00,16.61,15.3
DWLR0082,2025-07-17 00:00:00,16.61,11.6
DWLR0082,2025-07-20 00:00:00,16.61,18.4
DWLR0082,2025-07-23 00:00:00,16.61,28.2
DWLR0082,2025-07-26 00:00:00,16.61,8.6
DWLR0082,2025-07-29 00:00:00,16.61,36.9
DWLR0082,2025-08-01 00:00:00,16.61,11.9
DWLR0082,2025-08-04 00:00:00,16.61,8.8
DWLR0082,2025-08-07 00:00:00,16.61,1.9
DWLR0082,2025-08-10 00:00:00,16.61,29.1
DWLR0082,2025-08-13 00:00:00,16.61,27.5
DWLR0082,2025-08-16 00:00:00,16.61,37.2
DWLR0082,2025-08-19 00:00:00,16.61,2.8
DWLR0082,2025-08-22 00:00:00,16.61,32.8
DWLR0082,2025-08-25 00:00:00,16.61,13.1
DWLR0082,2025-08-28 00:00:00,16.61,22.1
DWLR0082,2025-08-31 00:00:00,16.61,16.1
DWLR0082,2025-09-03 00:00:00,16.61,31.2
DWLR0082,2025-09-06 00:00:00,16.61,23.4
DWLR0082,2025-09-09 00:00:00,16.61,16.2
DWLR0082,2025-09-12 00:00:00,16.61,22.7
DWLR0082,2025-09-15 00:00:00,16.61,20.3
DWLR0082,2025-09-18 00:00:00,16.61,16.4
DWLR0082,2025-09-21 00:00:00,16.61,5.1
DWLR0082,2025-09-24 00:00:00,16.61,6.9
DWLR0082,2025-09-27 00:00:00,16.61,39.6
DWLR0082,2025-09-30 00:00:00,16.61,23.0
DWLR0082,2025-10-03 00:00:00,16.61,1.2
DWLR0082,2025-10-06 00:00:00,16.61,1.4
DWLR0082,2025-10-09 00:00:00,16.61,4.1
DWLR0082,2025-10-12 00:00:00,16.61,4.5
DWLR0082,2025-10-15 00:00:00,16.61,4.8
DWLR0082,2025-10-18 00:00:00,16.61,1.0
DWLR0082,2025-10-21 00:00:00,16.61,3.4
DWLR0082,2025-10-24 00:00:00,16.61,0.4
DWLR0082,2025-10-27 00:00:00,16.61,2.5
DWLR0082,2025-10-30 00:00:00,16.61,2.8
DWLR0082,2025-11-02 00:00:00,16.61,4.1
DWLR0082,2025-11-05 00:00:00,16.61,4.8
DWLR0082,2025-11-08 00:00:00,16.61,2.4
DWLR0082,2025-11-11 00:00:00,16.61,0.5
DWLR0082,2025-11-14 00:00:00,16.61,2.7
DWLR0082,2025-11-17 00:00:00,16.61,1.7
DWLR0082,2025-11-20 00:00:00,16.61,2.4
DWLR0082,2025-11-23 00:00:00,16.61,1.3
DWLR0082,2025-11-26 00:00:00,16.61,2.4
DWLR0083,2024-06-01 00:00:00,7.27,20.5
DWLR0083,2024-06-04 00:00:00,7.13,35.4
DWLR0083,2024-06-07 00:00:00,7.03,21.4
DWLR0083,2024-06-10 00:00:00,6.88,3.8
DWLR0083,2024-06-13 00:00:00,6.84,26.8
DWLR0083,2024-06-16 00:00:00,6.82,16.5
DWLR0083,2024-06-19 00:00:00,6.79,15.7
DWLR0083,2024-06-22 00:00:00,6.69,25.5
DWLR0083,2024-06-25 00:00:00,6.58,2.7
DWLR0083,2024-06-28 00:00:00,6.49,6.2
DWLR0083,2024-07-01 00:00:00,6.35,13.6
DWLR0083,2024-07-04 00:00:00,6.2,21.2
DWLR0083,2024-07-07 00:00:00,6.11,4.2
DWLR0083,2024-07-10 00:00:00,6.07,20.6
DWLR0083,2024-07-13 00:00:00,6.01,10.7
DWLR0083,2024-07-16 00:00:00,6.03,2.1
DWLR0083,2024-07-19 00:00:00,5.95,16.6
DWLR0083,2024-07-22 00:00:00,5.85,39.0
DWLR0083,2024-07-25 00:00:00,5.8,31.8
DWLR0083,2024-07-28 00:00:00,5.71,14.5
DWLR0083,2024-07-31 00:00:00,5.67,27.6
DWLR0083,2024-08-03 00:00:00,5.6,2.4
DWLR0083,2024-08-06 00:00:00,5.52,6.8
DWLR0083,2024-08-09 00:00:00,5.43,14.0
DWLR0083,2024-08-12 00:00:00,5.33,21.3
DWLR0083,2024-08-15 00:00:00,5.24,25.4
DWLR0083,2024-08-18 00:00:00,5.21,20.8
DWLR0083,2024-08-21 00:00:00,5.23,11.8
DWLR0083,2024-08-24 00:00:00,5.22,4.7
DWLR0083,2024-08-27 00:00:00,5.13,27.2
DWLR0083,2024-08-30 00:00:00,5.11,25.2
DWLR0083,2024-09-02 00:00:00,5.15,10.5
DWLR0083,2024-09-05 00:00:00,5.13,29.2
DWLR0083,2024-09-08 00:00:00,5.01,37.6
DWLR0083,2024-09-11 00:00:00,4.89,0.7
DWLR0083,2024-09-14 00:00:00,4.87,32.0
DWLR0083,2024-09-17 00:00:00,4.72,6.0
DWLR0083,2024-09-20 00:00:00,4.7,21.9
DWLR0083,2024-09-23 00:00:00,4.55,8.6
DWLR0083,2024-09-26 00:00:00,4.42,11.0
DWLR0083,2024-09-29 00:00:00,4.39,28.7
DWLR0083,2024-10-02 00:00:00,4.41,0.6
DWLR0083,2024-10-05 00:00:00,4.4,0.9
DWLR0083,2024-10-08 00:00:00,4.39,0.2
DWLR0083,2024-10-11 00:00:00,4.46,0.9
DWLR0083,2024-10-14 00:00:00,4.51,2.0
DWLR0083,2024-10-17 00:00:00,4.47,1.6
DWLR0083,2024-10-20 00:00:00,4.54,4.4
DWLR0083,2024-10-23 00:00:00,4.58,2.5
DWLR0083,2024-10-26 00:00:00,4.54,2.5
DWLR0083,2024-10-29 00:00:00,4.58,1.2
DWLR0083,2024-11-01 00:00:00,4.68,4.4
DWLR0083,2024-11-04 00:00:00,4.77,3.5
DWLR0083,2024-11-07 00:00:00,4.83,0.3
DWLR0083,2024-11-10 00:00:00,4.89,2.2
DWLR0083,2024-11-13 00:00:00,4.92,4.5
DWLR0083,2024-11-16 00:00:00,4.87,3.5
DWLR0083,2024-11-19 00:00:00,4.87,4.1
DWLR0083,2024-11-22 00:00:00,4.9,0.9
DWLR0083,2024-11-25 00:00:00,4.93,1.5
DWLR0083,2024-11-28 00:00:00,4.92,4.0
DWLR0083,2024-12-01 00:00:00,4.96,0.5
DWLR0083,2024-12-04 00:00:00,1003.94,2.8
DWLR0083,2024-12-07 00:00:00,1003.89,1.2
DWLR0083,2024-12-10 00:00:00,1003.85,1.1
DWLR0083,2024-12-13 00:00:00,1003.82,2.8
DWLR0083,2024-12-16 00:00:00,1003.78,1.0
DWLR0083,2024-12-19 00:00:00,1003.74,1.1
DWLR0083,2024-12-22 00:00:00,1003.75,4.8
DWLR0083,2024-12-25 00:00:00,7.34,3.9
DWLR0083,2024-12-28 00:00:00,7.34,4.8
DWLR0083,2024-12-31 00:00:00,7.34,0.0
DWLR0083,2025-01-03 00:00:00,7.34,4.4
DWLR0083,2025-01-06 00:00:00,7.34,0.5
DWLR0083,2025-01-09 00:00:00,7.34,3.0
DWLR0083,2025-01-12 00:00:00,7.34,1.8
DWLR0083,2025-01-15 00:00:00,7.34,0.7
DWLR0083,2025-01-18 00:00:00,7.34,2.5
DWLR0083,2025-01-21 00:00:00,7.34,0.1
DWLR0083,2025-01-24 00:00:00,7.34,2.6
DWLR0083,2025-01-27 00:00:00,7.34,0.6
DWLR0083,2025-01-30 00:00:00,7.34,4.2
DWLR0083,2025-02-02 00:00:00,7.34,3.4
DWLR0083,2025-02-05 00:00:00,7.34,3.2
DWLR0083,2025-02-08 00:00:00,7.34,3.9
DWLR0083,2025-02-11 00:00:00,7.34,1.5
DWLR0083,2025-02-14 00:00:00,7.34,1.4
DWLR0083,2025-02-17 00:00:00,7.34,3.2
DWLR0083,2025-02-20 00:00:00,7.34,4.0
DWLR0083,2025-02-23 00:00:00,7.34,4.7
DWLR0083,2025-02-26 00:00:00,7.34,1.0
DWLR0083,2025-03-01 00:00:00,7.34,3.1
DWLR0083,2025-03-04 00:00:00,7.34,2.2
DWLR0083,2025-03-07 00:00:00,7.34,1.7
DWLR0083,2025-03-10 00:00:00,7.34,2.7
DWLR0083,2025-03-13 00:00:00,7.34,1.3
DWLR0083,2025-03-16 00:00:00,7.34,1.3
DWLR0083,2025-03-19 00:00:00,7.34,3.2
DWLR0083,2025-03-22 00:00:00,7.34,0.3
DWLR0083,2025-03-25 00:00:00,7.34,0.6
DWLR0083,2025-03-28 00:00:00,7.34,2.7
DWLR0083,2025-03-31 00:00:00,7.34,2.1
DWLR0083,2025-04-03 00:00:00,7.34,1.8
DWLR0083,2025-04-06 00:00:00,7.34,2.3
DWLR0083,2025-04-09 00:00:00,7.34,1.4
DWLR0083,2025-04-12 00:00:00,7.34,2.8
DWLR0083,2025-04-15 00:00:00,7.34,1.0
DWLR0083,2025-04-18 00:00:00,7.34,1.9
DWLR0083,2025-04-21 00:00:00,7.34,2.4
DWLR0083,2025-04-24 00:00:00,7.34,4.5
DWLR0083,2025-04-27 00:00:00,7.34,4.2
DWLR0083,2025-04-30 00:00:00,7.34,2.1
DWLR0083,2025-05-03 00:00:00,7.34,1.3
DWLR0083,2025-05-06 00:00:00,7.34,2.8
DWLR0083,2025-05-09 00:00:00,7.34,4.0
DWLR0083,2025-05-12 00:00:00,7.34,2.7
DWLR0083,2025-05-15 00:00:00,7.34,0.3
DWLR0083,2025-05-18 00:00:00,7.34,3.6
DWLR0083,2025-05-21 00:00:00,7.34,0.6
DWLR0083,2025-05-24 00:00:00,7.34,4.7
DWLR0083,2025-05-27 00:00:00,7.34,3.5
DWLR0083,2025-05-30 00:00:00,7.34,4.3
DWLR0083,2025-06-02 00:00:00,7.34,29.5
DWLR0083,2025-06-05 00:00:00,7.34,12.9
DWLR0083,2025-06-08 00:00:00,7.34,25.6
DWLR0083,2025-06-11 00:00:00,7.34,24.8
DWLR0083,2025-06-14 00:00:00,7.34,9.7
DWLR0083,2025-06-17 00:00:00,7.34,2.2
DWLR0083,2025-06-20 00:00:00,7.34,35.1
DWLR0083,2025-06-23 00:00:00,7.34,38.2
DWLR0083,2025-06-26 00:00:00,7.34,16.0
DWLR0083,2025-06-29 00:00:00,7.34,10.3
DWLR0083,2025-07-02 00:00:00,7.34,2.9
DWLR0083,2025-07-05 00:00:00,7.34,29.7
DWLR0083,2025-07-08 00:00:00,7.34,2.7
DWLR0083,2025-07-11 00:00:00,7.34,15.4
DWLR0083,2025-07-14 00:00:00,7.34,17.9
DWLR0083,2025-07-17 00:00:00,7.34,1.3
DWLR0083,2025-07-20 00:00:00,7.34,31.1
DWLR0083,2025-07-23 00:00:00,7.34,25.3
DWLR0083,2025-07-26 00:00:00,7.34,1.2
DWLR0083,2025-07-29 00:00:00,7.34,21.9
DWLR0083,2025-08-01 00:00:00,7.34,17.7
DWLR0083,2025-08-04 00:00:00,7.34,22.0
DWLR0083,2025-08-07 00:00:00,7.34,25.0
DWLR0083,2025-08-10 00:00:00,7.34,0.2
DWLR0083,2025-08-13 00:00:00,7.34,30.0
DWLR0083,2025-08-16 00:00:00,7.34,19.9
DWLR0083,2025-08-19 00:00:00,7.34,9.9
DWLR0083,2025-08-22 00:00:00,7.34,39.1
DWLR0083,2025-08-25 00:00:00,7.34,21.9
DWLR0083,2025-08-28 00:00:00,7.34,35.2
DWLR0083,2025-08-31 00:00:00,7.34,30.1
DWLR0083,2025-09-03 00:00:00,7.34,11.8
DWLR0083,2025-09-06 00:00:00,7.34,16.7
DWLR0083,2025-09-09 00:00:00,7.34,36.3
DWLR0083,2025-09-12 00:00:00,7.34,24.9
DWLR0083,2025-09-15 00:00:00,7.34,27.7
DWLR0083,2025-09-18 00:00:00,7.34,35.7
DWLR0083,2025-09-21 00:00:00,7.34,33.9
DWLR0083,2025-09-24 00:00:00,7.34,13.4
DWLR0083,2025-09-27 00:00:00,7.34,4.5
DWLR0083,2025-09-30 00:00:00,7.34,20.1
DWLR0083,2025-10-03 00:00:00,7.34,0.7
DWLR0083,2025-10-06 00:00:00,7.34,2.5
DWLR0083,2025-10-09 00:00:00,7.34,2.9
DWLR0083,2025-10-12 00:00:00,7.34,2.4
DWLR0083,2025-10-15 00:00:00,7.34,4.0
DWLR0083,2025-10-18 00:00:00,7.34,5.0
DWLR0083,2025-10-21 00:00:00,7.34,2.9
DWLR0083,2025-10-24 00:00:00,7.34,2.7
DWLR0083,2025-10-27 00:00:00,7.34,0.5
DWLR0083,2025-10-30 00:00:00,7.34,0.3
DWLR0083,2025-11-02 00:00:00,7.34,0.4
DWLR0083,2025-11-05 00:00:00,7.34,3.4
DWLR0083,2025-11-08 00:00:00,7.34,1.1
DWLR0083,2025-11-11 00:00:00,7.34,4.8
DWLR0083,2025-11-14 00:00:00,7.34,3.5
DWLR0083,2025-11-17 00:00:00,7.34,2.3
DWLR0083,2025-11-20 00:00:00,7.34,3.2
DWLR0083,2025-11-23 00:00:00,7.34,1.9
DWLR0083,2025-11-26 00:00:00,7.34,3.4
DWLR0084,2024-06-01 00:00:00,9.68,26.1
DWLR0084,2024-06-04 00:00:00,9.63,6.8
DWLR0084,2024-06-07 00:00:00,9.63,10.4
DWLR0084,2024-06-10 00:00:00,9.65,17.7
DWLR0084,2024-06-13 00:00:00,9.65,39.9
DWLR0084,2024-06-16 00:00:00,9.73,2.6
DWLR0084,2024-06-19 00:00:00,9.73,3.2
DWLR0084,2024-06-22 00:00:00,9.78,32.8
DWLR0084,2024-06-25 00:00:00,9.81,29.8
DWLR0084,2024-06-28 00:00:00,9.78,20.5
DWLR0084,2024-07-01 00:00:00,9.84,29.5
DWLR0084,2024-07-04 00:00:00,9.91,1.8
DWLR0084,2024-07-07 00:00:00,9.89,30.7
DWLR0084,2024-07-10 00:00:00,9.86,12.7
DWLR0084,2024-07-13 00:00:00,9.8,38.3
DWLR0084,2024-07-16 00:00:00,9.68,15.7
DWLR0084,2024-07-19 00:00:00,9.67,31.1
DWLR0084,2024-07-22 00:00:00,9.72,7.4
DWLR0084,2024-07-25 00:00:00,9.7,7.0
DWLR0084,2024-07-28 00:00:00,9.67,24.1
DWLR0084,2024-07-31 00:00:00,9.75,8.0
DWLR0084,2024-08-03 00:00:00,9.75,27.1
DWLR0084,2024-08-06 00:00:00,9.75,23.8
DWLR0084,2024-08-09 00:00:00,9.75,15.7
DWLR0084,2024-08-12 00:00:00,9.74,20.2
DWLR0084,2024-08-15 00:00:00,9.76,14.1
DWLR0084,2024-08-18 00:00:00,9.76,20.0
DWLR0084,2024-08-21 00:00:00,9.81,33.3
DWLR0084,2024-08-24 00:00:00,9.86,27.1
DWLR0084,2024-08-27 00:00:00,9.84,3.2
DWLR0084,2024-08-30 00:00:00,9.84,7.6
DWLR0084,2024-09-02 00:00:00,9.85,30.9
DWLR0084,2024-09-05 00:00:00,9.91,32.7
DWLR0084,2024-09-08 00:00:00,9.94,39.5
DWLR0084,2024-09-11 00:00:00,10.0,21.9
DWLR0084,2024-09-14 00:00:00,10.0,13.1
DWLR0084,2024-09-17 00:00:00,9.93,6.8
DWLR0084,2024-09-20 00:00:00,9.94,25.0
DWLR0084,2024-09-23 00:00:00,10.01,1.0
DWLR0084,2024-09-26 00:00:00,9.99,7.9
DWLR0084,2024-09-29 00:00:00,9.97,8.0
DWLR0084,2024-10-02 00:00:00,10.09,4.6
DWLR0084,2024-10-05 00:00:00,10.19,1.7
DWLR0084,2024-10-08 00:00:00,10.28,3.5
DWLR0084,2024-10-11 00:00:00,10.42,1.4
DWLR0084,2024-10-14 00:00:00,10.43,0.4
DWLR0084,2024-10-17 00:00:00,10.63,0.6
DWLR0084,2024-10-20 00:00:00,10.74,1.4
DWLR0084,2024-10-23 00:00:00,10.8,2.0
DWLR0084,2024-10-26 00:00:00,10.81,2.0
DWLR0084,2024-10-29 00:00:00,10.89,4.9
DWLR0084,2024-11-01 00:00:00,11.02,5.0
DWLR0084,2024-11-04 00:00:00,11.14,3.4
DWLR0084,2024-11-07 00:00:00,11.25,3.5
DWLR0084,2024-11-10 00:00:00,11.32,2.1
DWLR0084,2024-11-13 00:00:00,11.32,2.9
DWLR0084,2024-11-16 00:00:00,11.37,2.4
DWLR0084,2024-11-19 00:00:00,11.46,1.8
DWLR0084,2024-11-22 00:00:00,11.6,0.0
DWLR0084,2024-11-25 00:00:00,11.65,0.6
DWLR0084,2024-11-28 00:00:00,11.81,4.3
DWLR0084,2024-12-01 00:00:00,11.99,2.7
DWLR0084,2024-12-04 00:00:00,12.04,4.2
DWLR0084,2024-12-07 00:00:00,12.2,0.8
DWLR0084,2024-12-10 00:00:00,12.23,3.1
DWLR0084,2024-12-13 00:00:00,12.35,3.4
DWLR0084,2024-12-16 00:00:00,12.51,4.0
DWLR0084,2024-12-19 00:00:00,12.67,2.5
DWLR0084,2024-12-22 00:00:00,12.73,1.0
DWLR0084,2024-12-25 00:00:00,12.81,0.2
DWLR0084,2024-12-28 00:00:00,12.87,2.9
DWLR0084,2024-12-31 00:00:00,12.99,3.6
DWLR0084,2025-01-03 00:00:00,12.98,2.0
DWLR0084,2025-01-06 00:00:00,13.04,4.2
DWLR0084,2025-01-09 00:00:00,13.15,4.6
DWLR0084,2025-01-12 00:00:00,13.15,0.1
DWLR0084,2025-01-15 00:00:00,13.2,1.0
DWLR0084,2025-01-18 00:00:00,13.27,4.4
DWLR0084,2025-01-21 00:00:00,13.29,2.8
DWLR0084,2025-01-24 00:00:00,13.47,1.4
DWLR0084,2025-01-27 00:00:00,13.56,4.1
DWLR0084,2025-01-30 00:00:00,13.57,4.0
DWLR0084,2025-02-02 00:00:00,13.72,3.8
DWLR0084,2025-02-05 00:00:00,13.8,2.2
DWLR0084,2025-02-08 00:00:00,13.85,3.8
DWLR0084,2025-02-11 00:00:00,13.93,3.7
DWLR0084,2025-02-14 00:00:00,14.02,0.3
DWLR0084,2025-02-17 00:00:00,14.11,3.7
DWLR0084,2025-02-20 00:00:00,14.26,3.3
DWLR0084,2025-02-23 00:00:00,14.36,3.7
DWLR0084,2025-02-26 00:00:00,14.39,0.6
DWLR0084,2025-03-01 00:00:00,14.43,4.7
DWLR0084,2025-03-04 00:00:00,14.48,4.4
DWLR0084,2025-03-07 00:00:00,14.51,1.7
DWLR0084,2025-03-10 00:00:00,14.61,0.8
DWLR0084,2025-03-13 00:00:00,14.6,4.1
DWLR0084,2025-03-16 00:00:00,14.59,4.8
DWLR0084,2025-03-19 00:00:00,14.66,3.8
DWLR0084,2025-03-22 00:00:00,14.73,2.8
DWLR0084,2025-03-25 00:00:00,14.88,4.2
DWLR0084,2025-03-28 00:00:00,14.92,0.3
DWLR0084,2025-03-31 00:00:00,14.89,4.4
DWLR0084,2025-04-03 00:00:00,14.95,0.2
DWLR0084,2025-04-06 00:00:00,15.04,4.4
DWLR0084,2025-04-09 00:00:00,15.12,4.0
DWLR0084,2025-04-12 00:00:00,15.16,3.3
DWLR0084,2025-04-15 00:00:00,15.27,2.2
DWLR0084,2025-04-18 00:00:00,15.36,0.7
DWLR0084,2025-04-21 00:00:00,15.57,3.7
DWLR0084,2025-04-24 00:00:00,15.59,4.7
DWLR0084,2025-04-27 00:00:00,15.7,2.2
DWLR0084,2025-04-30 00:00:00,15.79,3.3
DWLR0084,2025-05-03 00:00:00,15.93,0.3
DWLR0084,2025-05-06 00:00:00,16.02,2.8
DWLR0084,2025-05-09 00:00:00,16.0,3.5
DWLR0084,2025-05-12 00:00:00,16.04,4.5
DWLR0084,2025-05-15 00:00:00,16.14,2.7
DWLR0084,2025-05-18 00:00:00,16.15,4.3
DWLR0084,2025-05-21 00:00:00,16.14,1.7
DWLR0084,2025-05-24 00:00:00,16.22,1.8
DWLR0084,2025-05-27 00:00:00,16.19,1.8
DWLR0084,2025-05-30 00:00:00,16.26,3.6
DWLR0084,2025-06-02 00:00:00,16.28,12.0
DWLR0084,2025-06-05 00:00:00,16.26,8.6
DWLR0084,2025-06-08 00:00:00,16.27,32.6
DWLR0084,2025-06-11 00:00:00,16.24,22.6
DWLR0084,2025-06-14 00:00:00,16.22,12.1
DWLR0084,2025-06-17 00:00:00,16.23,38.8
DWLR0084,2025-06-20 00:00:00,16.21,20.1
DWLR0084,2025-06-23 00:00:00,16.22,22.8
DWLR0084,2025-06-26 00:00:00,16.2,10.3
DWLR0084,2025-06-29 00:00:00,16.1,31.3
DWLR0084,2025-07-02 00:00:00,16.09,16.2
DWLR0084,2025-07-05 00:00:00,16.1,38.1
DWLR0084,2025-07-08 00:00:00,16.08,32.9
DWLR0084,2025-07-11 00:00:00,16.07,1.4
DWLR0084,2025-07-14 00:00:00,16.12,12.5
DWLR0084,2025-07-17 00:00:00,16.15,11.5
DWLR0084,2025-07-20 00:00:00,16.17,14.0
DWLR0084,2025-07-23 00:00:00,16.22,17.5
DWLR0084,2025-07-26 00:00:00,16.15,4.7
DWLR0084,2025-07-29 00:00:00,16.22,26.2
DWLR0084,2025-08-01 00:00:00,16.3,32.0
DWLR0084,2025-08-04 00:00:00,16.26,0.5
DWLR0084,2025-08-07 00:00:00,16.28,25.0
DWLR0084,2025-08-10 00:00:00,16.31,39.4
DWLR0084,2025-08-13 00:00:00,16.34,15.6
DWLR0084,2025-08-16 00:00:00,16.29,35.7
DWLR0084,2025-08-19 00:00:00,16.2,27.7
DWLR0084,2025-08-22 00:00:00,16.22,22.5
DWLR0084,2025-08-25 00:00:00,16.19,28.6
DWLR0084,2025-08-28 00:00:00,16.2,18.5
DWLR0084,2025-08-31 00:00:00,16.21,19.2
DWLR0084,2025-09-03 00:00:00,16.19,34.6
DWLR0084,2025-09-06 00:00:00,16.2,27.9
DWLR0084,2025-09-09 00:00:00,16.22,18.7
DWLR0084,2025-09-12 00:00:00,16.21,22.0
DWLR0084,2025-09-15 00:00:00,16.23,22.2
DWLR0084,2025-09-18 00:00:00,16.22,17.1
DWLR0084,2025-09-21 00:00:00,16.25,16.8
DWLR0084,2025-09-24 00:00:00,16.25,39.8
DWLR0084,2025-09-27 00:00:00,16.27,17.6
DWLR0084,2025-09-30 00:00:00,16.25,16.7
DWLR0084,2025-10-03 00:00:00,16.28,0.9
DWLR0084,2025-10-06 00:00:00,16.41,4.2
DWLR0084,2025-10-09 00:00:00,16.48,4.0
DWLR0084,2025-10-12 00:00:00,16.5,1.6
DWLR0084,2025-10-15 00:00:00,16.63,3.6
DWLR0084,2025-10-18 00:00:00,16.68,4.2
DWLR0084,2025-10-21 00:00:00,16.79,1.4
DWLR0084,2025-10-24 00:00:00,16.93,4.3
DWLR0084,2025-10-27 00:00:00,16.95,0.4
DWLR0084,2025-10-30 00:00:00,17.05,3.9
DWLR0084,2025-11-02 00:00:00,17.11,1.4
DWLR0084,2025-11-05 00:00:00,17.21,4.6
DWLR0084,2025-11-08 00:00:00,17.23,1.9
DWLR0084,2025-11-11 00:00:00,17.3,1.7
DWLR0084,2025-11-14 00:00:00,17.34,0.6
DWLR0084,2025-11-17 00:00:00,17.38,3.3
DWLR0084,2025-11-20 00:00:00,17.42,4.0
DWLR0084,2025-11-23 00:00:00,17.49,1.3
DWLR0084,2025-11-26 00:00:00,17.5,1.6
DWLR0085,2024-06-01 00:00:00,10.61,7.0
DWLR0085,2024-06-04 00:00:00,10.76,10.1
DWLR0085,2024-06-07 00:00:00,10.82,31.1
DWLR0085,2024-06-10 00:00:00,10.9,17.4
DWLR0085,2024-06-13 00:00:00,10.9,10.4
DWLR0085,2024-06-16 00:00:00,10.96,2.7
DWLR0085,2024-06-19 00:00:00,11.03,21.1
DWLR0085,2024-06-22 00:00:00,11.11,20.3
DWLR0085,2024-06-25 00:00:00,11.16,11.9
DWLR0085,2024-06-28 00:00:00,11.23,2.2
DWLR0085,2024-07-01 00:00:00,11.26,31.9
DWLR0085,2024-07-04 00:00:00,11.34,14.2
DWLR0085,2024-07-07 00:00:00,11.42,15.2
DWLR0085,2024-07-10 00:00:00,11.5,11.7
DWLR0085,2024-07-13 00:00:00,11.64,7.5
DWLR0085,2024-07-16 00:00:00,11.67,9.0
DWLR0085,2024-07-19 00:00:00,11.77,26.3
DWLR0085,2024-07-22 00:00:00,11.79,16.2
DWLR0085,2024-07-25 00:00:00,11.89,33.8
DWLR0085,2024-07-28 00:00:00,11.95,16.2
DWLR0085,2024-07-31 00:00:00,11.94,8.2
DWLR0085,2024-08-03 00:00:00,11.95,27.3
DWLR0085,2024-08-06 00:00:00,12.03,34.3
DWLR0085,2024-08-09 00:00:00,12.12,30.8
DWLR0085,2024-08-12 00:00:00,12.25,1.6
DWLR0085,2024-08-15 00:00:00,12.33,18.5
DWLR0085,2024-08-18 00:00:00,12.33,7.0
DWLR0085,2024-08-21 00:00:00,12.42,34.2
DWLR0085,2024-08-24 00:00:00,12.56,4.0
DWLR0085,2024-08-27 00:00:00,12.66,38.7
DWLR0085,2024-08-30 00:00:00,12.65,14.2
DWLR0085,2024-09-02 00:00:00,12.73,32.3
DWLR0085,2024-09-05 00:00:00,12.76,31.5
DWLR0085,2024-09-08 00:00:00,12.84,28.8
DWLR0085,2024-09-11 00:00:00,13.0,19.4
DWLR0085,2024-09-14 00:00:00,13.06,25.0
DWLR0085,2024-09-17 00:00:00,13.11,3.0
DWLR0085,2024-09-20 00:00:00,13.21,21.0
DWLR0085,2024-09-23 00:00:00,13.35,36.1
DWLR0085,2024-09-26 00:00:00,13.41,4.1
DWLR0085,2024-09-29 00:00:00,13.4,32.6
DWLR0085,2024-10-02 00:00:00,13.49,0.4
DWLR0085,2024-10-05 00:00:00,13.69,2.0
DWLR0085,2024-10-08 00:00:00,13.87,4.6
DWLR0085,2024-10-11 00:00:00,14.0,3.2
DWLR0085,2024-10-14 00:00:00,14.15,2.4
DWLR0085,2024-10-17 00:00:00,14.25,2.0
DWLR0085,2024-10-20 00:00:00,14.41,4.7
DWLR0085,2024-10-23 00:00:00,14.58,4.8
DWLR0085,2024-10-26 00:00:00,14.68,2.9
DWLR0085,2024-10-29 00:00:00,14.81,3.7
DWLR0085,2024-11-01 00:00:00,14.94,0.7
DWLR0085,2024-11-04 00:00:00,15.03,2.1
DWLR0085,2024-11-07 00:00:00,15.15,4.6
DWLR0085,2024-11-10 00:00:00,15.32,2.0
DWLR0085,2024-11-13 00:00:00,15.51,2.7
DWLR0085,2024-11-16 00:00:00,15.76,2.0
DWLR0085,2024-11-19 00:00:00,15.88,3.0
DWLR0085,2024-11-22 00:00:00,15.99,1.4
DWLR0085,2024-11-25 00:00:00,16.18,3.4
DWLR0085,2024-11-28 00:00:00,16.29,3.5
DWLR0085,2024-12-01 00:00:00,16.44,1.5
DWLR0085,2024-12-04 00:00:00,16.66,3.9
DWLR0085,2024-12-07 00:00:00,16.78,4.5
DWLR0085,2024-12-10 00:00:00,16.89,4.9
DWLR0085,2024-12-13 00:00:00,17.0,0.7
DWLR0085,2024-12-16 00:00:00,17.13,4.8
DWLR0085,2024-12-19 00:00:00,17.22,2.4
DWLR0085,2024-12-22 00:00:00,17.37,0.4
DWLR0085,2024-12-25 00:00:00,17.44,4.2
DWLR0085,2024-12-28 00:00:00,17.59,4.2
DWLR0085,2024-12-31 00:00:00,17.66,1.4
DWLR0085,2025-01-03 00:00:00,17.78,1.0
DWLR0085,2025-01-06 00:00:00,17.85,2.7
DWLR0085,2025-01-09 00:00:00,17.97,3.1
DWLR0085,2025-01-12 00:00:00,18.12,1.3
DWLR0085,2025-01-15 00:00:00,18.31,4.0
DWLR0085,2025-01-18 00:00:00,18.45,0.5
DWLR0085,2025-01-21 00:00:00,18.64,1.3
DWLR0085,2025-01-24 00:00:00,18.87,4.4
DWLR0085,2025-01-27 00:00:00,18.98,2.5
DWLR0085,2025-01-30 00:00:00,19.07,4.2
DWLR0085,2025-02-02 00:00:00,19.28,1.8
DWLR0085,2025-02-05 00:00:00,19.46,4.1
DWLR0085,2025-02-08 00:00:00,19.64,2.7
DWLR0085,2025-02-11 00:00:00,19.8,2.7
DWLR0085,2025-02-14 00:00:00,19.97,2.6
DWLR0085,2025-02-17 00:00:00,20.02,3.9
DWLR0085,2025-02-20 00:00:00,20.18,3.0
DWLR0085,2025-02-23 00:00:00,20.32,1.1
DWLR0085,2025-02-26 00:00:00,20.49,3.8
DWLR0085,2025-03-01 00:00:00,20.54,3.0
DWLR0085,2025-03-04 00:00:00,20.65,4.1
DWLR0085,2025-03-07 00:00:00,20.85,0.2
DWLR0085,2025-03-10 00:00:00,21.09,1.3
DWLR0085,2025-03-13 00:00:00,21.22,2.3
DWLR0085,2025-03-16 00:00:00,21.4,2.5
DWLR0085,2025-03-19 00:00:00,21.55,1.0
DWLR0085,2025-03-22 00:00:00,21.59,4.6
DWLR0085,2025-03-25 00:00:00,21.67,4.5
DWLR0085,2025-03-28 00:00:00,21.94,3.1
DWLR0085,2025-03-31 00:00:00,22.04,0.4
DWLR0085,2025-04-03 00:00:00,22.13,2.8
DWLR0085,2025-04-06 00:00:00,22.34,0.2
DWLR0085,2025-04-09 00:00:00,22.53,4.3
DWLR0085,2025-04-12 00:00:00,22.58,3.3
DWLR0085,2025-04-15 00:00:00,22.68,2.5
DWLR0085,2025-04-18 00:00:00,22.81,2.2
DWLR0085,2025-04-21 00:00:00,23.04,1.8
DWLR0085,2025-04-24 00:00:00,23.16,3.8
DWLR0085,2025-04-27 00:00:00,23.3,1.7
DWLR0085,2025-04-30 00:00:00,23.45,3.8
DWLR0085,2025-05-03 00:00:00,23.61,0.3
DWLR0085,2025-05-06 00:00:00,23.67,4.9
DWLR0085,2025-05-09 00:00:00,23.82,0.3
DWLR0085,2025-05-12 00:00:00,23.92,2.7
DWLR0085,2025-05-15 00:00:00,23.96,3.9
DWLR0085,2025-05-18 00:00:00,24.11,3.2
DWLR0085,2025-05-21 00:00:00,24.26,3.2
DWLR0085,2025-05-24 00:00:00,24.42,0.2
DWLR0085,2025-05-27 00:00:00,24.48,1.1
DWLR0085,2025-05-30 00:00:00,24.63,3.4
DWLR0085,2025-06-02 00:00:00,24.75,30.9
DWLR0085,2025-06-05 00:00:00,24.79,26.1
DWLR0085,2025-06-08 00:00:00,24.9,1.7
DWLR0085,2025-06-11 00:00:00,24.89,10.9
DWLR0085,2025-06-14 00:00:00,24.98,14.4
DWLR0085,2025-06-17 00:00:00,25.06,37.1
DWLR0085,2025-06-20 00:00:00,25.09,19.2
DWLR0085,2025-06-23 00:00:00,25.19,21.3
DWLR0085,2025-06-26 00:00:00,25.29,24.1
DWLR0085,2025-06-29 00:00:00,25.3,26.1
DWLR0085,2025-07-02 00:00:00,25.3,33.4
DWLR0085,2025-07-05 00:00:00,25.4,8.9
DWLR0085,2025-07-08 00:00:00,25.38,13.5
DWLR0085,2025-07-11 00:00:00,25.43,14.2
DWLR0085,2025-07-14 00:00:00,25.58,16.5
DWLR0085,2025-07-17 00:00:00,25.61,24.4
DWLR0085,2025-07-20 00:00:00,25.69,34.3
DWLR0085,2025-07-23 00:00:00,25.72,35.4
DWLR0085,2025-07-26 00:00:00,25.76,35.7
DWLR0085,2025-07-29 00:00:00,25.84,16.2
DWLR0085,2025-08-01 00:00:00,25.83,13.6
DWLR0085,2025-08-04 00:00:00,25.86,14.8
DWLR0085,2025-08-07 00:00:00,25.9,26.4
DWLR0085,2025-08-10 00:00:00,26.05,20.6
DWLR0085,2025-08-13 00:00:00,26.12,33.8
DWLR0085,2025-08-16 00:00:00,26.18,34.9
DWLR0085,2025-08-19 00:00:00,26.23,38.7
DWLR0085,2025-08-22 00:00:00,26.25,4.6
DWLR0085,2025-08-25 00:00:00,26.39,22.9
DWLR0085,2025-08-28 00:00:00,26.42,34.8
DWLR0085,2025-08-31 00:00:00,26.42,22.2
DWLR0085,2025-09-03 00:00:00,26.45,20.5
DWLR0085,2025-09-06 00:00:00,26.6,32.9
DWLR0085,2025-09-09 00:00:00,26.71,16.2
DWLR0085,2025-09-12 00:00:00,26.8,6.2
DWLR0085,2025-09-15 00:00:00,26.82,33.0
DWLR0085,2025-09-18 00:00:00,26.95,9.3
DWLR0085,2025-09-21 00:00:00,27.01,20.3
DWLR0085,2025-09-24 00:00:00,27.09,20.1
DWLR0085,2025-09-27 00:00:00,27.18,32.7
DWLR0085,2025-09-30 00:00:00,27.34,12.5
DWLR0085,2025-10-03 00:00:00,27.49,3.0
DWLR0085,2025-10-06 00:00:00,27.68,4.9
DWLR0085,2025-10-09 00:00:00,27.79,4.4
DWLR0085,2025-10-12 00:00:00,27.84,2.6
DWLR0085,2025-10-15 00:00:00,27.92,1.8
DWLR0085,2025-10-18 00:00:00,28.14,0.5
DWLR0085,2025-10-21 00:00:00,28.3,2.3
DWLR0085,2025-10-24 00:00:00,28.43,2.4
DWLR0085,2025-10-27 00:00:00,28.66,4.8
DWLR0085,2025-10-30 00:00:00,28.91,1.4
DWLR0085,2025-11-02 00:00:00,29.04,0.5
DWLR0085,2025-11-05 00:00:00,29.17,3.4
DWLR0085,2025-11-08 00:00:00,29.33,3.8
DWLR0085,2025-11-11 00:00:00,29.48,2.0
DWLR0085,2025-11-14 00:00:00,29.53,3.3
DWLR0085,2025-11-17 00:00:00,29.7,1.8
DWLR0085,2025-11-20 00:00:00,29.85,3.4
DWLR0085,2025-11-23 00:00:00,30.12,3.3
DWLR0085,2025-11-26 00:00:00,30.3,4.6
DWLR0086,2024-06-01 00:00:00,24.27,32.2
DWLR0086,2024-06-04 00:00:00,24.1,30.3
DWLR0086,2024-06-07 00:00:00,24.12,21.1
DWLR0086,2024-06-10 00:00:00,24.08,35.2
DWLR0086,2024-06-13 00:00:00,24.05,29.3
DWLR0086,2024-06-16 00:00:00,23.95,34.8
DWLR0086,2024-06-19 00:00:00,24.0,13.0
DWLR0086,2024-06-22 00:00:00,23.93,37.7
DWLR0086,2024-06-25 00:00:00,23.88,32.6
DWLR0086,2024-06-28 00:00:00,23.76,38.8
DWLR0086,2024-07-01 00:00:00,23.79,18.1
DWLR0086,2024-07-04 00:00:00,23.81,15.4
DWLR0086,2024-07-07 00:00:00,23.73,7.1
DWLR0086,2024-07-10 00:00:00,23.64,18.0
DWLR0086,2024-07-13 00:00:00,23.61,3.4
DWLR0086,2024-07-16 00:00:00,23.46,31.4
DWLR0086,2024-07-19 00:00:00,23.32,31.6
DWLR0086,2024-07-22 00:00:00,23.26,28.2
DWLR0086,2024-07-25 00:00:00,23.18,9.4
DWLR0086,2024-07-28 00:00:00,23.03,26.9
DWLR0086,2024-07-31 00:00:00,23.06,20.9
DWLR0086,2024-08-03 00:00:00,22.95,28.9
DWLR0086,2024-08-06 00:00:00,22.92,39.2
DWLR0086,2024-08-09 00:00:00,22.85,14.8
DWLR0086,2024-08-12 00:00:00,22.73,18.5
DWLR0086,2024-08-15 00:00:00,22.75,16.8
DWLR0086,2024-08-18 00:00:00,22.65,35.0
DWLR0086,2024-08-21 00:00:00,22.63,17.1
DWLR0086,2024-08-24 00:00:00,22.48,36.5
DWLR0086,2024-08-27 00:00:00,22.43,24.9
DWLR0086,2024-08-30 00:00:00,22.47,4.1
DWLR0086,2024-09-02 00:00:00,22.35,24.2
DWLR0086,2024-09-05 00:00:00,22.25,30.7
DWLR0086,2024-09-08 00:00:00,22.18,17.9
DWLR0086,2024-09-11 00:00:00,22.19,3.7
DWLR0086,2024-09-14 00:00:00,22.17,19.4
DWLR0086,2024-09-17 00:00:00,22.06,19.8
DWLR0086,2024-09-20 00:00:00,21.99,17.1
DWLR0086,2024-09-23 00:00:00,21.9,36.3
DWLR0086,2024-09-26 00:00:00,21.77,2.5
DWLR0086,2024-09-29 00:00:00,21.63,26.6
DWLR0086,2024-10-02 00:00:00,21.71,4.8
DWLR0086,2024-10-05 00:00:00,21.72,0.1
DWLR0086,2024-10-08 00:00:00,21.62,4.0
DWLR0086,2024-10-11 00:00:00,21.69,3.4
DWLR0086,2024-10-14 00:00:00,21.78,0.6
DWLR0086,2024-10-17 00:00:00,21.87,3.8
DWLR0086,2024-10-20 00:00:00,21.95,2.9
DWLR0086,2024-10-23 00:00:00,21.94,4.0
DWLR0086,2024-10-26 00:00:00,21.99,5.0
DWLR0086,2024-10-29 00:00:00,21.99,1.0
DWLR0086,2024-11-01 00:00:00,22.05,4.0
DWLR0086,2024-11-04 00:00:00,21.99,2.4
DWLR0086,2024-11-07 00:00:00,22.07,2.3
DWLR0086,2024-11-10 00:00:00,22.18,3.7
DWLR0086,2024-11-13 00:00:00,22.15,0.5
DWLR0086,2024-11-16 00:00:00,22.2,5.0
DWLR0086,2024-11-19 00:00:00,22.29,1.0
DWLR0086,2024-11-22 00:00:00,22.4,0.3
DWLR0086,2024-11-25 00:00:00,22.39,1.2
DWLR0086,2024-11-28 00:00:00,22.43,4.4
DWLR0086,2024-12-01 00:00:00,22.5,0.1
DWLR0086,2024-12-04 00:00:00,22.54,1.7
DWLR0086,2024-12-07 00:00:00,22.64,3.0
DWLR0086,2024-12-10 00:00:00,22.65,0.3
DWLR0086,2024-12-13 00:00:00,22.58,0.5
DWLR0086,2024-12-16 00:00:00,22.65,3.4
DWLR0086,2024-12-19 00:00:00,22.71,4.7
DWLR0086,2024-12-22 00:00:00,22.79,1.2
DWLR0086,2024-12-25 00:00:00,22.73,0.3
DWLR0086,2024-12-28 00:00:00,22.86,3.5
DWLR0086,2024-12-31 00:00:00,22.86,4.6
DWLR0086,2025-01-03 00:00:00,22.91,4.0
DWLR0086,2025-01-06 00:00:00,22.96,3.7
DWLR0086,2025-01-09 00:00:00,22.97,1.4
DWLR0086,2025-01-12 00:00:00,22.93,3.7
DWLR0086,2025-01-15 00:00:00,22.99,0.9
DWLR0086,2025-01-18 00:00:00,22.96,4.4
DWLR0086,2025-01-21 00:00:00,22.97,3.3
DWLR0086,2025-01-24 00:00:00,23.05,1.6
DWLR0086,2025-01-27 00:00:00,23.03,2.9
DWLR0086,2025-01-30 00:00:00,23.06,2.3
DWLR0086,2025-02-02 00:00:00,23.04,4.7
DWLR0086,2025-02-05 00:00:00,23.06,0.7
DWLR0086,2025-02-08 00:00:00,23.12,0.4
DWLR0086,2025-02-11 00:00:00,23.16,0.4
DWLR0086,2025-02-14 00:00:00,23.18,2.9
DWLR0086,2025-02-17 00:00:00,23.19,5.0
DWLR0086,2025-02-20 00:00:00,23.16,1.4
DWLR0086,2025-02-23 00:00:00,23.25,1.9
DWLR0086,2025-02-26 00:00:00,23.33,1.6
DWLR0086,2025-03-01 00:00:00,23.36,2.8
DWLR0086,2025-03-04 00:00:00,23.44,1.8
DWLR0086,2025-03-07 00:00:00,23.53,0.8
DWLR0086,2025-03-10 00:00:00,23.45,4.1
DWLR0086,2025-03-13 00:00:00,23.46,3.2
DWLR0086,2025-03-16 00:00:00,23.45,2.7
DWLR0086,2025-03-19 00:00:00,23.43,4.3
DWLR0086,2025-03-22 00:00:00,23.47,3.4
DWLR0086,2025-03-25 00:00:00,23.54,3.4
DWLR0086,2025-03-28 00:00:00,23.53,3.1
DWLR0086,2025-03-31 00:00:00,23.57,2.7
DWLR0086,2025-04-03 00:00:00,23.6,1.7
DWLR0086,2025-04-06 00:00:00,23.54,0.9
DWLR0086,2025-04-09 00:00:00,23.63,3.1
DWLR0086,2025-04-12 00:00:00,23.64,4.5
DWLR0086,2025-04-15 00:00:00,23.69,0.9
DWLR0086,2025-04-18 00:00:00,23.58,0.6
DWLR0086,2025-04-21 00:00:00,23.68,0.3
DWLR0086,2025-04-24 00:00:00,23.73,3.9
DWLR0086,2025-04-27 00:00:00,23.87,3.7
DWLR0086,2025-04-30 00:00:00,23.93,3.6
DWLR0086,2025-05-03 00:00:00,23.88,2.9
DWLR0086,2025-05-06 00:00:00,23.93,0.8
DWLR0086,2025-05-09 00:00:00,23.86,1.6
DWLR0086,2025-05-12 00:00:00,23.83,1.8
DWLR0086,2025-05-15 00:00:00,23.93,4.7
DWLR0086,2025-05-18 00:00:00,23.93,2.3
DWLR0086,2025-05-21 00:00:00,23.91,3.6
DWLR0086,2025-05-24 00:00:00,23.93,3.2
DWLR0086,2025-05-27 00:00:00,23.92,4.0
DWLR0086,2025-05-30 00:00:00,24.0,0.8
DWLR0086,2025-06-02 00:00:00,24.0,25.0
DWLR0086,2025-06-05 00:00:00,23.91,29.9
DWLR0086,2025-06-08 00:00:00,23.87,7.9
DWLR0086,2025-06-11 00:00:00,23.81,18.8
DWLR0086,2025-06-14 00:00:00,23.79,21.0
DWLR0086,2025-06-17 00:00:00,23.68,5.7
DWLR0086,2025-06-20 00:00:00,23.57,13.0
DWLR0086,2025-06-23 00:00:00,23.48,33.1
DWLR0086,2025-06-26 00:00:00,23.43,21.5
DWLR0086,2025-06-29 00:00:00,23.44,14.7
DWLR0086,2025-07-02 00:00:00,23.39,35.0
DWLR0086,2025-07-05 00:00:00,23.31,16.4
DWLR0086,2025-07-08 00:00:00,23.22,37.6
DWLR0086,2025-07-11 00:00:00,23.14,5.7
DWLR0086,2025-07-14 00:00:00,23.04,25.1
DWLR0086,2025-07-17 00:00:00,22.92,28.4
DWLR0086,2025-07-20 00:00:00,22.82,3.5
DWLR0086,2025-07-23 00:00:00,22.71,14.5
DWLR0086,2025-07-26 00:00:00,22.71,31.7
DWLR0086,2025-07-29 00:00:00,22.6,9.6
DWLR0086,2025-08-01 00:00:00,22.6,13.7
DWLR0086,2025-08-04 00:00:00,22.56,4.5
DWLR0086,2025-08-07 00:00:00,22.52,7.2
DWLR0086,2025-08-10 00:00:00,22.44,7.8
DWLR0086,2025-08-13 00:00:00,22.36,38.5
DWLR0086,2025-08-16 00:00:00,22.34,18.1
DWLR0086,2025-08-19 00:00:00,22.23,34.2
DWLR0086,2025-08-22 00:00:00,22.08,39.9
DWLR0086,2025-08-25 00:00:00,22.06,29.6
DWLR0086,2025-08-28 00:00:00,21.97,35.0
DWLR0086,2025-08-31 00:00:00,21.91,31.4
DWLR0086,2025-09-03 00:00:00,21.91,5.2
DWLR0086,2025-09-06 00:00:00,21.79,3.3
DWLR0086,2025-09-09 00:00:00,21.66,16.8
DWLR0086,2025-09-12 00:00:00,21.65,14.6
DWLR0086,2025-09-15 00:00:00,21.61,38.6
DWLR0086,2025-09-18 00:00:00,21.54,10.5
DWLR0086,2025-09-21 00:00:00,21.43,38.6
DWLR0086,2025-09-24 00:00:00,21.34,31.8
DWLR0086,2025-09-27 00:00:00,21.28,30.7
DWLR0086,2025-09-30 00:00:00,21.26,24.7
DWLR0086,2025-10-03 00:00:00,21.21,2.2
DWLR0086,2025-10-06 00:00:00,21.26,0.2
DWLR0086,2025-10-09 00:00:00,21.3,0.5
DWLR0086,2025-10-12 00:00:00,21.25,4.8
DWLR0086,2025-10-15 00:00:00,21.2,2.2
DWLR0086,2025-10-18 00:00:00,21.21,4.9
DWLR0086,2025-10-21 00:00:00,21.26,3.6
DWLR0086,2025-10-24 00:00:00,21.31,4.9
DWLR0086,2025-10-27 00:00:00,21.26,1.7
DWLR0086,2025-10-30 00:00:00,21.24,0.9
DWLR0086,2025-11-02 00:00:00,21.25,3.7
DWLR0086,2025-11-05 00:00:00,21.25,4.6
DWLR0086,2025-11-08 00:00:00,21.27,0.9
DWLR0086,2025-11-11 00:00:00,21.26,2.3
DWLR0086,2025-11-14 00:00:00,21.33,1.5
DWLR0086,2025-11-17 00:00:00,21.3,2.2
DWLR0086,2025-11-20 00:00:00,21.24,3.2
DWLR0086,2025-11-23 00:00:00,21.21,2.3
DWLR0086,2025-11-26 00:00:00,21.17,0.6
DWLR0087,2024-06-01 00:00:00,6.81,25.5
DWLR0087,2024-06-04 00:00:00,6.86,7.4
DWLR0087,2024-06-07 00:00:00,6.84,35.7
DWLR0087,2024-06-10 00:00:00,6.75,3.8
DWLR0087,2024-06-13 00:00:00,6.79,6.9
DWLR0087,2024-06-16 00:00:00,6.71,22.5
DWLR0087,2024-06-19 00:00:00,6.79,23.1
DWLR0087,2024-06-22 00:00:00,6.86,0.1
DWLR0087,2024-06-25 00:00:00,6.91,13.1
DWLR0087,2024-06-28 00:00:00,6.84,6.3
DWLR0087,2024-07-01 00:00:00,6.82,9.1
DWLR0087,2024-07-04 00:00:00,6.8,27.0
DWLR0087,2024-07-07 00:00:00,6.81,5.0
DWLR0087,2024-07-10 00:00:00,6.81,24.5
DWLR0087,2024-07-13 00:00:00,6.82,28.2
DWLR0087,2024-07-16 00:00:00,6.78,31.4
DWLR0087,2024-07-19 00:00:00,6.85,38.3
DWLR0087,2024-07-22 00:00:00,6.89,24.6
DWLR0087,2024-07-25 00:00:00,6.87,12.8
DWLR0087,2024-07-28 00:00:00,6.89,23.8
DWLR0087,2024-07-31 00:00:00,6.87,15.9
DWLR0087,2024-08-03 00:00:00,6.87,13.2
DWLR0087,2024-08-06 00:00:00,6.99,33.5
DWLR0087,2024-08-09 00:00:00,6.94,36.8
DWLR0087,2024-08-12 00:00:00,7.01,19.2
DWLR0087,2024-08-15 00:00:00,6.99,14.6
DWLR0087,2024-08-18 00:00:00,6.93,33.9
DWLR0087,2024-08-21 00:00:00,7.0,3.1
DWLR0087,2024-08-24 00:00:00,7.0,27.9
DWLR0087,2024-08-27 00:00:00,7.07,32.4
DWLR0087,2024-08-30 00:00:00,7.05,0.8
DWLR0087,2024-09-02 00:00:00,7.03,28.0
DWLR0087,2024-09-05 00:00:00,7.1,11.1
DWLR0087,2024-09-08 00:00:00,7.08,19.9
DWLR0087,2024-09-11 00:00:00,7.06,29.1
DWLR0087,2024-09-14 00:00:00,7.02,16.6
DWLR0087,2024-09-17 00:00:00,6.97,0.3
DWLR0087,2024-09-20 00:00:00,7.09,8.6
DWLR0087,2024-09-23 00:00:00,7.12,4.7
DWLR0087,2024-09-26 00:00:00,7.17,24.3
DWLR0087,2024-09-29 00:00:00,7.12,16.3
DWLR0087,2024-10-02 00:00:00,7.1,1.8
DWLR0087,2024-10-05 00:00:00,7.15,4.5
DWLR0087,2024-10-08 00:00:00,7.28,2.6
DWLR0087,2024-10-11 00:00:00,7.36,4.9
DWLR0087,2024-10-14 00:00:00,7.51,2.6
DWLR0087,2024-10-17 00:00:00,7.51,0.4
DWLR0087,2024-10-20 00:00:00,7.6,0.3
DWLR0087,2024-10-23 00:00:00,7.69,3.7
DWLR0087,2024-10-26 00:00:00,7.72,3.8
DWLR0087,2024-10-29 00:00:00,7.91,2.7
DWLR0087,2024-11-01 00:00:00,8.06,1.8
DWLR0087,2024-11-04 00:00:00,8.12,3.8
DWLR0087,2024-11-07 00:00:00,8.2,2.8
DWLR0087,2024-11-10 00:00:00,8.27,3.5
DWLR0087,2024-11-13 00:00:00,8.4,3.5
DWLR0087,2024-11-16 00:00:00,8.57,2.0
DWLR0087,2024-11-19 00:00:00,8.76,2.3
DWLR0087,2024-11-22 00:00:00,8.8,3.5
DWLR0087,2024-11-25 00:00:00,8.92,4.6
DWLR0087,2024-11-28 00:00:00,8.99,0.8
DWLR0087,2024-12-01 00:00:00,9.16,0.2
DWLR0087,2024-12-04 00:00:00,9.33,4.8
DWLR0087,2024-12-07 00:00:00,9.42,3.3
DWLR0087,2024-12-10 00:00:00,9.61,3.5
DWLR0087,2024-12-13 00:00:00,9.78,4.0
DWLR0087,2024-12-16 00:00:00,9.86,3.7
DWLR0087,2024-12-19 00:00:00,10.01,1.4
DWLR0087,2024-12-22 00:00:00,10.11,5.0
DWLR0087,2024-12-25 00:00:00,10.15,4.1
DWLR0087,2024-12-28 00:00:00,10.25,3.3
DWLR0087,2024-12-31 00:00:00,10.4,4.8
DWLR0087,2025-01-03 00:00:00,10.5,0.2
DWLR0087,2025-01-06 00:00:00,10.58,2.6
DWLR0087,2025-01-09 00:00:00,10.72,2.2
DWLR0087,2025-01-12 00:00:00,10.77,4.3
DWLR0087,2025-01-15 00:00:00,10.98,4.3
DWLR0087,2025-01-18 00:00:00,11.03,0.1
DWLR0087,2025-01-21 00:00:00,11.19,2.4
DWLR0087,2025-01-24 00:00:00,11.27,2.0
DWLR0087,2025-01-27 00:00:00,11.33,4.5
DWLR0087,2025-01-30 00:00:00,11.46,0.6
DWLR0087,2025-02-02 00:00:00,11.53,4.3
DWLR0087,2025-02-05 00:00:00,11.73,3.0
DWLR0087,2025-02-08 00:00:00,11.86,2.1
DWLR0087,2025-02-11 00:00:00,12.05,0.8
DWLR0087,2025-02-14 00:00:00,12.16,3.0
DWLR0087,2025-02-17 00:00:00,12.34,2.4
DWLR0087,2025-02-20 00:00:00,12.43,3.2
DWLR0087,2025-02-23 00:00:00,12.62,0.9
DWLR0087,2025-02-26 00:00:00,12.73,0.6
DWLR0087,2025-03-01 00:00:00,12.87,4.9
DWLR0087,2025-03-04 00:00:00,13.02,1.1
DWLR0087,2025-03-07 00:00:00,13.08,4.9
DWLR0087,2025-03-10 00:00:00,13.19,0.0
DWLR0087,2025-03-13 00:00:00,13.32,3.8
DWLR0087,2025-03-16 00:00:00,13.34,0.4
DWLR0087,2025-03-19 00:00:00,13.49,3.8
DWLR0087,2025-03-22 00:00:00,13.6,4.0
DWLR0087,2025-03-25 00:00:00,13.7,4.6
DWLR0087,2025-03-28 00:00:00,13.81,4.0
DWLR0087,2025-03-31 00:00:00,13.85,3.0
DWLR0087,2025-04-03 00:00:00,13.98,1.2
DWLR0087,2025-04-06 00:00:00,14.04,1.8
DWLR0087,2025-04-09 00:00:00,14.12,3.5
DWLR0087,2025-04-12 00:00:00,14.29,1.0
DWLR0087,2025-04-15 00:00:00,14.39,2.0
DWLR0087,2025-04-18 00:00:00,14.42,0.3
DWLR0087,2025-04-21 00:00:00,14.54,3.8
DWLR0087,2025-04-24 00:00:00,14.66,1.1
DWLR0087,2025-04-27 00:00:00,14.77,3.2
DWLR0087,2025-04-30 00:00:00,14.88,3.2
DWLR0087,2025-05-03 00:00:00,15.03,2.6
DWLR0087,2025-05-06 00:00:00,15.11,1.2
DWLR0087,2025-05-09 00:00:00,15.18,3.6
DWLR0087,2025-05-12 00:00:00,15.32,0.1
DWLR0087,2025-05-15 00:00:00,15.44,0.4
DWLR0087,2025-05-18 00:00:00,15.59,0.2
DWLR0087,2025-05-21 00:00:00,15.61,4.2
DWLR0087,2025-05-24 00:00:00,15.7,0.2
DWLR0087,2025-05-27 00:00:00,15.79,4.0
DWLR0087,2025-05-30 00:00:00,16.01,4.5
DWLR0087,2025-06-02 00:00:00,16.02,35.7
DWLR0087,2025-06-05 00:00:00,16.08,6.0
DWLR0087,2025-06-08 00:00:00,16.11,23.5
DWLR0087,2025-06-11 00:00:00,16.16,29.4
DWLR0087,2025-06-14 00:00:00,16.13,24.5
DWLR0087,2025-06-17 00:00:00,16.12,15.5
DWLR0087,2025-06-20 00:00:00,16.08,35.8
DWLR0087,2025-06-23 00:00:00,16.05,9.5
DWLR0087,2025-06-26 00:00:00,16.02,17.4
DWLR0087,2025-06-29 00:00:00,16.02,1.3
DWLR0087,2025-07-02 00:00:00,15.98,36.4
DWLR0087,2025-07-05 00:00:00,15.97,36.2
DWLR0087,2025-07-08 00:00:00,15.95,38.9
DWLR0087,2025-07-11 00:00:00,15.97,30.9
DWLR0087,2025-07-14 00:00:00,15.99,39.6
DWLR0087,2025-07-17 00:00:00,15.93,31.5
DWLR0087,2025-07-20 00:00:00,15.95,16.3
DWLR0087,2025-07-23 00:00:00,15.85,37.0
DWLR0087,2025-07-26 00:00:00,15.86,15.5
DWLR0087,2025-07-29 00:00:00,15.9,24.1
DWLR0087,2025-08-01 00:00:00,15.84,34.5
DWLR0087,2025-08-04 00:00:00,15.88,9.0
DWLR0087,2025-08-07 00:00:00,15.95,25.6
DWLR0087,2025-08-10 00:00:00,15.93,3.7
DWLR0087,2025-08-13 00:00:00,15.87,34.4
DWLR0087,2025-08-16 00:00:00,15.83,29.7
DWLR0087,2025-08-19 00:00:00,15.78,31.3
DWLR0087,2025-08-22 00:00:00,15.78,7.0
DWLR0087,2025-08-25 00:00:00,15.72,11.5
DWLR0087,2025-08-28 00:00:00,15.66,29.0
DWLR0087,2025-08-31 00:00:00,15.68,36.7
DWLR0087,2025-09-03 00:00:00,15.68,8.2
DWLR0087,2025-09-06 00:00:00,15.74,21.6
DWLR0087,2025-09-09 00:00:00,15.81,38.6
DWLR0087,2025-09-12 00:00:00,15.81,24.6
DWLR0087,2025-09-15 00:00:00,15.84,3.2
DWLR0087,2025-09-18 00:00:00,15.79,11.3
DWLR0087,2025-09-21 00:00:00,15.78,5.3
DWLR0087,2025-09-24 00:00:00,15.72,13.4
DWLR0087,2025-09-27 00:00:00,15.73,5.9
DWLR0087,2025-09-30 00:00:00,15.76,30.2
DWLR0087,2025-10-03 00:00:00,15.96,3.7
DWLR0087,2025-10-06 00:00:00,16.13,4.7
DWLR0087,2025-10-09 00:00:00,16.18,2.5
DWLR0087,2025-10-12 00:00:00,16.25,1.0
DWLR0087,2025-10-15 00:00:00,16.35,2.6
DWLR0087,2025-10-18 00:00:00,16.49,4.9
DWLR0087,2025-10-21 00:00:00,16.71,3.5
DWLR0087,2025-10-24 00:00:00,16.83,4.9
DWLR0087,2025-10-27 00:00:00,16.96,2.0
DWLR0087,2025-10-30 00:00:00,17.1,4.7
DWLR0087,2025-11-02 00:00:00,17.14,1.4
DWLR0087,2025-11-05 00:00:00,17.35,1.1
DWLR0087,2025-11-08 00:00:00,17.51,3.7
DWLR0087,2025-11-11 00:00:00,17.58,1.2
DWLR0087,2025-11-14 00:00:00,17.66,4.8
DWLR0087,2025-11-17 00:00:00,17.75,1.4
DWLR0087,2025-11-20 00:00:00,17.9,0.6
DWLR0087,2025-11-23 00:00:00,18.05,2.8
DWLR0087,2025-11-26 00:00:00,18.08,2.7
DWLR0088,2024-06-01 00:00:00,13.38,13.1
DWLR0088,2024-06-04 00:00:00,13.35,17.1
DWLR0088,2024-06-07 00:00:00,13.3,13.2
DWLR0088,2024-06-10 00:00:00,13.21,15.3
DWLR0088,2024-06-13 00:00:00,13.2,6.8
DWLR0088,2024-06-16 00:00:00,13.06,5.1
DWLR0088,2024-06-19 00:00:00,12.97,1.8
DWLR0088,2024-06-22 00:00:00,12.84,17.6
DWLR0088,2024-06-25 00:00:00,12.73,16.3
DWLR0088,2024-06-28 00:00:00,12.55,12.4
DWLR0088,2024-07-01 00:00:00,12.46,13.2
DWLR0088,2024-07-04 00:00:00,12.41,29.0
DWLR0088,2024-07-07 00:00:00,12.2,35.3
DWLR0088,2024-07-10 00:00:00,12.09,38.0
DWLR0088,2024-07-13 00:00:00,12.03,14.9
DWLR0088,2024-07-16 00:00:00,11.94,29.9
DWLR0088,2024-07-19 00:00:00,11.85,25.4
DWLR0088,2024-07-22 00:00:00,11.82,14.5
DWLR0088,2024-07-25 00:00:00,11.71,9.0
DWLR0088,2024-07-28 00:00:00,11.57,37.1
DWLR0088,2024-07-31 00:00:00,11.49,24.9
DWLR0088,2024-08-03 00:00:00,11.37,14.3
DWLR0088,2024-08-06 00:00:00,11.23,28.1
DWLR0088,2024-08-09 00:00:00,11.17,8.6
DWLR0088,2024-08-12 00:00:00,11.11,22.5
DWLR0088,2024-08-15 00:00:00,10.96,2.8
DWLR0088,2024-08-18 00:00:00,10.92,9.8
DWLR0088,2024-08-21 00:00:00,10.84,10.2
DWLR0088,2024-08-24 00:00:00,10.73,1.3
DWLR0088,2024-08-27 00:00:00,10.65,35.2
DWLR0088,2024-08-30 00:00:00,10.55,14.9
DWLR0088,2024-09-02 00:00:00,10.46,34.1
DWLR0088,2024-09-05 00:00:00,10.4,39.4
DWLR0088,2024-09-08 00:00:00,10.33,14.0
DWLR0088,2024-09-11 00:00:00,10.19,24.0
DWLR0088,2024-09-14 00:00:00,10.14,13.2
DWLR0088,2024-09-17 00:00:00,10.01,29.1
DWLR0088,2024-09-20 00:00:00,9.89,7.3
DWLR0088,2024-09-23 00:00:00,9.77,19.9
DWLR0088,2024-09-26 00:00:00,9.68,18.4
DWLR0088,2024-09-29 00:00:00,9.7,17.8
DWLR0088,2024-10-02 00:00:00,9.69,3.8
DWLR0088,2024-10-05 00:00:00,9.78,3.0
DWLR0088,2024-10-08 00:00:00,9.82,3.3
DWLR0088,2024-10-11 00:00:00,9.88,1.0
DWLR0088,2024-10-14 00:00:00,9.96,3.6
DWLR0088,2024-10-17 00:00:00,10.04,3.9
DWLR0088,2024-10-20 00:00:00,10.08,1.4
DWLR0088,2024-10-23 00:00:00,10.13,3.7
DWLR0088,2024-10-26 00:00:00,10.1,1.8
DWLR0088,2024-10-29 00:00:00,10.11,4.8
DWLR0088,2024-11-01 00:00:00,10.1,4.3
DWLR0088,2024-11-04 00:00:00,10.15,4.5
DWLR0088,2024-11-07 00:00:00,10.19,0.2
DWLR0088,2024-11-10 00:00:00,10.27,2.3
DWLR0088,2024-11-13 00:00:00,10.32,4.0
DWLR0088,2024-11-16 00:00:00,10.35,3.6
DWLR0088,2024-11-19 00:00:00,10.33,3.3
DWLR0088,2024-11-22 00:00:00,10.38,0.4
DWLR0088,2024-11-25 00:00:00,10.46,4.2
DWLR0088,2024-11-28 00:00:00,10.48,1.8
DWLR0088,2024-12-01 00:00:00,10.56,3.6
DWLR0088,2024-12-04 00:00:00,10.67,3.5
DWLR0088,2024-12-07 00:00:00,10.61,1.8
DWLR0088,2024-12-10 00:00:00,10.62,1.1
DWLR0088,2024-12-13 00:00:00,10.61,4.3
DWLR0088,2024-12-16 00:00:00,10.7,2.3
DWLR0088,2024-12-19 00:00:00,10.76,2.1
DWLR0088,2024-12-22 00:00:00,10.78,3.3
DWLR0088,2024-12-25 00:00:00,10.76,4.1
DWLR0088,2024-12-28 00:00:00,10.74,3.7
DWLR0088,2024-12-31 00:00:00,10.73,3.3
DWLR0088,2025-01-03 00:00:00,10.68,2.8
DWLR0088,2025-01-06 00:00:00,10.7,4.5
DWLR0088,2025-01-09 00:00:00,10.76,2.7
DWLR0088,2025-01-12 00:00:00,10.73,4.8
DWLR0088,2025-01-15 00:00:00,10.77,1.8
DWLR0088,2025-01-18 00:00:00,10.83,3.6
DWLR0088,2025-01-21 00:00:00,10.95,3.3
DWLR0088,2025-01-24 00:00:00,11.07,3.4
DWLR0088,2025-01-27 00:00:00,11.17,3.4
DWLR0088,2025-01-30 00:00:00,11.13,1.3
DWLR0088,2025-02-02 00:00:00,11.16,3.4
DWLR0088,2025-02-05 00:00:00,11.19,3.0
DWLR0088,2025-02-08 00:00:00,11.24,4.5
DWLR0088,2025-02-11 00:00:00,11.22,4.1
DWLR0088,2025-02-14 00:00:00,11.23,0.2
DWLR0088,2025-02-17 00:00:00,11.33,2.8
DWLR0088,2025-02-20 00:00:00,11.32,1.7
DWLR0088,2025-02-23 00:00:00,11.38,2.3
DWLR0088,2025-02-26 00:00:00,11.37,2.3
DWLR0088,2025-03-01 00:00:00,11.39,1.9
DWLR0088,2025-03-04 00:00:00,11.39,2.2
DWLR0088,2025-03-07 00:00:00,11.37,0.2
DWLR0088,2025-03-10 00:00:00,11.36,1.9
DWLR0088,2025-03-13 00:00:00,11.43,0.2
DWLR0088,2025-03-16 00:00:00,11.42,0.9
DWLR0088,2025-03-19 00:00:00,11.45,0.7
DWLR0088,2025-03-22 00:00:00,11.56,3.4
DWLR0088,2025-03-25 00:00:00,11.61,3.9
DWLR0088,2025-03-28 00:00:00,11.61,0.2
DWLR0088,2025-03-31 00:00:00,11.68,3.4
DWLR0088,2025-04-03 00:00:00,11.65,3.2
DWLR0088,2025-04-06 00:00:00,11.63,1.4
DWLR0088,2025-04-09 00:00:00,11.64,2.8
DWLR0088,2025-04-12 00:00:00,11.66,1.8
DWLR0088,2025-04-15 00:00:00,11.61,2.6
DWLR0088,2025-04-18 00:00:00,11.59,4.5
DWLR0088,2025-04-21 00:00:00,11.59,1.4
DWLR0088,2025-04-24 00:00:00,11.56,0.5
DWLR0088,2025-04-27 00:00:00,11.59,0.2
DWLR0088,2025-04-30 00:00:00,11.54,0.6
DWLR0088,2025-05-03 00:00:00,11.56,2.7
DWLR0088,2025-05-06 00:00:00,11.5,4.4
DWLR0088,2025-05-09 00:00:00,11.52,3.5
DWLR0088,2025-05-12 00:00:00,11.51,0.2
DWLR0088,2025-05-15 00:00:00,11.5,4.5
DWLR0088,2025-05-18 00:00:00,11.56,2.4
DWLR0088,2025-05-21 00:00:00,11.58,3.7
DWLR0088,2025-05-24 00:00:00,11.63,4.8
DWLR0088,2025-05-27 00:00:00,11.58,3.5
DWLR0088,2025-05-30 00:00:00,11.53,2.5
DWLR0088,2025-06-02 00:00:00,11.53,23.3
DWLR0088,2025-06-05 00:00:00,11.51,39.2
DWLR0088,2025-06-08 00:00:00,11.41,24.4
DWLR0088,2025-06-11 00:00:00,11.27,22.2
DWLR0088,2025-06-14 00:00:00,11.07,20.5
DWLR0088,2025-06-17 00:00:00,11.0,31.3
DWLR0088,2025-06-20 00:00:00,10.94,20.5
DWLR0088,2025-06-23 00:00:00,10.89,34.9
DWLR0088,2025-06-26 00:00:00,10.79,3.6
DWLR0088,2025-06-29 00:00:00,10.76,2.9
DWLR0088,2025-07-02 00:00:00,10.76,7.6
DWLR0088,2025-07-05 00:00:00,10.63,25.0
DWLR0088,2025-07-08 00:00:00,10.55,4.6
DWLR0088,2025-07-11 00:00:00,10.49,19.5
DWLR0088,2025-07-14 00:00:00,10.39,35.6
DWLR0088,2025-07-17 00:00:00,10.31,8.8
DWLR0088,2025-07-20 00:00:00,10.13,2.2
DWLR0088,2025-07-23 00:00:00,10.1,16.1
DWLR0088,2025-07-26 00:00:00,10.03,7.8
DWLR0088,2025-07-29 00:00:00,9.92,4.3
DWLR0088,2025-08-01 00:00:00,9.86,8.0
DWLR0088,2025-08-04 00:00:00,9.72,13.6
DWLR0088,2025-08-07 00:00:00,9.73,6.2
DWLR0088,2025-08-10 00:00:00,9.61,22.6
DWLR0088,2025-08-13 00:00:00,9.49,21.1
DWLR0088,2025-08-16 00:00:00,9.46,13.3
DWLR0088,2025-08-19 00:00:00,9.37,13.6
DWLR0088,2025-08-22 00:00:00,9.31,25.7
DWLR0088,2025-08-25 00:00:00,9.19,33.4
DWLR0088,2025-08-28 00:00:00,9.12,4.7
DWLR0088,2025-08-31 00:00:00,9.01,32.6
DWLR0088,2025-09-03 00:00:00,8.98,26.8
DWLR0088,2025-09-06 00:00:00,9.01,25.7
DWLR0088,2025-09-09 00:00:00,8.92,12.9
DWLR0088,2025-09-12 00:00:00,8.85,4.2
DWLR0088,2025-09-15 00:00:00,8.77,28.5
DWLR0088,2025-09-18 00:00:00,8.7,27.5
DWLR0088,2025-09-21 00:00:00,8.61,4.8
DWLR0088,2025-09-24 00:00:00,8.51,24.2
DWLR0088,2025-09-27 00:00:00,8.45,8.5
DWLR0088,2025-09-30 00:00:00,8.34,30.4
DWLR0088,2025-10-03 00:00:00,8.44,1.2
DWLR0088,2025-10-06 00:00:00,8.45,2.6
DWLR0088,2025-10-09 00:00:00,8.49,1.4
DWLR0088,2025-10-12 00:00:00,8.52,1.8
DWLR0088,2025-10-15 00:00:00,8.46,4.1
DWLR0088,2025-10-18 00:00:00,8.48,3.9
DWLR0088,2025-10-21 00:00:00,8.48,4.4
DWLR0088,2025-10-24 00:00:00,8.56,1.0
DWLR0088,2025-10-27 00:00:00,8.59,3.2
DWLR0088,2025-10-30 00:00:00,8.66,0.8
DWLR0088,2025-11-02 00:00:00,8.7,0.2
DWLR0088,2025-11-05 00:00:00,8.7,2.3
DWLR0088,2025-11-08 00:00:00,8.76,4.2
DWLR0088,2025-11-11 00:00:00,8.8,2.4
DWLR0088,2025-11-14 00:00:00,8.77,0.3
DWLR0088,2025-11-17 00:00:00,8.77,2.4
DWLR0088,2025-11-20 00:00:00,8.79,0.2
DWLR0088,2025-11-23 00:00:00,8.83,4.4
DWLR0088,2025-11-26 00:00:00,8.81,4.9
DWLR0089,2024-06-01 00:00:00,5.87,7.0
DWLR0089,2024-06-04 00:00:00,5.85,28.6
DWLR0089,2024-06-07 00:00:00,5.75,14.7
DWLR0089,2024-06-10 00:00:00,5.73,5.8
DWLR0089,2024-06-13 00:00:00,5.75,33.7
DWLR0089,2024-06-16 00:00:00,5.81,9.5
DWLR0089,2024-06-19 00:00:00,5.71,3.9
DWLR0089,2024-06-22 00:00:00,5.63,36.9
DWLR0089,2024-06-25 00:00:00,5.69,8.6
DWLR0089,2024-06-28 00:00:00,5.56,37.5
DWLR0089,2024-07-01 00:00:00,5.48,9.0
DWLR0089,2024-07-04 00:00:00,5.44,24.7
DWLR0089,2024-07-07 00:00:00,5.39,20.0
DWLR0089,2024-07-10 00:00:00,5.28,27.3
DWLR0089,2024-07-13 00:00:00,5.2,29.1
DWLR0089,2024-07-16 00:00:00,5.08,15.1
DWLR0089,2024-07-19 00:00:00,5.04,17.0
DWLR0089,2024-07-22 00:00:00,4.91,0.6
DWLR0089,2024-07-25 00:00:00,4.82,28.1
DWLR0089,2024-07-28 00:00:00,4.71,29.1
DWLR0089,2024-07-31 00:00:00,4.7,36.4
DWLR0089,2024-08-03 00:00:00,4.65,8.8
DWLR0089,2024-08-06 00:00:00,4.57,33.7
DWLR0089,2024-08-09 00:00:00,4.6,26.3
DWLR0089,2024-08-12 00:00:00,4.47,36.6
DWLR0089,2024-08-15 00:00:00,4.45,1.3
DWLR0089,2024-08-18 00:00:00,4.49,0.5
DWLR0089,2024-08-21 00:00:00,4.45,11.1
DWLR0089,2024-08-24 00:00:00,4.43,26.3
DWLR0089,2024-08-27 00:00:00,4.39,0.8
DWLR0089,2024-08-30 00:00:00,4.36,2.2
DWLR0089,2024-09-02 00:00:00,4.23,19.5
DWLR0089,2024-09-05 00:00:00,4.12,27.2
DWLR0089,2024-09-08 00:00:00,4.04,1.4
DWLR0089,2024-09-11 00:00:00,3.98,20.4
DWLR0089,2024-09-14 00:00:00,4.0,33.4
DWLR0089,2024-09-17 00:00:00,4.01,6.0
DWLR0089,2024-09-20 00:00:00,3.91,4.1
DWLR0089,2024-09-23 00:00:00,3.82,27.2
DWLR0089,2024-09-26 00:00:00,3.79,21.8
DWLR0089,2024-09-29 00:00:00,3.72,32.0
DWLR0089,2024-10-02 00:00:00,3.79,1.6
DWLR0089,2024-10-05 00:00:00,3.82,0.5
DWLR0089,2024-10-08 00:00:00,3.93,1.7
DWLR0089,2024-10-11 00:00:00,3.9,1.2
DWLR0089,2024-10-14 00:00:00,3.94,3.1
DWLR0089,2024-10-17 00:00:00,3.87,1.9
DWLR0089,2024-10-20 00:00:00,3.97,2.8
DWLR0089,2024-10-23 00:00:00,4.02,3.0
DWLR0089,2024-10-26 00:00:00,4.07,2.6
DWLR0089,2024-10-29 00:00:00,4.11,1.1
DWLR0089,2024-11-01 00:00:00,4.12,3.8
DWLR0089,2024-11-04 00:00:00,4.1,3.7
DWLR0089,2024-11-07 00:00:00,4.14,3.7
DWLR0089,2024-11-10 00:00:00,4.23,1.1
DWLR0089,2024-11-13 00:00:00,4.24,2.3
DWLR0089,2024-11-16 00:00:00,4.24,2.1
DWLR0089,2024-11-19 00:00:00,4.27,4.5
DWLR0089,2024-11-22 00:00:00,4.23,0.1
DWLR0089,2024-11-25 00:00:00,4.24,4.0
DWLR0089,2024-11-28 00:00:00,4.36,0.7
DWLR0089,2024-12-01 00:00:00,4.34,2.3
DWLR0089,2024-12-04 00:00:00,4.37,1.4
DWLR0089,2024-12-07 00:00:00,4.49,1.0
DWLR0089,2024-12-10 00:00:00,4.64,0.9
DWLR0089,2024-12-13 00:00:00,4.56,3.7
DWLR0089,2024-12-16 00:00:00,4.66,3.5
DWLR0089,2024-12-19 00:00:00,4.74,3.5
DWLR0089,2024-12-22 00:00:00,4.68,0.6
DWLR0089,2024-12-25 00:00:00,4.72,0.8
DWLR0089,2024-12-28 00:00:00,4.75,1.0
DWLR0089,2024-12-31 00:00:00,4.82,2.6
DWLR0089,2025-01-03 00:00:00,4.84,2.8
DWLR0089,2025-01-06 00:00:00,4.83,0.7
DWLR0089,2025-01-09 00:00:00,4.89,4.4
DWLR0089,2025-01-12 00:00:00,4.93,4.9
DWLR0089,2025-01-15 00:00:00,4.96,1.8
DWLR0089,2025-01-18 00:00:00,5.04,4.4
DWLR0089,2025-01-21 00:00:00,5.08,4.7
DWLR0089,2025-01-24 00:00:00,5.07,4.1
DWLR0089,2025-01-27 00:00:00,5.16,3.3
DWLR0089,2025-01-30 00:00:00,5.17,3.9
DWLR0089,2025-02-02 00:00:00,5.19,4.7
DWLR0089,2025-02-05 00:00:00,5.19,0.8
DWLR0089,2025-02-08 00:00:00,5.25,4.2
DWLR0089,2025-02-11 00:00:00,5.32,4.0
DWLR0089,2025-02-14 00:00:00,5.36,0.9
DWLR0089,2025-02-17 00:00:00,5.42,3.4
DWLR0089,2025-02-20 00:00:00,5.42,4.1
DWLR0089,2025-02-23 00:00:00,5.5,0.1
DWLR0089,2025-02-26 00:00:00,5.48,3.5
DWLR0089,2025-03-01 00:00:00,5.59,4.6
DWLR0089,2025-03-04 00:00:00,5.64,3.8
DWLR0089,2025-03-07 00:00:00,5.7,1.8
DWLR0089,2025-03-10 00:00:00,5.7,2.2
DWLR0089,2025-03-13 00:00:00,5.73,1.1
DWLR0089,2025-03-16 00:00:00,5.78,3.6
DWLR0089,2025-03-19 00:00:00,5.84,0.6
DWLR0089,2025-03-22 00:00:00,5.86,1.3
DWLR0089,2025-03-25 00:00:00,5.86,3.4
DWLR0089,2025-03-28 00:00:00,5.82,3.2
DWLR0089,2025-03-31 00:00:00,5.86,3.0
DWLR0089,2025-04-03 00:00:00,5.93,0.3
DWLR0089,2025-04-06 00:00:00,5.92,3.3
DWLR0089,2025-04-09 00:00:00,6.05,2.1
DWLR0089,2025-04-12 00:00:00,6.12,4.8
DWLR0089,2025-04-15 00:00:00,6.11,4.7
DWLR0089,2025-04-18 00:00:00,6.18,1.0
DWLR0089,2025-04-21 00:00:00,6.22,0.0
DWLR0089,2025-04-24 00:00:00,6.31,3.5
DWLR0089,2025-04-27 00:00:00,6.43,3.5
DWLR0089,2025-04-30 00:00:00,6.46,0.3
DWLR0089,2025-05-03 00:00:00,6.51,3.1
DWLR0089,2025-05-06 00:00:00,6.6,1.2
DWLR0089,2025-05-09 00:00:00,6.72,3.5
DWLR0089,2025-05-12 00:00:00,6.78,4.1
DWLR0089,2025-05-15 00:00:00,6.82,3.1
DWLR0089,2025-05-18 00:00:00,6.85,0.6
DWLR0089,2025-05-21 00:00:00,6.93,3.0
DWLR0089,2025-05-24 00:00:00,6.95,3.1
DWLR0089,2025-05-27 00:00:00,6.97,4.6
DWLR0089,2025-05-30 00:00:00,6.97,0.0
DWLR0089,2025-06-02 00:00:00,6.96,28.3
DWLR0089,2025-06-05 00:00:00,7.0,19.8
DWLR0089,2025-06-08 00:00:00,6.99,18.9
DWLR0089,2025-06-11 00:00:00,6.94,9.2
DWLR0089,2025-06-14 00:00:00,6.84,13.0
DWLR0089,2025-06-17 00:00:00,6.68,11.7
DWLR0089,2025-06-20 00:00:00,6.59,38.5
DWLR0089,2025-06-23 00:00:00,6.53,19.9
DWLR0089,2025-06-26 00:00:00,6.47,1.1
DWLR0089,2025-06-29 00:00:00,6.43,16.7
DWLR0089,2025-07-02 00:00:00,6.36,13.9
DWLR0089,2025-07-05 00:00:00,6.35,21.4
DWLR0089,2025-07-08 00:00:00,6.33,1.5
DWLR0089,2025-07-11 00:00:00,6.35,39.4
DWLR0089,2025-07-14 00:00:00,6.3,14.5
DWLR0089,2025-07-17 00:00:00,6.26,33.7
DWLR0089,2025-07-20 00:00:00,6.21,32.3
DWLR0089,2025-07-23 00:00:00,6.15,12.1
DWLR0089,2025-07-26 00:00:00,6.03,38.2
DWLR0089,2025-07-29 00:00:00,5.9,19.6
DWLR0089,2025-08-01 00:00:00,5.83,9.9
DWLR0089,2025-08-04 00:00:00,5.8,13.1
DWLR0089,2025-08-07 00:00:00,5.67,3.7
DWLR0089,2025-08-10 00:00:00,5.69,32.5
DWLR0089,2025-08-13 00:00:00,5.6,35.2
DWLR0089,2025-08-16 00:00:00,5.62,25.0
DWLR0089,2025-08-19 00:00:00,5.59,7.3
DWLR0089,2025-08-22 00:00:00,5.48,24.1
DWLR0089,2025-08-25 00:00:00,5.47,31.9
DWLR0089,2025-08-28 00:00:00,5.43,1.2
DWLR0089,2025-08-31 00:00:00,5.37,23.0
DWLR0089,2025-09-03 00:00:00,5.33,17.3
DWLR0089,2025-09-06 00:00:00,5.25,33.1
DWLR0089,2025-09-09 00:00:00,5.09,26.8
DWLR0089,2025-09-12 00:00:00,4.97,19.5
DWLR0089,2025-09-15 00:00:00,4.9,25.7
DWLR0089,2025-09-18 00:00:00,4.94,19.4
DWLR0089,2025-09-21 00:00:00,4.93,28.1
DWLR0089,2025-09-24 00:00:00,4.9,23.7
DWLR0089,2025-09-27 00:00:00,4.85,38.6
DWLR0089,2025-09-30 00:00:00,4.8,12.5
DWLR0089,2025-10-03 00:00:00,4.91,3.7
DWLR0089,2025-10-06 00:00:00,4.88,4.0
DWLR0089,2025-10-09 00:00:00,4.92,3.5
DWLR0089,2025-10-12 00:00:00,4.86,0.1
DWLR0089,2025-10-15 00:00:00,4.88,3.8
DWLR0089,2025-10-18 00:00:00,4.9,2.1
DWLR0089,2025-10-21 00:00:00,4.9,3.1
DWLR0089,2025-10-24 00:00:00,4.91,2.8
DWLR0089,2025-10-27 00:00:00,5.01,1.5
DWLR0089,2025-10-30 00:00:00,5.07,1.1
DWLR0089,2025-11-02 00:00:00,5.04,1.2
DWLR0089,2025-11-05 00:00:00,5.11,2.0
DWLR0089,2025-11-08 00:00:00,5.18,3.1
DWLR0089,2025-11-11 00:00:00,5.19,2.4
DWLR0089,2025-11-14 00:00:00,5.3,4.4
DWLR0089,2025-11-17 00:00:00,5.29,2.1
DWLR0089,2025-11-20 00:00:00,5.36,4.5
DWLR0089,2025-11-23 00:00:00,5.4,2.1
DWLR0089,2025-11-26 00:00:00,5.4,1.7
DWLR0090,2024-06-01 00:00:00,17.49,11.0
DWLR0090,2024-06-04 00:00:00,17.46,37.1
DWLR0090,2024-06-07 00:00:00,17.38,7.6
DWLR0090,2024-06-10 00:00:00,17.34,19.6
DWLR0090,2024-06-13 00:00:00,17.26,28.5
DWLR0090,2024-06-16 00:00:00,17.27,36.1
DWLR0090,2024-06-19 00:00:00,17.19,17.2
DWLR0090,2024-06-22 00:00:00,17.16,37.4
DWLR0090,2024-06-25 00:00:00,17.1,4.1
DWLR0090,2024-06-28 00:00:00,17.07,34.1
DWLR0090,2024-07-01 00:00:00,17.07,0.2
DWLR0090,2024-07-04 00:00:00,17.03,11.8
DWLR0090,2024-07-07 00:00:00,16.95,22.8
DWLR0090,2024-07-10 00:00:00,16.91,29.3
DWLR0090,2024-07-13 00:00:00,16.93,15.2
DWLR0090,2024-07-16 00:00:00,16.92,28.9
DWLR0090,2024-07-19 00:00:00,16.9,30.0
DWLR0090,2024-07-22 00:00:00,16.91,10.2
DWLR0090,2024-07-25 00:00:00,16.88,5.7
DWLR0090,2024-07-28 00:00:00,16.77,12.3
DWLR0090,2024-07-31 00:00:00,16.75,16.9
DWLR0090,2024-08-03 00:00:00,16.68,31.8
DWLR0090,2024-08-06 00:00:00,16.68,31.5
DWLR0090,2024-08-09 00:00:00,16.69,21.2
DWLR0090,2024-08-12 00:00:00,16.63,36.5
DWLR0090,2024-08-15 00:00:00,16.56,39.8
DWLR0090,2024-08-18 00:00:00,16.43,18.7
DWLR0090,2024-08-21 00:00:00,16.41,17.4
DWLR0090,2024-08-24 00:00:00,16.41,34.6
DWLR0090,2024-08-27 00:00:00,16.37,8.2
DWLR0090,2024-08-30 00:00:00,16.38,29.8
DWLR0090,2024-09-02 00:00:00,16.36,0.1
DWLR0090,2024-09-05 00:00:00,16.27,14.6
DWLR0090,2024-09-08 00:00:00,16.2,6.7
DWLR0090,2024-09-11 00:00:00,16.05,0.4
DWLR0090,2024-09-14 00:00:00,16.02,23.3
DWLR0090,2024-09-17 00:00:00,16.02,29.2
DWLR0090,2024-09-20 00:00:00,15.96,7.7
DWLR0090,2024-09-23 00:00:00,15.87,28.9
DWLR0090,2024-09-26 00:00:00,15.75,34.9
DWLR0090,2024-09-29 00:00:00,15.75,31.7
DWLR0090,2024-10-02 00:00:00,15.73,0.9
DWLR0090,2024-10-05 00:00:00,15.82,0.8
DWLR0090,2024-10-08 00:00:00,15.88,0.8
DWLR0090,2024-10-11 00:00:00,15.93,2.0
DWLR0090,2024-10-14 00:00:00,16.02,4.6
DWLR0090,2024-10-17 00:00:00,16.04,0.6
DWLR0090,2024-10-20 00:00:00,16.03,2.2
DWLR0090,2024-10-23 00:00:00,16.07,0.4
DWLR0090,2024-10-26 00:00:00,16.03,2.2
DWLR0090,2024-10-29 00:00:00,16.04,0.0
DWLR0090,2024-11-01 00:00:00,16.15,0.4
DWLR0090,2024-11-04 00:00:00,16.23,2.5
DWLR0090,2024-11-07 00:00:00,16.28,0.9
DWLR0090,2024-11-10 00:00:00,16.34,2.2
DWLR0090,2024-11-13 00:00:00,16.37,0.7
DWLR0090,2024-11-16 00:00:00,16.39,3.7
DWLR0090,2024-11-19 00:00:00,16.46,3.6
DWLR0090,2024-11-22 00:00:00,16.53,4.5
DWLR0090,2024-11-25 00:00:00,16.53,4.1
DWLR0090,2024-11-28 00:00:00,16.65,2.6
DWLR0090,2024-12-01 00:00:00,16.65,2.1
DWLR0090,2024-12-04 00:00:00,16.6,0.0
DWLR0090,2024-12-07 00:00:00,16.69,3.8
DWLR0090,2024-12-10 00:00:00,16.73,1.9
DWLR0090,2024-12-13 00:00:00,16.74,0.0
DWLR0090,2024-12-16 00:00:00,16.73,0.7
DWLR0090,2024-12-19 00:00:00,16.75,2.7
DWLR0090,2024-12-22 00:00:00,16.9,0.5
DWLR0090,2024-12-25 00:00:00,16.89,4.6
DWLR0090,2024-12-28 00:00:00,17.0,0.7
DWLR0090,2024-12-31 00:00:00,17.04,3.2
DWLR0090,2025-01-03 00:00:00,17.14,1.6
DWLR0090,2025-01-06 00:00:00,17.18,1.0
DWLR0090,2025-01-09 00:00:00,17.25,1.6
DWLR0090,2025-01-12 00:00:00,17.26,0.3
DWLR0090,2025-01-15 00:00:00,17.26,4.2
DWLR0090,2025-01-18 00:00:00,17.26,4.1
DWLR0090,2025-01-21 00:00:00,17.3,2.2
DWLR0090,2025-01-24 00:00:00,17.34,2.2
DWLR0090,2025-01-27 00:00:00,17.33,0.1
DWLR0090,2025-01-30 00:00:00,17.35,2.3
DWLR0090,2025-02-02 00:00:00,17.43,1.3
DWLR0090,2025-02-05 00:00:00,17.42,2.7
DWLR0090,2025-02-08 00:00:00,17.47,0.6
DWLR0090,2025-02-11 00:00:00,17.6,3.5
DWLR0090,2025-02-14 00:00:00,17.71,2.0
DWLR0090,2025-02-17 00:00:00,17.75,4.4
DWLR0090,2025-02-20 00:00:00,17.83,2.4
DWLR0090,2025-02-23 00:00:00,17.88,3.3
DWLR0090,2025-02-26 00:00:00,17.92,1.5
DWLR0090,2025-03-01 00:00:00,17.94,3.5
DWLR0090,2025-03-04 00:00:00,17.96,0.8
DWLR0090,2025-03-07 00:00:00,18.02,2.1
DWLR0090,2025-03-10 00:00:00,18.1,2.9
DWLR0090,2025-03-13 00:00:00,18.13,0.8
DWLR0090,2025-03-16 00:00:00,18.23,3.0
DWLR0090,2025-03-19 00:00:00,18.19,2.6
DWLR0090,2025-03-22 00:00:00,18.23,1.7
DWLR0090,2025-03-25 00:00:00,18.32,0.3
DWLR0090,2025-03-28 00:00:00,18.35,3.5
DWLR0090,2025-03-31 00:00:00,18.42,1.4
DWLR0090,2025-04-03 00:00:00,18.43,1.5
DWLR0090,2025-04-06 00:00:00,18.48,0.4
DWLR0090,2025-04-09 00:00:00,18.52,1.7
DWLR0090,2025-04-12 00:00:00,18.5,1.7
DWLR0090,2025-04-15 00:00:00,18.58,4.0
DWLR0090,2025-04-18 00:00:00,18.66,4.8
DWLR0090,2025-04-21 00:00:00,18.62,3.8
DWLR0090,2025-04-24 00:00:00,18.71,1.0
DWLR0090,2025-04-27 00:00:00,18.8,3.7
DWLR0090,2025-04-30 00:00:00,18.82,3.1
DWLR0090,2025-05-03 00:00:00,18.84,4.8
DWLR0090,2025-05-06 00:00:00,18.81,0.1
DWLR0090,2025-05-09 00:00:00,18.82,4.1
DWLR0090,2025-05-12 00:00:00,18.84,5.0
DWLR0090,2025-05-15 00:00:00,18.89,2.0
DWLR0090,2025-05-18 00:00:00,18.97,3.2
DWLR0090,2025-05-21 00:00:00,19.12,0.3
DWLR0090,2025-05-24 00:00:00,19.18,4.0
DWLR0090,2025-05-27 00:00:00,19.19,1.3
DWLR0090,2025-05-30 00:00:00,19.25,4.3
DWLR0090,2025-06-02 00:00:00,19.21,37.1
DWLR0090,2025-06-05 00:00:00,19.1,0.6
DWLR0090,2025-06-08 00:00:00,19.08,27.0
DWLR0090,2025-06-11 00:00:00,18.97,6.4
DWLR0090,2025-06-14 00:00:00,18.94,15.8
DWLR0090,2025-06-17 00:00:00,18.9,11.5
DWLR0090,2025-06-20 00:00:00,18.83,0.6
DWLR0090,2025-06-23 00:00:00,18.77,28.8
DWLR0090,2025-06-26 00:00:00,18.73,2.5
DWLR0090,2025-06-29 00:00:00,18.63,25.2
DWLR0090,2025-07-02 00:00:00,18.54,10.7
DWLR0090,2025-07-05 00:00:00,18.5,16.2
DWLR0090,2025-07-08 00:00:00,18.43,19.7
DWLR0090,2025-07-11 00:00:00,18.29,26.1
DWLR0090,2025-07-14 00:00:00,18.29,36.6
DWLR0090,2025-07-17 00:00:00,18.32,11.2
DWLR0090,2025-07-20 00:00:00,18.31,33.2
DWLR0090,2025-07-23 00:00:00,18.26,7.5
DWLR0090,2025-07-26 00:00:00,18.23,12.2
DWLR0090,2025-07-29 00:00:00,18.18,12.2
DWLR0090,2025-08-01 00:00:00,18.08,21.5
DWLR0090,2025-08-04 00:00:00,18.02,24.2
DWLR0090,2025-08-07 00:00:00,17.96,5.0
DWLR0090,2025-08-10 00:00:00,17.82,1.2
DWLR0090,2025-08-13 00:00:00,17.77,0.9
DWLR0090,2025-08-16 00:00:00,17.81,17.2
DWLR0090,2025-08-19 00:00:00,17.72,17.1
DWLR0090,2025-08-22 00:00:00,17.68,13.7
DWLR0090,2025-08-25 00:00:00,17.7,15.5
DWLR0090,2025-08-28 00:00:00,17.69,29.3
DWLR0090,2025-08-31 00:00:00,17.68,35.9
DWLR0090,2025-09-03 00:00:00,17.66,5.2
DWLR0090,2025-09-06 00:00:00,17.58,13.3
DWLR0090,2025-09-09 00:00:00,17.5,31.9
DWLR0090,2025-09-12 00:00:00,17.43,3.7
DWLR0090,2025-09-15 00:00:00,17.33,6.7
DWLR0090,2025-09-18 00:00:00,17.35,7.3
DWLR0090,2025-09-21 00:00:00,17.43,37.5
DWLR0090,2025-09-24 00:00:00,17.42,19.8
DWLR0090,2025-09-27 00:00:00,17.29,18.0
DWLR0090,2025-09-30 00:00:00,17.26,36.3
DWLR0090,2025-10-03 00:00:00,17.28,0.4
DWLR0090,2025-10-06 00:00:00,17.28,2.3
DWLR0090,2025-10-09 00:00:00,17.38,4.6
DWLR0090,2025-10-12 00:00:00,17.39,4.2
DWLR0090,2025-10-15 00:00:00,17.46,1.8
DWLR0090,2025-10-18 00:00:00,17.46,1.7
DWLR0090,2025-10-21 00:00:00,17.47,0.5
DWLR0090,2025-10-24 00:00:00,17.47,4.6
DWLR0090,2025-10-27 00:00:00,17.42,2.8
DWLR0090,2025-10-30 00:00:00,17.46,4.3
DWLR0090,2025-11-02 00:00:00,17.48,1.9
DWLR0090,2025-11-05 00:00:00,17.54,1.3
DWLR0090,2025-11-08 00:00:00,17.6,4.4
DWLR0090,2025-11-11 00:00:00,17.64,2.6
DWLR0090,2025-11-14 00:00:00,17.58,4.6
DWLR0090,2025-11-17 00:00:00,17.64,3.3
DWLR0090,2025-11-20 00:00:00,17.72,4.4
DWLR0090,2025-11-23 00:00:00,17.76,3.8
DWLR0090,2025-11-26 00:00:00,17.75,4.8
DWLR0091,2024-06-01 00:00:00,22.49,14.0
DWLR0091,2024-06-04 00:00:00,22.37,39.8
DWLR0091,2024-06-07 00:00:00,22.28,28.1
DWLR0091,2024-06-10 00:00:00,22.18,10.3
DWLR0091,2024-06-13 00:00:00,22.03,30.5
DWLR0091,2024-06-16 00:00:00,21.95,0.5
DWLR0091,2024-06-19 00:00:00,21.95,33.1
DWLR0091,2024-06-22 00:00:00,21.96,25.8
DWLR0091,2024-06-25 00:00:00,21.95,8.9
DWLR0091,2024-06-28 00:00:00,21.87,4.6
DWLR0091,2024-07-01 00:00:00,21.87,39.5
DWLR0091,2024-07-04 00:00:00,21.83,31.6
DWLR0091,2024-07-07 00:00:00,21.74,13.5
DWLR0091,2024-07-10 00:00:00,21.73,22.6
DWLR0091,2024-07-13 00:00:00,21.64,38.4
DWLR0091,2024-07-16 00:00:00,21.53,7.5
DWLR0091,2024-07-19 00:00:00,21.51,15.7
DWLR0091,2024-07-22 00:00:00,21.39,12.6
DWLR0091,2024-07-25 00:00:00,21.34,19.2
DWLR0091,2024-07-28 00:00:00,21.28,9.7
DWLR0091,2024-07-31 00:00:00,21.29,20.0
DWLR0091,2024-08-03 00:00:00,21.21,3.3
DWLR0091,2024-08-06 00:00:00,21.1,1.3
DWLR0091,2024-08-09 00:00:00,21.09,0.9
DWLR0091,2024-08-12 00:00:00,20.94,27.8
DWLR0091,2024-08-15 00:00:00,20.81,28.1
DWLR0091,2024-08-18 00:00:00,20.73,20.7
DWLR0091,2024-08-21 00:00:00,20.7,22.8
DWLR0091,2024-08-24 00:00:00,20.68,21.4
DWLR0091,2024-08-27 00:00:00,20.6,16.8
DWLR0091,2024-08-30 00:00:00,20.6,30.1
DWLR0091,2024-09-02 00:00:00,20.52,29.7
DWLR0091,2024-09-05 00:00:00,20.42,35.5
DWLR0091,2024-09-08 00:00:00,20.37,38.9
DWLR0091,2024-09-11 00:00:00,20.34,22.6
DWLR0091,2024-09-14 00:00:00,20.33,8.1
DWLR0091,2024-09-17 00:00:00,20.31,14.9
DWLR0091,2024-09-20 00:00:00,20.27,17.9
DWLR0091,2024-09-23 00:00:00,20.14,27.7
DWLR0091,2024-09-26 00:00:00,20.18,3.9
DWLR0091,2024-09-29 00:00:00,20.09,25.2
DWLR0091,2024-10-02 00:00:00,20.13,3.8
DWLR0091,2024-10-05 00:00:00,20.13,4.2
DWLR0091,2024-10-08 00:00:00,20.22,0.5
DWLR0091,2024-10-11 00:00:00,20.16,3.0
DWLR0091,2024-10-14 00:00:00,20.19,4.4
DWLR0091,2024-10-17 00:00:00,20.22,0.6
DWLR0091,2024-10-20 00:00:00,20.35,4.0
DWLR0091,2024-10-23 00:00:00,20.44,2.2
DWLR0091,2024-10-26 00:00:00,20.49,1.3
DWLR0091,2024-10-29 00:00:00,20.61,2.9
DWLR0091,2024-11-01 00:00:00,20.67,1.8
DWLR0091,2024-11-04 00:00:00,20.7,1.7
DWLR0091,2024-11-07 00:00:00,20.71,3.4
DWLR0091,2024-11-10 00:00:00,20.81,2.6
DWLR0091,2024-11-13 00:00:00,20.84,4.4
DWLR0091,2024-11-16 00:00:00,20.89,4.7
DWLR0091,2024-11-19 00:00:00,20.79,2.9
DWLR0091,2024-11-22 00:00:00,20.8,2.3
DWLR0091,2024-11-25 00:00:00,20.82,3.3
DWLR0091,2024-11-28 00:00:00,20.83,4.6
DWLR0091,2024-12-01 00:00:00,20.95,4.6
DWLR0091,2024-12-04 00:00:00,20.92,1.6
DWLR0091,2024-12-07 00:00:00,20.92,4.1
DWLR0091,2024-12-10 00:00:00,20.98,2.4
DWLR0091,2024-12-13 00:00:00,21.03,4.5
DWLR0091,2024-12-16 00:00:00,21.03,3.9
DWLR0091,2024-12-19 00:00:00,21.05,3.2
DWLR0091,2024-12-22 00:00:00,21.04,1.8
DWLR0091,2024-12-25 00:00:00,21.06,4.2
DWLR0091,2024-12-28 00:00:00,21.05,1.9
DWLR0091,2024-12-31 00:00:00,21.02,4.4
DWLR0091,2025-01-03 00:00:00,21.03,1.8
DWLR0091,2025-01-06 00:00:00,20.99,2.5
DWLR0091,2025-01-09 00:00:00,21.04,0.8
DWLR0091,2025-01-12 00:00:00,21.03,4.7
DWLR0091,2025-01-15 00:00:00,21.02,3.3
DWLR0091,2025-01-18 00:00:00,21.06,1.0
DWLR0091,2025-01-21 00:00:00,21.16,2.4
DWLR0091,2025-01-24 00:00:00,21.24,1.3
DWLR0091,2025-01-27 00:00:00,21.25,0.1
DWLR0091,2025-01-30 00:00:00,21.29,0.9
DWLR0091,2025-02-02 00:00:00,21.37,4.3
DWLR0091,2025-02-05 00:00:00,21.36,1.5
DWLR0091,2025-02-08 00:00:00,21.41,1.2
DWLR0091,2025-02-11 00:00:00,21.49,1.8
DWLR0091,2025-02-14 00:00:00,21.49,0.3
DWLR0091,2025-02-17 00:00:00,21.58,2.4
DWLR0091,2025-02-20 00:00:00,21.63,4.2
DWLR0091,2025-02-23 00:00:00,21.67,3.5
DWLR0091,2025-02-26 00:00:00,21.76,2.0
DWLR0091,2025-03-01 00:00:00,21.84,2.1
DWLR0091,2025-03-04 00:00:00,21.84,3.0
DWLR0091,2025-03-07 00:00:00,21.86,4.9
DWLR0091,2025-03-10 00:00:00,21.94,4.2
DWLR0091,2025-03-13 00:00:00,21.95,1.0
DWLR0091,2025-03-16 00:00:00,21.99,0.5
DWLR0091,2025-03-19 00:00:00,21.99,0.9
DWLR0091,2025-03-22 00:00:00,22.04,3.4
DWLR0091,2025-03-25 00:00:00,22.08,2.6
DWLR0091,2025-03-28 00:00:00,22.12,4.8
DWLR0091,2025-03-31 00:00:00,22.11,3.2
DWLR0091,2025-04-03 00:00:00,22.13,1.4
DWLR0091,2025-04-06 00:00:00,22.19,1.3
DWLR0091,2025-04-09 00:00:00,22.21,3.9
DWLR0091,2025-04-12 00:00:00,22.2,4.3
DWLR0091,2025-04-15 00:00:00,22.33,3.8
DWLR0091,2025-04-18 00:00:00,22.32,3.8
DWLR0091,2025-04-21 00:00:00,22.36,4.6
DWLR0091,2025-04-24 00:00:00,22.46,2.3
DWLR0091,2025-04-27 00:00:00,22.53,2.1
DWLR0091,2025-04-30 00:00:00,22.62,4.8
DWLR0091,2025-05-03 00:00:00,22.61,1.0
DWLR0091,2025-05-06 00:00:00,22.62,0.3
DWLR0091,2025-05-09 00:00:00,22.68,3.0
DWLR0091,2025-05-12 00:00:00,22.72,1.8
DWLR0091,2025-05-15 00:00:00,22.81,3.6
DWLR0091,2025-05-18 00:00:00,22.8,2.9
DWLR0091,2025-05-21 00:00:00,22.87,4.6
DWLR0091,2025-05-24 00:00:00,22.93,4.0
DWLR0091,2025-05-27 00:00:00,22.87,4.6
DWLR0091,2025-05-30 00:00:00,22.92,2.9
DWLR0091,2025-06-02 00:00:00,22.92,9.0
DWLR0091,2025-06-05 00:00:00,22.83,7.7
DWLR0091,2025-06-08 00:00:00,22.68,0.8
DWLR0091,2025-06-11 00:00:00,22.55,2.5
DWLR0091,2025-06-14 00:00:00,22.46,17.0
DWLR0091,2025-06-17 00:00:00,22.4,13.5
DWLR0091,2025-06-20 00:00:00,22.42,33.9
DWLR0091,2025-06-23 00:00:00,22.38,10.2
DWLR0091,2025-06-26 00:00:00,22.29,1.1
DWLR0091,2025-06-29 00:00:00,22.22,3.0
DWLR0091,2025-07-02 00:00:00,22.18,30.1
DWLR0091,2025-07-05 00:00:00,22.01,6.9
DWLR0091,2025-07-08 00:00:00,21.9,9.6
DWLR0091,2025-07-11 00:00:00,21.84,18.6
DWLR0091,2025-07-14 00:00:00,21.74,21.0
DWLR0091,2025-07-17 00:00:00,21.68,25.5
DWLR0091,2025-07-20 00:00:00,21.68,29.5
DWLR0091,2025-07-23 00:00:00,21.65,11.5
DWLR0091,2025-07-26 00:00:00,21.56,15.0
DWLR0091,2025-07-29 00:00:00,21.46,5.9
DWLR0091,2025-08-01 00:00:00,21.52,9.6
DWLR0091,2025-08-04 00:00:00,21.53,39.0
DWLR0091,2025-08-07 00:00:00,21.49,11.2
DWLR0091,2025-08-10 00:00:00,21.43,16.9
DWLR0091,2025-08-13 00:00:00,21.46,5.8
DWLR0091,2025-08-16 00:00:00,21.43,14.3
DWLR0091,2025-08-19 00:00:00,21.44,21.1
DWLR0091,2025-08-22 00:00:00,21.39,7.9
DWLR0091,2025-08-25 00:00:00,21.33,21.0
DWLR0091,2025-08-28 00:00:00,21.28,24.0
DWLR0091,2025-08-31 00:00:00,21.26,31.4
DWLR0091,2025-09-03 00:00:00,21.26,30.0
DWLR0091,2025-09-06 00:00:00,21.11,3.7
DWLR0091,2025-09-09 00:00:00,21.03,40.0
DWLR0091,2025-09-12 00:00:00,20.96,19.8
DWLR0091,2025-09-15 00:00:00,20.92,12.0
DWLR0091,2025-09-18 00:00:00,20.76,18.0
DWLR0091,2025-09-21 00:00:00,20.71,10.9
DWLR0091,2025-09-24 00:00:00,20.59,25.2
DWLR0091,2025-09-27 00:00:00,20.53,37.6
DWLR0091,2025-09-30 00:00:00,20.48,15.4
DWLR0091,2025-10-03 00:00:00,20.47,1.1
DWLR0091,2025-10-06 00:00:00,20.48,0.6
DWLR0091,2025-10-09 00:00:00,20.46,2.2
DWLR0091,2025-10-12 00:00:00,20.48,4.6
DWLR0091,2025-10-15 00:00:00,20.55,2.1
DWLR0091,2025-10-18 00:00:00,20.6,2.4
DWLR0091,2025-10-21 00:00:00,20.7,4.6
DWLR0091,2025-10-24 00:00:00,20.69,3.6
DWLR0091,2025-10-27 00:00:00,20.77,4.1
DWLR0091,2025-10-30 00:00:00,20.75,1.0
DWLR0091,2025-11-02 00:00:00,20.8,4.8
DWLR0091,2025-11-05 00:00:00,20.79,0.1
DWLR0091,2025-11-08 00:00:00,20.81,4.1
DWLR0091,2025-11-11 00:00:00,20.81,1.2
DWLR0091,2025-11-14 00:00:00,20.88,2.6
DWLR0091,2025-11-17 00:00:00,20.91,2.9
DWLR0091,2025-11-20 00:00:00,20.99,0.6
DWLR0091,2025-11-23 00:00:00,21.11,2.5
DWLR0091,2025-11-26 00:00:00,21.11,3.7
DWLR0092,2024-06-01 00:00:00,19.46,33.3
DWLR0092,2024-06-04 00:00:00,19.43,7.5
DWLR0092,2024-06-07 00:00:00,19.36,7.3
DWLR0092,2024-06-10 00:00:00,19.35,35.0
DWLR0092,2024-06-13 00:00:00,19.27,4.9
DWLR0092,2024-06-16 00:00:00,19.3,3.1
DWLR0092,2024-06-19 00:00:00,19.26,13.7
DWLR0092,2024-06-22 00:00:00,19.32,9.3
DWLR0092,2024-06-25 00:00:00,19.24,17.3
DWLR0092,2024-06-28 00:00:00,19.24,15.8
DWLR0092,2024-07-01 00:00:00,19.08,33.3
DWLR0092,2024-07-04 00:00:00,19.03,39.2
DWLR0092,2024-07-07 00:00:00,18.94,22.2
DWLR0092,2024-07-10 00:00:00,18.82,12.6
DWLR0092,2024-07-13 00:00:00,18.8,13.3
DWLR0092,2024-07-16 00:00:00,18.73,23.3
DWLR0092,2024-07-19 00:00:00,18.71,21.6
DWLR0092,2024-07-22 00:00:00,18.66,6.0
DWLR0092,2024-07-25 00:00:00,18.52,22.4
DWLR0092,2024-07-28 00:00:00,18.59,15.2
DWLR0092,2024-07-31 00:00:00,18.52,20.4
DWLR0092,2024-08-03 00:00:00,18.49,19.3
DWLR0092,2024-08-06 00:00:00,18.51,10.9
DWLR0092,2024-08-09 00:00:00,18.44,10.7
DWLR0092,2024-08-12 00:00:00,18.37,21.5
DWLR0092,2024-08-15 00:00:00,18.26,9.7
DWLR0092,2024-08-18 00:00:00,18.2,9.0
DWLR0092,2024-08-21 00:00:00,18.21,17.4
DWLR0092,2024-08-24 00:00:00,18.19,30.7
DWLR0092,2024-08-27 00:00:00,18.11,33.3
DWLR0092,2024-08-30 00:00:00,18.09,33.8
DWLR0092,2024-09-02 00:00:00,18.05,24.9
DWLR0092,2024-09-05 00:00:00,17.97,35.6
DWLR0092,2024-09-08 00:00:00,17.95,15.2
DWLR0092,2024-09-11 00:00:00,17.91,24.0
DWLR0092,2024-09-14 00:00:00,17.8,7.8
DWLR0092,2024-09-17 00:00:00,17.69,39.9
DWLR0092,2024-09-20 00:00:00,17.61,33.0
DWLR0092,2024-09-23 00:00:00,17.6,8.7
DWLR0092,2024-09-26 00:00:00,17.58,35.2
DWLR0092,2024-09-29 00:00:00,17.58,1.6
DWLR0092,2024-10-02 00:00:00,17.58,4.7
DWLR0092,2024-10-05 00:00:00,17.59,0.9
DWLR0092,2024-10-08 00:00:00,17.66,0.6
DWLR0092,2024-10-11 00:00:00,17.7,4.9
DWLR0092,2024-10-14 00:00:00,17.75,3.0
DWLR0092,2024-10-17 00:00:00,17.83,3.7
DWLR0092,2024-10-20 00:00:00,17.92,1.7
DWLR0092,2024-10-23 00:00:00,17.95,3.6
DWLR0092,2024-10-26 00:00:00,18.1,4.3
DWLR0092,2024-10-29 00:00:00,18.11,4.6
DWLR0092,2024-11-01 00:00:00,18.23,2.9
DWLR0092,2024-11-04 00:00:00,18.23,3.9
DWLR0092,2024-11-07 00:00:00,18.22,2.7
DWLR0092,2024-11-10 00:00:00,18.27,2.9
DWLR0092,2024-11-13 00:00:00,18.33,4.3
DWLR0092,2024-11-16 00:00:00,18.34,2.7
DWLR0092,2024-11-19 00:00:00,18.46,3.3
DWLR0092,2024-11-22 00:00:00,18.54,2.3
DWLR0092,2024-11-25 00:00:00,18.63,3.1
DWLR0092,2024-11-28 00:00:00,18.62,3.2
DWLR0092,2024-12-01 00:00:00,18.61,0.3
DWLR0092,2024-12-04 00:00:00,18.61,0.6
DWLR0092,2024-12-07 00:00:00,18.65,4.5
DWLR0092,2024-12-10 00:00:00,18.72,3.0
DWLR0092,2024-12-13 00:00:00,18.78,1.5
DWLR0092,2024-12-16 00:00:00,18.86,4.4
DWLR0092,2024-12-19 00:00:00,18.91,0.4
DWLR0092,2024-12-22 00:00:00,18.84,0.6
DWLR0092,2024-12-25 00:00:00,18.83,4.7
DWLR0092,2024-12-28 00:00:00,18.83,1.4
DWLR0092,2024-12-31 00:00:00,18.81,3.1
DWLR0092,2025-01-03 00:00:00,18.81,0.8
DWLR0092,2025-01-06 00:00:00,18.75,0.8
DWLR0092,2025-01-09 00:00:00,18.67,2.9
DWLR0092,2025-01-12 00:00:00,18.72,3.7
DWLR0092,2025-01-15 00:00:00,18.8,3.7
DWLR0092,2025-01-18 00:00:00,18.83,4.7
DWLR0092,2025-01-21 00:00:00,18.81,0.9
DWLR0092,2025-01-24 00:00:00,18.8,1.0
DWLR0092,2025-01-27 00:00:00,18.82,1.6
DWLR0092,2025-01-30 00:00:00,18.81,3.6
DWLR0092,2025-02-02 00:00:00,18.85,0.1
DWLR0092,2025-02-05 00:00:00,18.88,4.5
DWLR0092,2025-02-08 00:00:00,18.88,3.0
DWLR0092,2025-02-11 00:00:00,18.89,0.1
DWLR0092,2025-02-14 00:00:00,18.96,4.1
DWLR0092,2025-02-17 00:00:00,19.08,1.2
DWLR0092,2025-02-20 00:00:00,19.12,1.5
DWLR0092,2025-02-23 00:00:00,19.2,0.3
DWLR0092,2025-02-26 00:00:00,19.3,0.1
DWLR0092,2025-03-01 00:00:00,19.3,3.9
DWLR0092,2025-03-04 00:00:00,19.37,0.8
DWLR0092,2025-03-07 00:00:00,19.48,1.4
DWLR0092,2025-03-10 00:00:00,19.57,1.6
DWLR0092,2025-03-13 00:00:00,19.6,1.4
DWLR0092,2025-03-16 00:00:00,19.58,0.8
DWLR0092,2025-03-19 00:00:00,19.53,2.6
DWLR0092,2025-03-22 00:00:00,19.54,3.9
DWLR0092,2025-03-25 00:00:00,19.55,3.1
DWLR0092,2025-03-28 00:00:00,19.57,4.8
DWLR0092,2025-03-31 00:00:00,19.52,1.3
DWLR0092,2025-04-03 00:00:00,19.61,4.3
DWLR0092,2025-04-06 00:00:00,19.65,3.7
DWLR0092,2025-04-09 00:00:00,19.64,2.8
DWLR0092,2025-04-12 00:00:00,19.71,4.5
DWLR0092,2025-04-15 00:00:00,19.68,4.2
DWLR0092,2025-04-18 00:00:00,19.67,4.3
DWLR0092,2025-04-21 00:00:00,19.72,4.9
DWLR0092,2025-04-24 00:00:00,19.79,2.0
DWLR0092,2025-04-27 00:00:00,19.86,3.7
DWLR0092,2025-04-30 00:00:00,19.9,2.1
DWLR0092,2025-05-03 00:00:00,20.05,0.5
DWLR0092,2025-05-06 00:00:00,20.16,1.0
DWLR0092,2025-05-09 00:00:00,20.19,2.5
DWLR0092,2025-05-12 00:00:00,20.26,2.8
DWLR0092,2025-05-15 00:00:00,20.35,4.2
DWLR0092,2025-05-18 00:00:00,20.35,2.8
DWLR0092,2025-05-21 00:00:00,20.29,1.8
DWLR0092,2025-05-24 00:00:00,20.37,4.6
DWLR0092,2025-05-27 00:00:00,20.51,1.8
DWLR0092,2025-05-30 00:00:00,20.53,0.2
DWLR0092,2025-06-02 00:00:00,20.5,25.4
DWLR0092,2025-06-05 00:00:00,20.41,36.7
DWLR0092,2025-06-08 00:00:00,20.27,31.9
DWLR0092,2025-06-11 00:00:00,20.28,14.2
DWLR0092,2025-06-14 00:00:00,20.2,18.9
DWLR0092,2025-06-17 00:00:00,20.19,10.9
DWLR0092,2025-06-20 00:00:00,20.19,38.7
DWLR0092,2025-06-23 00:00:00,20.11,29.6
DWLR0092,2025-06-26 00:00:00,20.12,2.5
DWLR0092,2025-06-29 00:00:00,20.1,7.5
DWLR0092,2025-07-02 00:00:00,20.12,10.9
DWLR0092,2025-07-05 00:00:00,19.98,8.6
DWLR0092,2025-07-08 00:00:00,19.97,24.9
DWLR0092,2025-07-11 00:00:00,20.01,10.2
DWLR0092,2025-07-14 00:00:00,19.93,29.1
DWLR0092,2025-07-17 00:00:00,19.85,34.5
DWLR0092,2025-07-20 00:00:00,19.76,19.0
DWLR0092,2025-07-23 00:00:00,19.74,13.5
DWLR0092,2025-07-26 00:00:00,19.79,24.4
DWLR0092,2025-07-29 00:00:00,19.73,19.5
DWLR0092,2025-08-01 00:00:00,19.65,25.5
DWLR0092,2025-08-04 00:00:00,19.61,18.8
DWLR0092,2025-08-07 00:00:00,19.5,9.8
DWLR0092,2025-08-10 00:00:00,19.32,5.4
DWLR0092,2025-08-13 00:00:00,19.23,29.0
DWLR0092,2025-08-16 00:00:00,19.23,17.1
DWLR0092,2025-08-19 00:00:00,19.15,20.7
DWLR0092,2025-08-22 00:00:00,19.02,35.0
DWLR0092,2025-08-25 00:00:00,19.0,4.0
DWLR0092,2025-08-28 00:00:00,18.93,23.7
DWLR0092,2025-08-31 00:00:00,18.84,20.1
DWLR0092,2025-09-03 00:00:00,18.83,34.1
DWLR0092,2025-09-06 00:00:00,18.77,35.4
DWLR0092,2025-09-09 00:00:00,18.64,1.9
DWLR0092,2025-09-12 00:00:00,18.49,8.0
DWLR0092,2025-09-15 00:00:00,18.44,1.1
DWLR0092,2025-09-18 00:00:00,18.32,35.3
DWLR0092,2025-09-21 00:00:00,18.19,5.1
DWLR0092,2025-09-24 00:00:00,18.17,16.9
DWLR0092,2025-09-27 00:00:00,18.08,17.1
DWLR0092,2025-09-30 00:00:00,18.08,18.4
DWLR0092,2025-10-03 00:00:00,18.16,0.8
DWLR0092,2025-10-06 00:00:00,18.2,3.7
DWLR0092,2025-10-09 00:00:00,18.25,3.2
DWLR0092,2025-10-12 00:00:00,18.29,0.8
DWLR0092,2025-10-15 00:00:00,18.31,0.4
DWLR0092,2025-10-18 00:00:00,18.36,2.7
DWLR0092,2025-10-21 00:00:00,18.31,2.6
DWLR0092,2025-10-24 00:00:00,18.33,1.7
DWLR0092,2025-10-27 00:00:00,18.27,4.7
DWLR0092,2025-10-30 00:00:00,18.24,3.4
DWLR0092,2025-11-02 00:00:00,18.29,4.2
DWLR0092,2025-11-05 00:00:00,18.41,3.5
DWLR0092,2025-11-08 00:00:00,18.42,1.4
DWLR0092,2025-11-11 00:00:00,18.46,4.2
DWLR0092,2025-11-14 00:00:00,18.44,3.6
DWLR0092,2025-11-17 00:00:00,18.47,0.9
DWLR0092,2025-11-20 00:00:00,18.42,0.2
DWLR0092,2025-11-23 00:00:00,18.52,0.5
DWLR0092,2025-11-26 00:00:00,18.52,2.3
DWLR0093,2024-06-01 00:00:00,12.9,5.4
DWLR0093,2024-06-04 00:00:00,12.85,0.1
DWLR0093,2024-06-07 00:00:00,12.97,32.9
DWLR0093,2024-06-10 00:00:00,12.99,22.9
DWLR0093,2024-06-13 00:00:00,13.08,2.1
DWLR0093,2024-06-16 00:00:00,13.16,0.9
DWLR0093,2024-06-19 00:00:00,13.19,19.0
DWLR0093,2024-06-22 00:00:00,13.2,9.5
DWLR0093,2024-06-25 00:00:00,13.25,4.3
DWLR0093,2024-06-28 00:00:00,13.32,5.4
DWLR0093,2024-07-01 00:00:00,13.39,19.0
DWLR0093,2024-07-04 00:00:00,13.38,24.2
DWLR0093,2024-07-07 00:00:00,13.4,33.5
DWLR0093,2024-07-10 00:00:00,13.41,19.2
DWLR0093,2024-07-13 00:00:00,13.43,35.2
DWLR0093,2024-07-16 00:00:00,13.4,5.1
DWLR0093,2024-07-19 00:00:00,13.37,31.2
DWLR0093,2024-07-22 00:00:00,13.42,35.3
DWLR0093,2024-07-25 00:00:00,13.47,32.5
DWLR0093,2024-07-28 00:00:00,13.54,39.7
DWLR0093,2024-07-31 00:00:00,13.58,14.6
DWLR0093,2024-08-03 00:00:00,13.69,24.1
DWLR0093,2024-08-06 00:00:00,13.68,2.9
DWLR0093,2024-08-09 00:00:00,13.79,39.7
DWLR0093,2024-08-12 00:00:00,13.9,25.0
DWLR0093,2024-08-15 00:00:00,13.89,36.6
DWLR0093,2024-08-18 00:00:00,13.95,3.4
DWLR0093,2024-08-21 00:00:00,13.96,10.1
DWLR0093,2024-08-24 00:00:00,13.94,31.6
DWLR0093,2024-08-27 00:00:00,13.98,17.4
DWLR0093,2024-08-30 00:00:00,14.07,34.6
DWLR0093,2024-09-02 00:00:00,14.07,6.2
DWLR0093,2024-09-05 00:00:00,14.06,37.6
DWLR0093,2024-09-08 00:00:00,14.12,34.7
DWLR0093,2024-09-11 00:00:00,14.16,5.4
DWLR0093,2024-09-14 00:00:00,14.16,26.3
DWLR0093,2024-09-17 00:00:00,14.2,21.0
DWLR0093,2024-09-20 00:00:00,14.26,35.5
DWLR0093,2024-09-23 00:00:00,14.32,16.8
DWLR0093,2024-09-26 00:00:00,14.37,3.1
DWLR0093,2024-09-29 00:00:00,14.31,18.8
DWLR0093,2024-10-02 00:00:00,14.43,1.0
DWLR0093,2024-10-05 00:00:00,14.57,4.6
DWLR0093,2024-10-08 00:00:00,14.62,4.8
DWLR0093,2024-10-11 00:00:00,14.76,1.1
DWLR0093,2024-10-14 00:00:00,14.96,0.9
DWLR0093,2024-10-17 00:00:00,15.1,1.3
DWLR0093,2024-10-20 00:00:00,15.32,1.5
DWLR0093,2024-10-23 00:00:00,15.43,4.8
DWLR0093,2024-10-26 00:00:00,15.53,4.4
DWLR0093,2024-10-29 00:00:00,15.65,0.5
DWLR0093,2024-11-01 00:00:00,15.77,4.5
DWLR0093,2024-11-04 00:00:00,15.94,2.7
DWLR0093,2024-11-07 00:00:00,15.97,0.1
DWLR0093,2024-11-10 00:00:00,16.09,1.6
DWLR0093,2024-11-13 00:00:00,16.19,5.0
DWLR0093,2024-11-16 00:00:00,16.34,2.5
DWLR0093,2024-11-19 00:00:00,16.42,2.3
DWLR0093,2024-11-22 00:00:00,16.62,0.5
DWLR0093,2024-11-25 00:00:00,16.67,3.2
DWLR0093,2024-11-28 00:00:00,16.79,5.0
DWLR0093,2024-12-01 00:00:00,16.9,1.2
DWLR0093,2024-12-04 00:00:00,17.03,2.9
DWLR0093,2024-12-07 00:00:00,17.13,0.1
DWLR0093,2024-12-10 00:00:00,17.17,3.8
DWLR0093,2024-12-13 00:00:00,17.31,2.9
DWLR0093,2024-12-16 00:00:00,17.44,2.2
DWLR0093,2024-12-19 00:00:00,17.63,2.2
DWLR0093,2024-12-22 00:00:00,17.81,1.1
DWLR0093,2024-12-25 00:00:00,17.88,1.2
DWLR0093,2024-12-28 00:00:00,18.06,2.2
DWLR0093,2024-12-31 00:00:00,18.2,1.6
DWLR0093,2025-01-03 00:00:00,18.27,4.5
DWLR0093,2025-01-06 00:00:00,18.4,2.0
DWLR0093,2025-01-09 00:00:00,18.58,1.9
DWLR0093,2025-01-12 00:00:00,18.72,3.3
DWLR0093,2025-01-15 00:00:00,18.89,3.7
DWLR0093,2025-01-18 00:00:00,18.97,4.2
DWLR0093,2025-01-21 00:00:00,19.18,2.0
DWLR0093,2025-01-24 00:00:00,19.3,2.0
DWLR0093,2025-01-27 00:00:00,19.48,3.7
DWLR0093,2025-01-30 00:00:00,19.58,3.9
DWLR0093,2025-02-02 00:00:00,19.76,2.9
DWLR0093,2025-02-05 00:00:00,19.97,0.2
DWLR0093,2025-02-08 00:00:00,20.03,2.0
DWLR0093,2025-02-11 00:00:00,20.21,1.9
DWLR0093,2025-02-14 00:00:00,20.31,2.0
DWLR0093,2025-02-17 00:00:00,20.48,0.8
DWLR0093,2025-02-20 00:00:00,20.6,2.4
DWLR0093,2025-02-23 00:00:00,20.85,2.8
DWLR0093,2025-02-26 00:00:00,20.98,2.2
DWLR0093,2025-03-01 00:00:00,21.07,4.1
DWLR0093,2025-03-04 00:00:00,21.22,3.6
DWLR0093,2025-03-07 00:00:00,21.26,3.9
DWLR0093,2025-03-10 00:00:00,21.42,3.9
DWLR0093,2025-03-13 00:00:00,21.58,4.0
DWLR0093,2025-03-16 00:00:00,21.72,2.8
DWLR0093,2025-03-19 00:00:00,21.82,0.6
DWLR0093,2025-03-22 00:00:00,22.02,4.1
DWLR0093,2025-03-25 00:00:00,22.03,0.3
DWLR0093,2025-03-28 00:00:00,22.02,0.3
DWLR0093,2025-03-31 00:00:00,22.02,4.7
DWLR0093,2025-04-03 00:00:00,22.16,4.6
DWLR0093,2025-04-06 00:00:00,22.24,1.2
DWLR0093,2025-04-09 00:00:00,22.37,1.0
DWLR0093,2025-04-12 00:00:00,22.5,2.4
DWLR0093,2025-04-15 00:00:00,22.62,0.5
DWLR0093,2025-04-18 00:00:00,22.71,1.4
DWLR0093,2025-04-21 00:00:00,22.8,2.7
DWLR0093,2025-04-24 00:00:00,22.83,0.3
DWLR0093,2025-04-27 00:00:00,23.0,2.0
DWLR0093,2025-04-30 00:00:00,23.21,3.9
DWLR0093,2025-05-03 00:00:00,23.24,4.0
DWLR0093,2025-05-06 00:00:00,23.37,2.7
DWLR0093,2025-05-09 00:00:00,23.54,4.4
DWLR0093,2025-05-12 00:00:00,23.68,1.5
DWLR0093,2025-05-15 00:00:00,23.83,0.5
DWLR0093,2025-05-18 00:00:00,23.93,3.4
DWLR0093,2025-05-21 00:00:00,24.04,3.5
DWLR0093,2025-05-24 00:00:00,24.1,4.1
DWLR0093,2025-05-27 00:00:00,24.17,3.5
DWLR0093,2025-05-30 00:00:00,24.3,2.4
DWLR0093,2025-06-02 00:00:00,24.41,14.7
DWLR0093,2025-06-05 00:00:00,24.4,20.1
DWLR0093,2025-06-08 00:00:00,24.42,15.8
DWLR0093,2025-06-11 00:00:00,24.41,5.3
DWLR0093,2025-06-14 00:00:00,24.45,23.8
DWLR0093,2025-06-17 00:00:00,24.41,19.0
DWLR0093,2025-06-20 00:00:00,24.39,25.3
DWLR0093,2025-06-23 00:00:00,24.51,6.4
DWLR0093,2025-06-26 00:00:00,24.58,14.9
DWLR0093,2025-06-29 00:00:00,24.56,19.0
DWLR0093,2025-07-02 00:00:00,24.59,20.3
DWLR0093,2025-07-05 00:00:00,24.6,33.0
DWLR0093,2025-07-08 00:00:00,24.62,11.8
DWLR0093,2025-07-11 00:00:00,24.59,13.6
DWLR0093,2025-07-14 00:00:00,24.61,26.2
DWLR0093,2025-07-17 00:00:00,24.71,14.8
DWLR0093,2025-07-20 00:00:00,24.69,34.6
DWLR0093,2025-07-23 00:00:00,24.72,4.4
DWLR0093,2025-07-26 00:00:00,24.67,14.3
DWLR0093,2025-07-29 00:00:00,24.77,33.6
DWLR0093,2025-08-01 00:00:00,24.71,35.7
DWLR0093,2025-08-04 00:00:00,24.77,37.6
DWLR0093,2025-08-07 00:00:00,24.86,20.7
DWLR0093,2025-08-10 00:00:00,24.85,13.5
DWLR0093,2025-08-13 00:00:00,24.93,37.1
DWLR0093,2025-08-16 00:00:00,25.01,14.2
DWLR0093,2025-08-19 00:00:00,25.05,16.8
DWLR0093,2025-08-22 00:00:00,25.05,13.6
DWLR0093,2025-08-25 00:00:00,25.02,36.7
DWLR0093,2025-08-28 00:00:00,25.11,34.9
DWLR0093,2025-08-31 00:00:00,25.08,21.7
DWLR0093,2025-09-03 00:00:00,25.04,34.4
DWLR0093,2025-09-06 00:00:00,25.03,23.7
DWLR0093,2025-09-09 00:00:00,25.05,38.0
DWLR0093,2025-09-12 00:00:00,25.05,5.6
DWLR0093,2025-09-15 00:00:00,25.12,30.2
DWLR0093,2025-09-18 00:00:00,25.21,12.6
DWLR0093,2025-09-21 00:00:00,25.23,20.6
DWLR0093,2025-09-24 00:00:00,25.27,30.3
DWLR0093,2025-09-27 00:00:00,25.27,19.6
DWLR0093,2025-09-30 00:00:00,25.28,2.5
DWLR0093,2025-10-03 00:00:00,25.45,4.6
DWLR0093,2025-10-06 00:00:00,25.68,4.9
DWLR0093,2025-10-09 00:00:00,25.84,2.8
DWLR0093,2025-10-12 00:00:00,25.98,4.5
DWLR0093,2025-10-15 00:00:00,26.05,1.7
DWLR0093,2025-10-18 00:00:00,26.25,1.0
DWLR0093,2025-10-21 00:00:00,26.36,0.1
DWLR0093,2025-10-24 00:00:00,26.46,0.3
DWLR0093,2025-10-27 00:00:00,26.47,2.8
DWLR0093,2025-10-30 00:00:00,26.54,4.9
DWLR0093,2025-11-02 00:00:00,26.66,2.4
DWLR0093,2025-11-05 00:00:00,26.85,3.6
DWLR0093,2025-11-08 00:00:00,26.91,2.0
DWLR0093,2025-11-11 00:00:00,27.01,1.2
DWLR0093,2025-11-14 00:00:00,27.13,1.2
DWLR0093,2025-11-17 00:00:00,27.26,4.9
DWLR0093,2025-11-20 00:00:00,27.41,2.0
DWLR0093,2025-11-23 00:00:00,27.5,4.4
DWLR0093,2025-11-26 00:00:00,27.68,2.4
DWLR0094,2024-06-01 00:00:00,17.63,2.2
DWLR0094,2024-06-04 00:00:00,17.68,0.2
DWLR0094,2024-06-07 00:00:00,17.63,30.6
DWLR0094,2024-06-10 00:00:00,17.67,14.3
DWLR0094,2024-06-13 00:00:00,17.64,12.5
DWLR0094,2024-06-16 00:00:00,17.51,7.3
DWLR0094,2024-06-19 00:00:00,17.49,25.6
DWLR0094,2024-06-22 00:00:00,17.44,32.8
DWLR0094,2024-06-25 00:00:00,17.42,4.6
DWLR0094,2024-06-28 00:00:00,17.3,29.3
DWLR0094,2024-07-01 00:00:00,17.34,1.0
DWLR0094,2024-07-04 00:00:00,17.32,28.6
DWLR0094,2024-07-07 00:00:00,17.35,23.6
DWLR0094,2024-07-10 00:00:00,17.31,11.8
DWLR0094,2024-07-13 00:00:00,17.32,24.1
DWLR0094,2024-07-16 00:00:00,17.21,30.1
DWLR0094,2024-07-19 00:00:00,17.09,0.8
DWLR0094,2024-07-22 00:00:00,16.98,13.3
DWLR0094,2024-07-25 00:00:00,16.95,29.8
DWLR0094,2024-07-28 00:00:00,16.94,21.6
DWLR0094,2024-07-31 00:00:00,16.88,1.4
DWLR0094,2024-08-03 00:00:00,16.89,18.5
DWLR0094,2024-08-06 00:00:00,16.87,7.2
DWLR0094,2024-08-09 00:00:00,16.85,37.9
DWLR0094,2024-08-12 00:00:00,16.81,16.4
DWLR0094,2024-08-15 00:00:00,16.75,1.8
DWLR0094,2024-08-18 00:00:00,16.63,18.1
DWLR0094,2024-08-21 00:00:00,16.64,21.9
DWLR0094,2024-08-24 00:00:00,16.63,34.8
DWLR0094,2024-08-27 00:00:00,16.57,11.2
DWLR0094,2024-08-30 00:00:00,16.51,22.8
DWLR0094,2024-09-02 00:00:00,16.5,3.1
DWLR0094,2024-09-05 00:00:00,16.38,38.2
DWLR0094,2024-09-08 00:00:00,16.28,12.9
DWLR0094,2024-09-11 00:00:00,16.28,19.9
DWLR0094,2024-09-14 00:00:00,16.17,27.7
DWLR0094,2024-09-17 00:00:00,16.15,34.7
DWLR0094,2024-09-20 00:00:00,16.09,31.0
DWLR0094,2024-09-23 00:00:00,15.94,0.5
DWLR0094,2024-09-26 00:00:00,15.96,3.0
DWLR0094,2024-09-29 00:00:00,15.93,12.3
DWLR0094,2024-10-02 00:00:00,15.85,1.4
DWLR0094,2024-10-05 00:00:00,15.95,2.5
DWLR0094,2024-10-08 00:00:00,15.95,2.6
DWLR0094,2024-10-11 00:00:00,16.02,1.3
DWLR0094,2024-10-14 00:00:00,16.02,3.9
DWLR0094,2024-10-17 00:00:00,15.97,2.8
DWLR0094,2024-10-20 00:00:00,16.01,1.8
DWLR0094,2024-10-23 00:00:00,16.13,1.1
DWLR0094,2024-10-26 00:00:00,16.16,1.2
DWLR0094,2024-10-29 00:00:00,16.2,3.7
DWLR0094,2024-11-01 00:00:00,16.26,4.1
DWLR0094,2024-11-04 00:00:00,16.34,0.4
DWLR0094,2024-11-07 00:00:00,16.46,1.2
DWLR0094,2024-11-10 00:00:00,16.46,3.2
DWLR0094,2024-11-13 00:00:00,16.45,2.9
DWLR0094,2024-11-16 00:00:00,16.37,5.0
DWLR0094,2024-11-19 00:00:00,16.39,2.3
DWLR0094,2024-11-22 00:00:00,16.44,4.7
DWLR0094,2024-11-25 00:00:00,16.46,0.2
DWLR0094,2024-11-28 00:00:00,16.48,0.3
DWLR0094,2024-12-01 00:00:00,16.59,2.7
DWLR0094,2024-12-04 00:00:00,16.63,1.0
DWLR0094,2024-12-07 00:00:00,16.68,2.3
DWLR0094,2024-12-10 00:00:00,16.73,3.4
DWLR0094,2024-12-13 00:00:00,16.78,4.5
DWLR0094,2024-12-16 00:00:00,16.76,2.5
DWLR0094,2024-12-19 00:00:00,16.76,0.3
DWLR0094,2024-12-22 00:00:00,16.77,1.3
DWLR0094,2024-12-25 00:00:00,16.9,4.0
DWLR0094,2024-12-28 00:00:00,16.89,4.6
DWLR0094,2024-12-31 00:00:00,16.97,2.0
DWLR0094,2025-01-03 00:00:00,17.01,3.5
DWLR0094,2025-01-06 00:00:00,16.95,0.4
DWLR0094,2025-01-09 00:00:00,17.03,1.2
DWLR0094,2025-01-12 00:00:00,17.08,1.5
DWLR0094,2025-01-15 00:00:00,17.15,0.5
DWLR0094,2025-01-18 00:00:00,17.23,3.6
DWLR0094,2025-01-21 00:00:00,17.21,1.1
DWLR0094,2025-01-24 00:00:00,17.19,0.2
DWLR0094,2025-01-27 00:00:00,17.2,3.8
DWLR0094,2025-01-30 00:00:00,17.16,1.0
DWLR0094,2025-02-02 00:00:00,17.23,1.3
DWLR0094,2025-02-05 00:00:00,17.27,2.6
DWLR0094,2025-02-08 00:00:00,17.33,3.5
DWLR0094,2025-02-11 00:00:00,17.46,0.2
DWLR0094,2025-02-14 00:00:00,17.56,3.0
DWLR0094,2025-02-17 00:00:00,17.6,1.9
DWLR0094,2025-02-20 00:00:00,17.64,1.8
DWLR0094,2025-02-23 00:00:00,17.65,2.9
DWLR0094,2025-02-26 00:00:00,17.72,4.9
DWLR0094,2025-03-01 00:00:00,17.72,2.0
DWLR0094,2025-03-04 00:00:00,17.72,1.7
DWLR0094,2025-03-07 00:00:00,17.74,0.8
DWLR0094,2025-03-10 00:00:00,17.85,3.7
DWLR0094,2025-03-13 00:00:00,17.83,4.1
DWLR0094,2025-03-16 00:00:00,17.86,1.8
DWLR0094,2025-03-19 00:00:00,17.9,3.0
DWLR0094,2025-03-22 00:00:00,17.92,4.3
DWLR0094,2025-03-25 00:00:00,17.95,1.6
DWLR0094,2025-03-28 00:00:00,18.01,1.7
DWLR0094,2025-03-31 00:00:00,18.05,5.0
DWLR0094,2025-04-03 00:00:00,18.12,3.3
DWLR0094,2025-04-06 00:00:00,18.22,4.4
DWLR0094,2025-04-09 00:00:00,18.29,0.7
DWLR0094,2025-04-12 00:00:00,18.28,0.8
DWLR0094,2025-04-15 00:00:00,18.32,0.2
DWLR0094,2025-04-18 00:00:00,18.39,2.3
DWLR0094,2025-04-21 00:00:00,18.43,2.1
DWLR0094,2025-04-24 00:00:00,18.35,0.7
DWLR0094,2025-04-27 00:00:00,18.36,1.2
DWLR0094,2025-04-30 00:00:00,18.31,3.1
DWLR0094,2025-05-03 00:00:00,18.27,0.7
DWLR0094,2025-05-06 00:00:00,18.37,4.9
DWLR0094,2025-05-09 00:00:00,18.39,1.0
DWLR0094,2025-05-12 00:00:00,18.5,4.5
DWLR0094,2025-05-15 00:00:00,18.53,0.4
DWLR0094,2025-05-18 00:00:00,18.46,0.8
DWLR0094,2025-05-21 00:00:00,18.47,2.1
DWLR0094,2025-05-24 00:00:00,18.56,2.1
DWLR0094,2025-05-27 00:00:00,18.6,1.0
DWLR0094,2025-05-30 00:00:00,18.58,0.6
DWLR0094,2025-06-02 00:00:00,18.53,6.2
DWLR0094,2025-06-05 00:00:00,18.38,8.2
DWLR0094,2025-06-08 00:00:00,18.33,18.2
DWLR0094,2025-06-11 00:00:00,18.26,19.7
DWLR0094,2025-06-14 00:00:00,18.26,13.8
DWLR0094,2025-06-17 00:00:00,18.07,11.4
DWLR0094,2025-06-20 00:00:00,17.93,26.5
DWLR0094,2025-06-23 00:00:00,17.85,13.5
DWLR0094,2025-06-26 00:00:00,17.78,24.5
DWLR0094,2025-06-29 00:00:00,17.69,1.1
DWLR0094,2025-07-02 00:00:00,17.65,20.3
DWLR0094,2025-07-05 00:00:00,17.62,32.8
DWLR0094,2025-07-08 00:00:00,17.54,28.2
DWLR0094,2025-07-11 00:00:00,17.45,9.2
DWLR0094,2025-07-14 00:00:00,17.41,3.5
DWLR0094,2025-07-17 00:00:00,17.42,11.5
DWLR0094,2025-07-20 00:00:00,17.43,10.5
DWLR0094,2025-07-23 00:00:00,17.4,38.6
DWLR0094,2025-07-26 00:00:00,17.37,6.6
DWLR0094,2025-07-29 00:00:00,17.25,39.5
DWLR0094,2025-08-01 00:00:00,17.11,16.6
DWLR0094,2025-08-04 00:00:00,17.08,8.9
DWLR0094,2025-08-07 00:00:00,17.05,33.1
DWLR0094,2025-08-10 00:00:00,16.9,37.8
DWLR0094,2025-08-13 00:00:00,16.77,23.3
DWLR0094,2025-08-16 00:00:00,16.75,28.8
DWLR0094,2025-08-19 00:00:00,16.76,32.6
DWLR0094,2025-08-22 00:00:00,16.77,11.0
DWLR0094,2025-08-25 00:00:00,16.75,29.4
DWLR0094,2025-08-28 00:00:00,16.75,32.6
DWLR0094,2025-08-31 00:00:00,16.63,28.7
DWLR0094,2025-09-03 00:00:00,16.54,5.9
DWLR0094,2025-09-06 00:00:00,16.45,12.5
DWLR0094,2025-09-09 00:00:00,16.4,33.4
DWLR0094,2025-09-12 00:00:00,16.32,7.7
DWLR0094,2025-09-15 00:00:00,16.28,13.7
DWLR0094,2025-09-18 00:00:00,16.17,38.8
DWLR0094,2025-09-21 00:00:00,16.13,35.1
DWLR0094,2025-09-24 00:00:00,16.21,18.1
DWLR0094,2025-09-27 00:00:00,16.16,28.8
DWLR0094,2025-09-30 00:00:00,16.08,27.2
DWLR0094,2025-10-03 00:00:00,16.16,3.9
DWLR0094,2025-10-06 00:00:00,16.22,3.0
DWLR0094,2025-10-09 00:00:00,16.3,4.2
DWLR0094,2025-10-12 00:00:00,16.32,2.3
DWLR0094,2025-10-15 00:00:00,16.31,0.9
DWLR0094,2025-10-18 00:00:00,16.33,2.4
DWLR0094,2025-10-21 00:00:00,16.41,2.4
DWLR0094,2025-10-24 00:00:00,16.49,4.9
DWLR0094,2025-10-27 00:00:00,16.49,4.9
DWLR0094,2025-10-30 00:00:00,16.5,4.9
DWLR0094,2025-11-02 00:00:00,16.45,0.2
DWLR0094,2025-11-05 00:00:00,16.45,0.2
DWLR0094,2025-11-08 00:00:00,16.5,4.0
DWLR0094,2025-11-11 00:00:00,16.46,4.5
DWLR0094,2025-11-14 00:00:00,16.54,2.5
DWLR0094,2025-11-17 00:00:00,16.57,0.6
DWLR0094,2025-11-20 00:00:00,16.58,0.9
DWLR0094,2025-11-23 00:00:00,16.6,2.3
DWLR0094,2025-11-26 00:00:00,16.65,1.5
DWLR0095,2024-06-01 00:00:00,14.01,18.9
DWLR0095,2024-06-04 00:00:00,13.86,18.3
DWLR0095,2024-06-07 00:00:00,13.8,38.6
DWLR0095,2024-06-10 00:00:00,13.78,36.0
DWLR0095,2024-06-13 00:00:00,13.74,34.7
DWLR0095,2024-06-16 00:00:00,13.8,37.6
DWLR0095,2024-06-19 00:00:00,13.72,1.5
DWLR0095,2024-06-22 00:00:00,13.6,25.6
DWLR0095,2024-06-25 00:00:00,13.53,5.4
DWLR0095,2024-06-28 00:00:00,13.48,24.5
DWLR0095,2024-07-01 00:00:00,13.34,37.0
DWLR0095,2024-07-04 00:00:00,13.34,6.2
DWLR0095,2024-07-07 00:00:00,13.31,13.2
DWLR0095,2024-07-10 00:00:00,13.28,16.2
DWLR0095,2024-07-13 00:00:00,13.21,17.4
DWLR0095,2024-07-16 00:00:00,13.23,5.3
DWLR0095,2024-07-19 00:00:00,13.15,19.7
DWLR0095,2024-07-22 00:00:00,13.08,35.1
DWLR0095,2024-07-25 00:00:00,12.98,30.2
DWLR0095,2024-07-28 00:00:00,12.92,25.4
DWLR0095,2024-07-31 00:00:00,12.85,36.9
DWLR0095,2024-08-03 00:00:00,12.82,32.1
DWLR0095,2024-08-06 00:00:00,12.77,39.4
DWLR0095,2024-08-09 00:00:00,12.66,33.8
DWLR0095,2024-08-12 00:00:00,12.52,32.9
DWLR0095,2024-08-15 00:00:00,12.44,35.3
DWLR0095,2024-08-18 00:00:00,12.38,28.2
DWLR0095,2024-08-21 00:00:00,12.25,25.8
DWLR0095,2024-08-24 00:00:00,12.13,28.6
DWLR0095,2024-08-27 00:00:00,12.13,17.4
DWLR0095,2024-08-30 00:00:00,12.07,3.1
DWLR0095,2024-09-02 00:00:00,12.01,32.3
DWLR0095,2024-09-05 00:00:00,11.96,20.6
DWLR0095,2024-09-08 00:00:00,11.94,10.2
DWLR0095,2024-09-11 00:00:00,11.85,30.7
DWLR0095,2024-09-14 00:00:00,11.74,19.0
DWLR0095,2024-09-17 00:00:00,11.63,13.6
DWLR0095,2024-09-20 00:00:00,11.56,19.4
DWLR0095,2024-09-23 00:00:00,11.4,22.3
DWLR0095,2024-09-26 00:00:00,11.39,13.8
DWLR0095,2024-09-29 00:00:00,11.33,30.4
DWLR0095,2024-10-02 00:00:00,11.25,0.5
DWLR0095,2024-10-05 00:00:00,11.28,4.2
DWLR0095,2024-10-08 00:00:00,11.33,0.2
DWLR0095,2024-10-11 00:00:00,11.41,3.3
DWLR0095,2024-10-14 00:00:00,11.45,0.8
DWLR0095,2024-10-17 00:00:00,1010.4,3.4
DWLR0095,2024-10-20 00:00:00,1010.51,1.4
DWLR0095,2024-10-23 00:00:00,1010.56,0.7
DWLR0095,2024-10-26 00:00:00,1010.63,3.8
DWLR0095,2024-10-29 00:00:00,1010.76,4.2
DWLR0095,2024-11-01 00:00:00,1010.8,3.7
DWLR0095,2024-11-04 00:00:00,14.05,1.1
DWLR0095,2024-11-07 00:00:00,14.05,0.2
DWLR0095,2024-11-10 00:00:00,14.05,1.4
DWLR0095,2024-11-13 00:00:00,14.05,1.5
DWLR0095,2024-11-16 00:00:00,14.05,1.1
DWLR0095,2024-11-19 00:00:00,14.05,3.0
DWLR0095,2024-11-22 00:00:00,14.05,4.4
DWLR0095,2024-11-25 00:00:00,14.05,2.1
DWLR0095,2024-11-28 00:00:00,14.05,2.9
DWLR0095,2024-12-01 00:00:00,14.05,3.9
DWLR0095,2024-12-04 00:00:00,14.05,3.1
DWLR0095,2024-12-07 00:00:00,14.05,4.3
DWLR0095,2024-12-10 00:00:00,14.05,4.5
DWLR0095,2024-12-13 00:00:00,14.05,2.9
DWLR0095,2024-12-16 00:00:00,14.05,3.8
DWLR0095,2024-12-19 00:00:00,14.05,0.3
DWLR0095,2024-12-22 00:00:00,14.05,1.6
DWLR0095,2024-12-25 00:00:00,14.05,4.0
DWLR0095,2024-12-28 00:00:00,14.05,2.7
DWLR0095,2024-12-31 00:00:00,14.05,3.6
DWLR0095,2025-01-03 00:00:00,14.05,2.2
DWLR0095,2025-01-06 00:00:00,14.05,1.4
DWLR0095,2025-01-09 00:00:00,14.05,3.6
DWLR0095,2025-01-12 00:00:00,14.05,1.0
DWLR0095,2025-01-15 00:00:00,14.05,4.6
DWLR0095,2025-01-18 00:00:00,14.05,2.6
DWLR0095,2025-01-21 00:00:00,14.05,1.8
DWLR0095,2025-01-24 00:00:00,14.05,0.6
DWLR0095,2025-01-27 00:00:00,14.05,3.0
DWLR0095,2025-01-30 00:00:00,14.05,2.8
DWLR0095,2025-02-02 00:00:00,14.05,3.9
DWLR0095,2025-02-05 00:00:00,14.05,4.4
DWLR0095,2025-02-08 00:00:00,14.05,1.8
DWLR0095,2025-02-11 00:00:00,14.05,2.9
DWLR0095,2025-02-14 00:00:00,14.05,2.9
DWLR0095,2025-02-17 00:00:00,14.05,3.5
DWLR0095,2025-02-20 00:00:00,14.05,4.5
DWLR0095,2025-02-23 00:00:00,14.05,3.5
DWLR0095,2025-02-26 00:00:00,14.05,0.2
DWLR0095,2025-03-01 00:00:00,14.05,1.6
DWLR0095,2025-03-04 00:00:00,14.05,4.6
DWLR0095,2025-03-07 00:00:00,14.05,1.8
DWLR0095,2025-03-10 00:00:00,14.05,1.8
DWLR0095,2025-03-13 00:00:00,14.05,1.9
DWLR0095,2025-03-16 00:00:00,14.05,0.7
DWLR0095,2025-03-19 00:00:00,14.05,1.9
DWLR0095,2025-03-22 00:00:00,14.05,3.8
DWLR0095,2025-03-25 00:00:00,14.05,1.2
DWLR0095,2025-03-28 00:00:00,14.05,3.8
DWLR0095,2025-03-31 00:00:00,14.05,1.6
DWLR0095,2025-04-03 00:00:00,14.05,0.8
DWLR0095,2025-04-06 00:00:00,14.05,0.6
DWLR0095,2025-04-09 00:00:00,14.05,0.4
DWLR0095,2025-04-12 00:00:00,14.05,3.2
DWLR0095,2025-04-15 00:00:00,14.05,2.9
DWLR0095,2025-04-18 00:00:00,14.05,3.7
DWLR0095,2025-04-21 00:00:00,14.05,1.4
DWLR0095,2025-04-24 00:00:00,14.05,1.9
DWLR0095,2025-04-27 00:00:00,14.05,0.4
DWLR0095,2025-04-30 00:00:00,14.05,2.7
DWLR0095,2025-05-03 00:00:00,14.05,4.8
DWLR0095,2025-05-06 00:00:00,14.05,2.0
DWLR0095,2025-05-09 00:00:00,14.05,3.5
DWLR0095,2025-05-12 00:00:00,14.05,1.3
DWLR0095,2025-05-15 00:00:00,14.05,2.4
DWLR0095,2025-05-18 00:00:00,14.05,4.5
DWLR0095,2025-05-21 00:00:00,14.05,4.2
DWLR0095,2025-05-24 00:00:00,14.05,0.9
DWLR0095,2025-05-27 00:00:00,14.05,1.7
DWLR0095,2025-05-30 00:00:00,14.05,0.1
DWLR0095,2025-06-02 00:00:00,14.05,30.8
DWLR0095,2025-06-05 00:00:00,14.05,14.6
DWLR0095,2025-06-08 00:00:00,14.05,34.5
DWLR0095,2025-06-11 00:00:00,14.05,12.6
DWLR0095,2025-06-14 00:00:00,14.05,14.4
DWLR0095,2025-06-17 00:00:00,14.05,16.8
DWLR0095,2025-06-20 00:00:00,14.05,19.1
DWLR0095,2025-06-23 00:00:00,14.05,29.2
DWLR0095,2025-06-26 00:00:00,14.05,18.6
DWLR0095,2025-06-29 00:00:00,14.05,10.0
DWLR0095,2025-07-02 00:00:00,14.05,38.3
DWLR0095,2025-07-05 00:00:00,14.05,0.7
DWLR0095,2025-07-08 00:00:00,14.05,20.1
DWLR0095,2025-07-11 00:00:00,14.05,2.3
DWLR0095,2025-07-14 00:00:00,14.05,7.2
DWLR0095,2025-07-17 00:00:00,14.05,28.1
DWLR0095,2025-07-20 00:00:00,14.05,18.5
DWLR0095,2025-07-23 00:00:00,14.05,10.8
DWLR0095,2025-07-26 00:00:00,14.05,1.1
DWLR0095,2025-07-29 00:00:00,14.05,13.1
DWLR0095,2025-08-01 00:00:00,14.05,32.5
DWLR0095,2025-08-04 00:00:00,14.05,23.6
DWLR0095,2025-08-07 00:00:00,14.05,33.5
DWLR0095,2025-08-10 00:00:00,14.05,11.8
DWLR0095,2025-08-13 00:00:00,14.05,10.6
DWLR0095,2025-08-16 00:00:00,14.05,1.5
DWLR0095,2025-08-19 00:00:00,14.05,29.0
DWLR0095,2025-08-22 00:00:00,14.05,10.7
DWLR0095,2025-08-25 00:00:00,14.05,6.8
DWLR0095,2025-08-28 00:00:00,14.05,29.4
DWLR0095,2025-08-31 00:00:00,14.05,10.3
DWLR0095,2025-09-03 00:00:00,14.05,6.2
DWLR0095,2025-09-06 00:00:00,14.05,12.9
DWLR0095,2025-09-09 00:00:00,14.05,22.5
DWLR0095,2025-09-12 00:00:00,14.05,4.1
DWLR0095,2025-09-15 00:00:00,14.05,9.9
DWLR0095,2025-09-18 00:00:00,14.05,33.1
DWLR0095,2025-09-21 00:00:00,14.05,19.8
DWLR0095,2025-09-24 00:00:00,14.05,3.3
DWLR0095,2025-09-27 00:00:00,14.05,31.0
DWLR0095,2025-09-30 00:00:00,14.05,3.0
DWLR0095,2025-10-03 00:00:00,14.05,0.1
DWLR0095,2025-10-06 00:00:00,14.05,0.1
DWLR0095,2025-10-09 00:00:00,14.05,4.7
DWLR0095,2025-10-12 00:00:00,14.05,1.1
DWLR0095,2025-10-15 00:00:00,14.05,1.0
DWLR0095,2025-10-18 00:00:00,14.05,4.0
DWLR0095,2025-10-21 00:00:00,14.05,1.8
DWLR0095,2025-10-24 00:00:00,14.05,1.1
DWLR0095,2025-10-27 00:00:00,14.05,3.0
DWLR0095,2025-10-30 00:00:00,14.05,1.9
DWLR0095,2025-11-02 00:00:00,14.05,0.3
DWLR0095,2025-11-05 00:00:00,14.05,4.0
DWLR0095,2025-11-08 00:00:00,14.05,1.7
DWLR0095,2025-11-11 00:00:00,14.05,2.0
DWLR0095,2025-11-14 00:00:00,14.05,2.5
DWLR0095,2025-11-17 00:00:00,14.05,3.2
DWLR0095,2025-11-20 00:00:00,14.05,0.3
DWLR0095,2025-11-23 00:00:00,14.05,4.7
DWLR0095,2025-11-26 00:00:00,14.05,0.2
DWLR0096,2024-06-01 00:00:00,19.65,17.8
DWLR0096,2024-06-04 00:00:00,19.55,35.2
DWLR0096,2024-06-07 00:00:00,19.5,23.9
DWLR0096,2024-06-10 00:00:00,19.41,5.5
DWLR0096,2024-06-13 00:00:00,19.25,26.3
DWLR0096,2024-06-16 00:00:00,19.15,25.9
DWLR0096,2024-06-19 00:00:00,19.1,3.9
DWLR0096,2024-06-22 00:00:00,19.03,22.4
DWLR0096,2024-06-25 00:00:00,19.04,37.5
DWLR0096,2024-06-28 00:00:00,19.0,10.8
DWLR0096,2024-07-01 00:00:00,18.99,27.9
DWLR0096,2024-07-04 00:00:00,18.98,33.2
DWLR0096,2024-07-07 00:00:00,18.86,14.5
DWLR0096,2024-07-10 00:00:00,18.87,3.2
DWLR0096,2024-07-13 00:00:00,18.92,18.2
DWLR0096,2024-07-16 00:00:00,18.88,9.2
DWLR0096,2024-07-19 00:00:00,18.74,32.4
DWLR0096,2024-07-22 00:00:00,18.59,25.9
DWLR0096,2024-07-25 00:00:00,18.49,21.3
DWLR0096,2024-07-28 00:00:00,18.38,1.5
DWLR0096,2024-07-31 00:00:00,18.31,7.2
DWLR0096,2024-08-03 00:00:00,18.32,9.6
DWLR0096,2024-08-06 00:00:00,18.31,30.9
DWLR0096,2024-08-09 00:00:00,18.3,2.9
DWLR0096,2024-08-12 00:00:00,18.26,5.0
DWLR0096,2024-08-15 00:00:00,18.15,5.8
DWLR0096,2024-08-18 00:00:00,18.06,10.1
DWLR0096,2024-08-21 00:00:00,17.95,2.0
DWLR0096,2024-08-24 00:00:00,17.96,10.3
DWLR0096,2024-08-27 00:00:00,17.81,12.6
DWLR0096,2024-08-30 00:00:00,17.67,37.4
DWLR0096,2024-09-02 00:00:00,17.58,1.8
DWLR0096,2024-09-05 00:00:00,17.46,5.4
DWLR0096,2024-09-08 00:00:00,17.34,0.1
DWLR0096,2024-09-11 00:00:00,17.26,10.4
DWLR0096,2024-09-14 00:00:00,17.21,8.2
DWLR0096,2024-09-17 00:00:00,17.23,24.2
DWLR0096,2024-09-20 00:00:00,17.21,1.9
DWLR0096,2024-09-23 00:00:00,17.09,31.7
DWLR0096,2024-09-26 00:00:00,17.09,3.6
DWLR0096,2024-09-29 00:00:00,16.94,9.2
DWLR0096,2024-10-02 00:00:00,16.95,1.6
DWLR0096,2024-10-05 00:00:00,16.96,1.9
DWLR0096,2024-10-08 00:00:00,17.01,1.7
DWLR0096,2024-10-11 00:00:00,16.97,3.0
DWLR0096,2024-10-14 00:00:00,17.0,3.9
DWLR0096,2024-10-17 00:00:00,16.92,2.5
DWLR0096,2024-10-20 00:00:00,16.94,4.2
DWLR0096,2024-10-23 00:00:00,16.94,1.4
DWLR0096,2024-10-26 00:00:00,16.93,2.5
DWLR0096,2024-10-29 00:00:00,16.97,5.0
DWLR0096,2024-11-01 00:00:00,17.0,1.2
DWLR0096,2024-11-04 00:00:00,16.98,2.0
DWLR0096,2024-11-07 00:00:00,17.01,2.0
DWLR0096,2024-11-10 00:00:00,17.04,2.5
DWLR0096,2024-11-13 00:00:00,17.02,1.8
DWLR0096,2024-11-16 00:00:00,16.99,2.8
DWLR0096,2024-11-19 00:00:00,17.04,1.4
DWLR0096,2024-11-22 00:00:00,17.01,3.8
DWLR0096,2024-11-25 00:00:00,16.98,4.3
DWLR0096,2024-11-28 00:00:00,17.01,0.5
DWLR0096,2024-12-01 00:00:00,17.09,2.2
DWLR0096,2024-12-04 00:00:00,17.16,3.0
DWLR0096,2024-12-07 00:00:00,17.2,4.5
DWLR0096,2024-12-10 00:00:00,17.28,2.3
DWLR0096,2024-12-13 00:00:00,17.33,3.3
DWLR0096,2024-12-16 00:00:00,17.3,1.9
DWLR0096,2024-12-19 00:00:00,17.24,0.5
DWLR0096,2024-12-22 00:00:00,17.27,1.0
DWLR0096,2024-12-25 00:00:00,17.32,1.4
DWLR0096,2024-12-28 00:00:00,17.33,1.5
DWLR0096,2024-12-31 00:00:00,17.39,1.4
DWLR0096,2025-01-03 00:00:00,17.5,0.2
DWLR0096,2025-01-06 00:00:00,17.49,1.7
DWLR0096,2025-01-09 00:00:00,17.51,3.1
DWLR0096,2025-01-12 00:00:00,17.52,3.6
DWLR0096,2025-01-15 00:00:00,17.6,2.4
DWLR0096,2025-01-18 00:00:00,17.51,1.3
DWLR0096,2025-01-21 00:00:00,17.47,3.2
DWLR0096,2025-01-24 00:00:00,17.51,2.3
DWLR0096,2025-01-27 00:00:00,17.47,1.2
DWLR0096,2025-01-30 00:00:00,17.55,1.1
DWLR0096,2025-02-02 00:00:00,17.5,3.4
DWLR0096,2025-02-05 00:00:00,17.51,3.6
DWLR0096,2025-02-08 00:00:00,17.56,5.0
DWLR0096,2025-02-11 00:00:00,17.64,3.6
DWLR0096,2025-02-14 00:00:00,17.6,4.7
DWLR0096,2025-02-17 00:00:00,17.62,3.6
DWLR0096,2025-02-20 00:00:00,17.73,2.0
DWLR0096,2025-02-23 00:00:00,17.8,0.2
DWLR0096,2025-02-26 00:00:00,17.88,2.4
DWLR0096,2025-03-01 00:00:00,17.86,1.4
DWLR0096,2025-03-04 00:00:00,17.89,2.0
DWLR0096,2025-03-07 00:00:00,17.86,1.9
DWLR0096,2025-03-10 00:00:00,17.96,3.6
DWLR0096,2025-03-13 00:00:00,17.99,0.1
DWLR0096,2025-03-16 00:00:00,17.94,1.7
DWLR0096,2025-03-19 00:00:00,17.94,0.2
DWLR0096,2025-03-22 00:00:00,17.99,4.6
DWLR0096,2025-03-25 00:00:00,18.05,0.4
DWLR0096,2025-03-28 00:00:00,18.09,2.1
DWLR0096,2025-03-31 00:00:00,18.08,4.7
DWLR0096,2025-04-03 00:00:00,18.17,4.1
DWLR0096,2025-04-06 00:00:00,18.23,3.8
DWLR0096,2025-04-09 00:00:00,18.24,2.0
DWLR0096,2025-04-12 00:00:00,18.26,0.6
DWLR0096,2025-04-15 00:00:00,18.29,0.2
DWLR0096,2025-04-18 00:00:00,18.22,2.8
DWLR0096,2025-04-21 00:00:00,18.18,3.5
DWLR0096,2025-04-24 00:00:00,18.13,2.0
DWLR0096,2025-04-27 00:00:00,18.17,2.5
DWLR0096,2025-04-30 00:00:00,18.27,0.6
DWLR0096,2025-05-03 00:00:00,18.28,4.0
DWLR0096,2025-05-06 00:00:00,18.34,2.8
DWLR0096,2025-05-09 00:00:00,18.34,1.3
DWLR0096,2025-05-12 00:00:00,18.4,1.7
DWLR0096,2025-05-15 00:00:00,18.34,2.8
DWLR0096,2025-05-18 00:00:00,18.28,0.2
DWLR0096,2025-05-21 00:00:00,18.29,2.3
DWLR0096,2025-05-24 00:00:00,18.25,2.5
DWLR0096,2025-05-27 00:00:00,18.28,2.0
DWLR0096,2025-05-30 00:00:00,18.4,1.0
DWLR0096,2025-06-02 00:00:00,18.29,27.3
DWLR0096,2025-06-05 00:00:00,18.28,25.2
DWLR0096,2025-06-08 00:00:00,18.27,12.7
DWLR0096,2025-06-11 00:00:00,18.23,19.9
DWLR0096,2025-06-14 00:00:00,18.26,38.1
DWLR0096,2025-06-17 00:00:00,18.21,12.1
DWLR0096,2025-06-20 00:00:00,18.04,14.2
DWLR0096,2025-06-23 00:00:00,18.01,29.5
DWLR0096,2025-06-26 00:00:00,18.06,18.5
DWLR0096,2025-06-29 00:00:00,17.99,0.3
DWLR0096,2025-07-02 00:00:00,17.87,36.9
DWLR0096,2025-07-05 00:00:00,17.8,4.4
DWLR0096,2025-07-08 00:00:00,17.8,26.1
DWLR0096,2025-07-11 00:00:00,17.73,20.2
DWLR0096,2025-07-14 00:00:00,17.67,34.7
DWLR0096,2025-07-17 00:00:00,17.59,17.8
DWLR0096,2025-07-20 00:00:00,17.47,39.2
DWLR0096,2025-07-23 00:00:00,17.41,35.1
DWLR0096,2025-07-26 00:00:00,17.32,3.5
DWLR0096,2025-07-29 00:00:00,17.33,36.8
DWLR0096,2025-08-01 00:00:00,17.23,31.0
DWLR0096,2025-08-04 00:00:00,17.08,15.9
DWLR0096,2025-08-07 00:00:00,17.01,10.2
DWLR0096,2025-08-10 00:00:00,16.97,38.6
DWLR0096,2025-08-13 00:00:00,16.89,3.5
DWLR0096,2025-08-16 00:00:00,16.82,28.7
DWLR0096,2025-08-19 00:00:00,16.82,36.1
DWLR0096,2025-08-22 00:00:00,16.72,39.3
DWLR0096,2025-08-25 00:00:00,16.66,26.4
DWLR0096,2025-08-28 00:00:00,16.55,17.9
DWLR0096,2025-08-31 00:00:00,16.46,3.1
DWLR0096,2025-09-03 00:00:00,16.44,39.4
DWLR0096,2025-09-06 00:00:00,16.4,21.4
DWLR0096,2025-09-09 00:00:00,16.24,18.2
DWLR0096,2025-09-12 00:00:00,16.21,3.2
DWLR0096,2025-09-15 00:00:00,16.12,24.2
DWLR0096,2025-09-18 00:00:00,16.09,9.7
DWLR0096,2025-09-21 00:00:00,16.07,17.4
DWLR0096,2025-09-24 00:00:00,16.08,23.4
DWLR0096,2025-09-27 00:00:00,15.95,1.8
DWLR0096,2025-09-30 00:00:00,15.85,35.8
DWLR0096,2025-10-03 00:00:00,15.87,2.7
DWLR0096,2025-10-06 00:00:00,15.92,4.7
DWLR0096,2025-10-09 00:00:00,15.91,4.4
DWLR0096,2025-10-12 00:00:00,15.9,3.5
DWLR0096,2025-10-15 00:00:00,15.87,4.0
DWLR0096,2025-10-18 00:00:00,15.92,0.7
DWLR0096,2025-10-21 00:00:00,15.96,0.3
DWLR0096,2025-10-24 00:00:00,15.96,3.5
DWLR0096,2025-10-27 00:00:00,15.97,4.7
DWLR0096,2025-10-30 00:00:00,15.95,1.7
DWLR0096,2025-11-02 00:00:00,15.99,4.7
DWLR0096,2025-11-05 00:00:00,15.99,1.2
DWLR0096,2025-11-08 00:00:00,16.04,4.4
DWLR0096,2025-11-11 00:00:00,16.06,1.0
DWLR0096,2025-11-14 00:00:00,16.07,3.8
DWLR0096,2025-11-17 00:00:00,16.05,4.6
DWLR0096,2025-11-20 00:00:00,16.02,0.5
DWLR0096,2025-11-23 00:00:00,16.06,1.3
DWLR0096,2025-11-26 00:00:00,16.07,3.7
DWLR0097,2024-06-01 00:00:00,21.57,16.9
DWLR0097,2024-06-04 00:00:00,21.46,2.6
DWLR0097,2024-06-07 00:00:00,21.43,23.3
DWLR0097,2024-06-10 00:00:00,21.41,19.4
DWLR0097,2024-06-13 00:00:00,21.37,34.9
DWLR0097,2024-06-16 00:00:00,21.28,19.9
DWLR0097,2024-06-19 00:00:00,21.17,28.7
DWLR0097,2024-06-22 00:00:00,21.08,2.8
DWLR0097,2024-06-25 00:00:00,20.99,23.1
DWLR0097,2024-06-28 00:00:00,20.94,29.5
DWLR0097,2024-07-01 00:00:00,20.82,22.9
DWLR0097,2024-07-04 00:00:00,20.85,11.7
DWLR0097,2024-07-07 00:00:00,20.77,9.5
DWLR0097,2024-07-10 00:00:00,20.74,39.9
DWLR0097,2024-07-13 00:00:00,20.67,18.6
DWLR0097,2024-07-16 00:00:00,20.67,35.3
DWLR0097,2024-07-19 00:00:00,20.62,4.5
DWLR0097,2024-07-22 00:00:00,20.52,13.4
DWLR0097,2024-07-25 00:00:00,20.47,5.4
DWLR0097,2024-07-28 00:00:00,20.34,39.7
DWLR0097,2024-07-31 00:00:00,20.32,31.6
DWLR0097,2024-08-03 00:00:00,20.29,5.5
DWLR0097,2024-08-06 00:00:00,20.28,32.4
DWLR0097,2024-08-09 00:00:00,20.23,12.5
DWLR0097,2024-08-12 00:00:00,20.13,26.4
DWLR0097,2024-08-15 00:00:00,20.01,22.3
DWLR0097,2024-08-18 00:00:00,19.93,12.7
DWLR0097,2024-08-21 00:00:00,19.92,13.8
DWLR0097,2024-08-24 00:00:00,19.77,15.1
DWLR0097,2024-08-27 00:00:00,19.7,30.7
DWLR0097,2024-08-30 00:00:00,19.5,25.3
DWLR0097,2024-09-02 00:00:00,19.44,35.9
DWLR0097,2024-09-05 00:00:00,19.28,10.3
DWLR0097,2024-09-08 00:00:00,19.22,34.9
DWLR0097,2024-09-11 00:00:00,19.24,27.7
DWLR0097,2024-09-14 00:00:00,19.24,8.1
DWLR0097,2024-09-17 00:00:00,19.17,39.1
DWLR0097,2024-09-20 00:00:00,19.05,5.6
DWLR0097,2024-09-23 00:00:00,18.93,0.5
DWLR0097,2024-09-26 00:00:00,18.89,29.1
DWLR0097,2024-09-29 00:00:00,18.9,11.4
DWLR0097,2024-10-02 00:00:00,18.86,1.5
DWLR0097,2024-10-05 00:00:00,18.9,1.8
DWLR0097,2024-10-08 00:00:00,18.91,0.9
DWLR0097,2024-10-11 00:00:00,18.88,1.7
DWLR0097,2024-10-14 00:00:00,18.91,1.4
DWLR0097,2024-10-17 00:00:00,18.96,0.1
DWLR0097,2024-10-20 00:00:00,19.05,2.0
DWLR0097,2024-10-23 00:00:00,19.08,0.9
DWLR0097,2024-10-26 00:00:00,19.05,1.7
DWLR0097,2024-10-29 00:00:00,19.1,0.9
DWLR0097,2024-11-01 00:00:00,19.13,2.7
DWLR0097,2024-11-04 00:00:00,19.26,3.8
DWLR0097,2024-11-07 00:00:00,19.29,4.1
DWLR0097,2024-11-10 00:00:00,19.35,3.4
DWLR0097,2024-11-13 00:00:00,19.41,2.7
DWLR0097,2024-11-16 00:00:00,19.43,1.3
DWLR0097,2024-11-19 00:00:00,19.5,0.1
DWLR0097,2024-11-22 00:00:00,19.62,0.3
DWLR0097,2024-11-25 00:00:00,19.59,2.3
DWLR0097,2024-11-28 00:00:00,19.58,3.7
DWLR0097,2024-12-01 00:00:00,19.55,0.5
DWLR0097,2024-12-04 00:00:00,19.63,4.8
DWLR0097,2024-12-07 00:00:00,19.67,3.9
DWLR0097,2024-12-10 00:00:00,19.72,2.3
DWLR0097,2024-12-13 00:00:00,19.77,1.2
DWLR0097,2024-12-16 00:00:00,19.8,2.7
DWLR0097,2024-12-19 00:00:00,19.74,0.4
DWLR0097,2024-12-22 00:00:00,19.69,1.1
DWLR0097,2024-12-25 00:00:00,19.74,1.9
DWLR0097,2024-12-28 00:00:00,19.8,0.4
DWLR0097,2024-12-31 00:00:00,19.87,1.1
DWLR0097,2025-01-03 00:00:00,19.93,4.1
DWLR0097,2025-01-06 00:00:00,19.99,2.7
DWLR0097,2025-01-09 00:00:00,20.02,3.5
DWLR0097,2025-01-12 00:00:00,20.01,2.6
DWLR0097,2025-01-15 00:00:00,20.05,0.2
DWLR0097,2025-01-18 00:00:00,20.06,4.3
DWLR0097,2025-01-21 00:00:00,20.06,4.5
DWLR0097,2025-01-24 00:00:00,20.01,1.5
DWLR0097,2025-01-27 00:00:00,20.01,1.7
DWLR0097,2025-01-30 00:00:00,19.97,2.4
DWLR0097,2025-02-02 00:00:00,20.05,4.3
DWLR0097,2025-02-05 00:00:00,20.06,1.0
DWLR0097,2025-02-08 00:00:00,20.06,2.0
DWLR0097,2025-02-11 00:00:00,20.02,4.2
DWLR0097,2025-02-14 00:00:00,19.97,3.9
DWLR0097,2025-02-17 00:00:00,19.91,2.6
DWLR0097,2025-02-20 00:00:00,19.9,2.0
DWLR0097,2025-02-23 00:00:00,19.88,4.5
DWLR0097,2025-02-26 00:00:00,19.85,3.1
DWLR0097,2025-03-01 00:00:00,19.87,3.7
DWLR0097,2025-03-04 00:00:00,19.84,4.1
DWLR0097,2025-03-07 00:00:00,19.83,1.7
DWLR0097,2025-03-10 00:00:00,19.8,4.5
DWLR0097,2025-03-13 00:00:00,19.83,2.5
DWLR0097,2025-03-16 00:00:00,19.78,2.1
DWLR0097,2025-03-19 00:00:00,19.75,2.2
DWLR0097,2025-03-22 00:00:00,19.73,1.3
DWLR0097,2025-03-25 00:00:00,19.77,3.8
DWLR0097,2025-03-28 00:00:00,19.74,2.8
DWLR0097,2025-03-31 00:00:00,19.79,1.0
DWLR0097,2025-04-03 00:00:00,19.9,1.4
DWLR0097,2025-04-06 00:00:00,19.87,3.7
DWLR0097,2025-04-09 00:00:00,19.95,2.2
DWLR0097,2025-04-12 00:00:00,19.96,2.4
DWLR0097,2025-04-15 00:00:00,19.89,4.8
DWLR0097,2025-04-18 00:00:00,19.89,0.9
DWLR0097,2025-04-21 00:00:00,19.9,2.5
DWLR0097,2025-04-24 00:00:00,20.02,1.2
DWLR0097,2025-04-27 00:00:00,20.05,1.2
DWLR0097,2025-04-30 00:00:00,20.09,0.0
DWLR0097,2025-05-03 00:00:00,20.03,4.9
DWLR0097,2025-05-06 00:00:00,19.96,5.0
DWLR0097,2025-05-09 00:00:00,19.96,2.2
DWLR0097,2025-05-12 00:00:00,19.95,0.7
DWLR0097,2025-05-15 00:00:00,19.96,2.0
DWLR0097,2025-05-18 00:00:00,20.06,2.2
DWLR0097,2025-05-21 00:00:00,20.03,4.5
DWLR0097,2025-05-24 00:00:00,20.08,3.8
DWLR0097,2025-05-27 00:00:00,20.13,0.5
DWLR0097,2025-05-30 00:00:00,20.14,2.6
DWLR0097,2025-06-02 00:00:00,20.14,36.6
DWLR0097,2025-06-05 00:00:00,20.05,10.0
DWLR0097,2025-06-08 00:00:00,19.96,37.7
DWLR0097,2025-06-11 00:00:00,19.81,26.3
DWLR0097,2025-06-14 00:00:00,19.75,9.7
DWLR0097,2025-06-17 00:00:00,19.62,12.5
DWLR0097,2025-06-20 00:00:00,19.47,18.7
DWLR0097,2025-06-23 00:00:00,19.36,9.2
DWLR0097,2025-06-26 00:00:00,19.28,18.1
DWLR0097,2025-06-29 00:00:00,19.3,15.4
DWLR0097,2025-07-02 00:00:00,19.22,23.6
DWLR0097,2025-07-05 00:00:00,19.14,10.2
DWLR0097,2025-07-08 00:00:00,18.98,23.4
DWLR0097,2025-07-11 00:00:00,18.95,0.6
DWLR0097,2025-07-14 00:00:00,18.89,21.4
DWLR0097,2025-07-17 00:00:00,18.74,32.1
DWLR0097,2025-07-20 00:00:00,18.71,19.3
DWLR0097,2025-07-23 00:00:00,18.59,29.8
DWLR0097,2025-07-26 00:00:00,18.55,4.6
DWLR0097,2025-07-29 00:00:00,18.49,3.5
DWLR0097,2025-08-01 00:00:00,18.43,38.6
DWLR0097,2025-08-04 00:00:00,18.27,27.1
DWLR0097,2025-08-07 00:00:00,18.2,3.0
DWLR0097,2025-08-10 00:00:00,18.16,2.7
DWLR0097,2025-08-13 00:00:00,18.13,30.4
DWLR0097,2025-08-16 00:00:00,17.95,28.3
DWLR0097,2025-08-19 00:00:00,17.85,38.4
DWLR0097,2025-08-22 00:00:00,17.88,13.8
DWLR0097,2025-08-25 00:00:00,17.94,9.9
DWLR0097,2025-08-28 00:00:00,17.88,9.1
DWLR0097,2025-08-31 00:00:00,17.78,23.9
DWLR0097,2025-09-03 00:00:00,17.73,36.8
DWLR0097,2025-09-06 00:00:00,17.58,11.9
DWLR0097,2025-09-09 00:00:00,17.55,14.5
DWLR0097,2025-09-12 00:00:00,17.5,30.7
DWLR0097,2025-09-15 00:00:00,17.45,5.9
DWLR0097,2025-09-18 00:00:00,17.35,18.8
DWLR0097,2025-09-21 00:00:00,17.32,29.6
DWLR0097,2025-09-24 00:00:00,17.23,0.1
DWLR0097,2025-09-27 00:00:00,17.17,19.4
DWLR0097,2025-09-30 00:00:00,17.05,37.1
DWLR0097,2025-10-03 00:00:00,17.0,0.7
DWLR0097,2025-10-06 00:00:00,16.95,1.3
DWLR0097,2025-10-09 00:00:00,16.95,2.0
DWLR0097,2025-10-12 00:00:00,16.99,3.0
DWLR0097,2025-10-15 00:00:00,17.02,0.0
DWLR0097,2025-10-18 00:00:00,17.03,0.4
DWLR0097,2025-10-21 00:00:00,16.96,2.4
DWLR0097,2025-10-24 00:00:00,16.9,4.2
DWLR0097,2025-10-27 00:00:00,16.93,4.4
DWLR0097,2025-10-30 00:00:00,17.02,4.6
DWLR0097,2025-11-02 00:00:00,16.95,4.3
DWLR0097,2025-11-05 00:00:00,17.01,3.7
DWLR0097,2025-11-08 00:00:00,17.02,0.3
DWLR0097,2025-11-11 00:00:00,16.97,4.1
DWLR0097,2025-11-14 00:00:00,17.08,3.8
DWLR0097,2025-11-17 00:00:00,17.08,1.9
DWLR0097,2025-11-20 00:00:00,17.09,1.8
DWLR0097,2025-11-23 00:00:00,17.06,1.3
DWLR0097,2025-11-26 00:00:00,17.08,1.5
DWLR0098,2024-06-01 00:00:00,20.78,29.1
DWLR0098,2024-06-04 00:00:00,20.81,16.2
DWLR0098,2024-06-07 00:00:00,20.88,1.4
DWLR0098,2024-06-10 00:00:00,20.92,7.1
DWLR0098,2024-06-13 00:00:00,21.02,38.3
DWLR0098,2024-06-16 00:00:00,21.12,32.0
DWLR0098,2024-06-19 00:00:00,21.11,16.4
DWLR0098,2024-06-22 00:00:00,21.16,13.7
DWLR0098,2024-06-25 00:00:00,21.23,5.8
DWLR0098,2024-06-28 00:00:00,21.3,22.8
DWLR0098,2024-07-01 00:00:00,21.39,37.3
DWLR0098,2024-07-04 00:00:00,21.44,37.1
DWLR0098,2024-07-07 00:00:00,21.53,19.0
DWLR0098,2024-07-10 00:00:00,21.6,27.4
DWLR0098,2024-07-13 00:00:00,21.61,37.4
DWLR0098,2024-07-16 00:00:00,21.69,0.4
DWLR0098,2024-07-19 00:00:00,21.69,8.0
DWLR0098,2024-07-22 00:00:00,21.72,30.0
DWLR0098,2024-07-25 00:00:00,21.84,24.5
DWLR0098,2024-07-28 00:00:00,21.89,39.0
DWLR0098,2024-07-31 00:00:00,22.0,19.7
DWLR0098,2024-08-03 00:00:00,21.97,20.0
DWLR0098,2024-08-06 00:00:00,21.99,39.0
DWLR0098,2024-08-09 00:00:00,21.96,7.4
DWLR0098,2024-08-12 00:00:00,21.95,35.1
DWLR0098,2024-08-15 00:00:00,21.99,35.8
DWLR0098,2024-08-18 00:00:00,22.05,24.8
DWLR0098,2024-08-21 00:00:00,22.16,7.2
DWLR0098,2024-08-24 00:00:00,22.14,0.1
DWLR0098,2024-08-27 00:00:00,22.21,10.5
DWLR0098,2024-08-30 00:00:00,22.28,14.4
DWLR0098,2024-09-02 00:00:00,22.41,34.7
DWLR0098,2024-09-05 00:00:00,22.39,4.7
DWLR0098,2024-09-08 00:00:00,22.43,28.4
DWLR0098,2024-09-11 00:00:00,22.4,35.1
DWLR0098,2024-09-14 00:00:00,22.47,7.9
DWLR0098,2024-09-17 00:00:00,22.48,23.2
DWLR0098,2024-09-20 00:00:00,22.52,29.9
DWLR0098,2024-09-23 00:00:00,22.57,8.5
DWLR0098,2024-09-26 00:00:00,22.68,4.0
DWLR0098,2024-09-29 00:00:00,22.74,24.5
DWLR0098,2024-10-02 00:00:00,22.88,0.4
DWLR0098,2024-10-05 00:00:00,23.09,1.7
DWLR0098,2024-10-08 00:00:00,23.23,4.5
DWLR0098,2024-10-11 00:00:00,23.32,5.0
DWLR0098,2024-10-14 00:00:00,23.4,3.8
DWLR0098,2024-10-17 00:00:00,23.5,0.3
DWLR0098,2024-10-20 00:00:00,23.62,3.7
DWLR0098,2024-10-23 00:00:00,23.72,2.7
DWLR0098,2024-10-26 00:00:00,23.77,3.8
DWLR0098,2024-10-29 00:00:00,23.92,0.6
DWLR0098,2024-11-01 00:00:00,24.02,0.0
DWLR0098,2024-11-04 00:00:00,24.2,1.9
DWLR0098,2024-11-07 00:00:00,24.37,0.8
DWLR0098,2024-11-10 00:00:00,24.55,2.8
DWLR0098,2024-11-13 00:00:00,24.67,4.0
DWLR0098,2024-11-16 00:00:00,24.85,2.6
DWLR0098,2024-11-19 00:00:00,25.0,1.3
DWLR0098,2024-11-22 00:00:00,25.13,1.2
DWLR0098,2024-11-25 00:00:00,25.22,4.2
DWLR0098,2024-11-28 00:00:00,25.36,4.0
DWLR0098,2024-12-01 00:00:00,25.48,4.0
DWLR0098,2024-12-04 00:00:00,25.61,1.7
DWLR0098,2024-12-07 00:00:00,25.83,3.8
DWLR0098,2024-12-10 00:00:00,26.0,4.7
DWLR0098,2024-12-13 00:00:00,26.04,1.0
DWLR0098,2024-12-16 00:00:00,26.15,0.2
DWLR0098,2024-12-19 00:00:00,26.24,2.6
DWLR0098,2024-12-22 00:00:00,26.44,0.1
DWLR0098,2024-12-25 00:00:00,26.62,1.5
DWLR0098,2024-12-28 00:00:00,26.7,2.8
DWLR0098,2024-12-31 00:00:00,26.87,4.8
DWLR0098,2025-01-03 00:00:00,27.04,4.7
DWLR0098,2025-01-06 00:00:00,27.19,3.2
DWLR0098,2025-01-09 00:00:00,27.37,3.9
DWLR0098,2025-01-12 00:00:00,27.52,0.9
DWLR0098,2025-01-15 00:00:00,27.68,1.2
DWLR0098,2025-01-18 00:00:00,27.83,4.3
DWLR0098,2025-01-21 00:00:00,27.99,2.1
DWLR0098,2025-01-24 00:00:00,28.13,3.0
DWLR0098,2025-01-27 00:00:00,28.31,1.5
DWLR0098,2025-01-30 00:00:00,28.55,0.6
DWLR0098,2025-02-02 00:00:00,28.62,0.5
DWLR0098,2025-02-05 00:00:00,28.76,3.5
DWLR0098,2025-02-08 00:00:00,28.88,4.4
DWLR0098,2025-02-11 00:00:00,29.08,4.7
DWLR0098,2025-02-14 00:00:00,29.16,3.8
DWLR0098,2025-02-17 00:00:00,29.43,0.5
DWLR0098,2025-02-20 00:00:00,29.54,0.2
DWLR0098,2025-02-23 00:00:00,29.7,1.6
DWLR0098,2025-02-26 00:00:00,29.83,0.1
DWLR0098,2025-03-01 00:00:00,30.01,2.6
DWLR0098,2025-03-04 00:00:00,30.2,4.7
DWLR0098,2025-03-07 00:00:00,30.42,3.6
DWLR0098,2025-03-10 00:00:00,30.5,1.9
DWLR0098,2025-03-13 00:00:00,30.71,4.4
DWLR0098,2025-03-16 00:00:00,30.74,4.2
DWLR0098,2025-03-19 00:00:00,30.94,0.8
DWLR0098,2025-03-22 00:00:00,31.06,2.9
DWLR0098,2025-03-25 00:00:00,31.21,4.8
DWLR0098,2025-03-28 00:00:00,31.34,2.0
DWLR0098,2025-03-31 00:00:00,31.51,2.7
DWLR0098,2025-04-03 00:00:00,31.67,1.2
DWLR0098,2025-04-06 00:00:00,31.83,0.9
DWLR0098,2025-04-09 00:00:00,31.98,2.5
DWLR0098,2025-04-12 00:00:00,32.17,0.1
DWLR0098,2025-04-15 00:00:00,32.35,1.7
DWLR0098,2025-04-18 00:00:00,32.46,0.9
DWLR0098,2025-04-21 00:00:00,32.6,0.9
DWLR0098,2025-04-24 00:00:00,32.71,2.4
DWLR0098,2025-04-27 00:00:00,32.92,2.1
DWLR0098,2025-04-30 00:00:00,33.09,3.9
DWLR0098,2025-05-03 00:00:00,33.24,2.7
DWLR0098,2025-05-06 00:00:00,33.51,1.5
DWLR0098,2025-05-09 00:00:00,33.68,3.2
DWLR0098,2025-05-12 00:00:00,33.77,0.3
DWLR0098,2025-05-15 00:00:00,33.84,4.8
DWLR0098,2025-05-18 00:00:00,33.98,1.6
DWLR0098,2025-05-21 00:00:00,34.16,2.1
DWLR0098,2025-05-24 00:00:00,34.3,1.1
DWLR0098,2025-05-27 00:00:00,34.39,3.2
DWLR0098,2025-05-30 00:00:00,34.5,1.5
DWLR0098,2025-06-02 00:00:00,34.6,24.8
DWLR0098,2025-06-05 00:00:00,34.62,22.4
DWLR0098,2025-06-08 00:00:00,34.57,17.1
DWLR0098,2025-06-11 00:00:00,34.6,4.9
DWLR0098,2025-06-14 00:00:00,34.71,14.3
DWLR0098,2025-06-17 00:00:00,34.81,29.5
DWLR0098,2025-06-20 00:00:00,34.83,6.1
DWLR0098,2025-06-23 00:00:00,34.92,39.6
DWLR0098,2025-06-26 00:00:00,34.92,3.7
DWLR0098,2025-06-29 00:00:00,35.01,5.8
DWLR0098,2025-07-02 00:00:00,34.99,34.4
DWLR0098,2025-07-05 00:00:00,35.03,22.9
DWLR0098,2025-07-08 00:00:00,35.05,8.1
DWLR0098,2025-07-11 00:00:00,35.14,13.6
DWLR0098,2025-07-14 00:00:00,35.13,30.7
DWLR0098,2025-07-17 00:00:00,35.25,21.9
DWLR0098,2025-07-20 00:00:00,35.32,11.0
DWLR0098,2025-07-23 00:00:00,35.42,11.5
DWLR0098,2025-07-26 00:00:00,35.43,34.0
DWLR0098,2025-07-29 00:00:00,35.54,26.0
DWLR0098,2025-08-01 00:00:00,35.64,25.1
DWLR0098,2025-08-04 00:00:00,35.64,34.0
DWLR0098,2025-08-07 00:00:00,35.69,18.7
DWLR0098,2025-08-10 00:00:00,35.82,39.8
DWLR0098,2025-08-13 00:00:00,35.91,33.5
DWLR0098,2025-08-16 00:00:00,35.97,5.0
DWLR0098,2025-08-19 00:00:00,36.01,33.7
DWLR0098,2025-08-22 00:00:00,36.11,32.9
DWLR0098,2025-08-25 00:00:00,36.12,3.2
DWLR0098,2025-08-28 00:00:00,36.22,38.6
DWLR0098,2025-08-31 00:00:00,36.26,13.8
DWLR0098,2025-09-03 00:00:00,36.36,25.1
DWLR0098,2025-09-06 00:00:00,36.51,25.6
DWLR0098,2025-09-09 00:00:00,36.59,2.4
DWLR0098,2025-09-12 00:00:00,36.63,8.2
DWLR0098,2025-09-15 00:00:00,36.76,39.1
DWLR0098,2025-09-18 00:00:00,36.74,8.6
DWLR0098,2025-09-21 00:00:00,36.84,20.3
DWLR0098,2025-09-24 00:00:00,36.89,15.6
DWLR0098,2025-09-27 00:00:00,36.83,30.5
DWLR0098,2025-09-30 00:00:00,36.94,35.9
DWLR0098,2025-10-03 00:00:00,37.12,2.4
DWLR0098,2025-10-06 00:00:00,37.34,1.5
DWLR0098,2025-10-09 00:00:00,37.52,3.0
DWLR0098,2025-10-12 00:00:00,37.71,2.0
DWLR0098,2025-10-15 00:00:00,37.93,5.0
DWLR0098,2025-10-18 00:00:00,38.02,3.4
DWLR0098,2025-10-21 00:00:00,38.12,4.3
DWLR0098,2025-10-24 00:00:00,38.23,1.2
DWLR0098,2025-10-27 00:00:00,38.35,4.5
DWLR0098,2025-10-30 00:00:00,38.48,2.5
DWLR0098,2025-11-02 00:00:00,38.6,2.5
DWLR0098,2025-11-05 00:00:00,38.71,1.8
DWLR0098,2025-11-08 00:00:00,38.85,0.8
DWLR0098,2025-11-11 00:00:00,38.94,0.8
DWLR0098,2025-11-14 00:00:00,39.06,0.1
DWLR0098,2025-11-17 00:00:00,39.25,2.9
DWLR0098,2025-11-20 00:00:00,39.42,0.2
DWLR0098,2025-11-23 00:00:00,39.63,4.2
DWLR0098,2025-11-26 00:00:00,39.76,3.9
DWLR0099,2024-06-01 00:00:00,6.03,35.3
DWLR0099,2024-06-04 00:00:00,6.03,33.0
DWLR0099,2024-06-07 00:00:00,6.02,16.7
DWLR0099,2024-06-10 00:00:00,5.96,13.9
DWLR0099,2024-06-13 00:00:00,5.85,28.4
DWLR0099,2024-06-16 00:00:00,5.77,36.2
DWLR0099,2024-06-19 00:00:00,5.74,28.9
DWLR0099,2024-06-22 00:00:00,5.62,33.6
DWLR0099,2024-06-25 00:00:00,5.51,18.9
DWLR0099,2024-06-28 00:00:00,5.48,8.4
DWLR0099,2024-07-01 00:00:00,5.45,30.4
DWLR0099,2024-07-04 00:00:00,5.39,12.4
DWLR0099,2024-07-07 00:00:00,5.29,26.3
DWLR0099,2024-07-10 00:00:00,5.21,33.8
DWLR0099,2024-07-13 00:00:00,5.18,35.3
DWLR0099,2024-07-16 00:00:00,5.14,8.1
DWLR0099,2024-07-19 00:00:00,5.11,35.8
DWLR0099,2024-07-22 00:00:00,5.07,22.4
DWLR0099,2024-07-25 00:00:00,5.02,17.9
DWLR0099,2024-07-28 00:00:00,4.96,37.0
DWLR0099,2024-07-31 00:00:00,4.89,32.7
DWLR0099,2024-08-03 00:00:00,4.85,35.3
DWLR0099,2024-08-06 00:00:00,4.76,23.6
DWLR0099,2024-08-09 00:00:00,4.65,35.5
DWLR0099,2024-08-12 00:00:00,4.62,20.2
DWLR0099,2024-08-15 00:00:00,4.45,23.6
DWLR0099,2024-08-18 00:00:00,4.43,25.2
DWLR0099,2024-08-21 00:00:00,4.39,12.4
DWLR0099,2024-08-24 00:00:00,4.32,20.7
DWLR0099,2024-08-27 00:00:00,4.14,27.5
DWLR0099,2024-08-30 00:00:00,4.12,38.3
DWLR0099,2024-09-02 00:00:00,4.08,23.0
DWLR0099,2024-09-05 00:00:00,4.01,8.8
DWLR0099,2024-09-08 00:00:00,3.98,5.7
DWLR0099,2024-09-11 00:00:00,3.91,18.6
DWLR0099,2024-09-14 00:00:00,3.87,38.4
DWLR0099,2024-09-17 00:00:00,3.85,23.4
DWLR0099,2024-09-20 00:00:00,3.76,39.6
DWLR0099,2024-09-23 00:00:00,3.68,28.6
DWLR0099,2024-09-26 00:00:00,3.58,12.9
DWLR0099,2024-09-29 00:00:00,3.53,16.9
DWLR0099,2024-10-02 00:00:00,3.45,4.8
DWLR0099,2024-10-05 00:00:00,3.47,4.9
DWLR0099,2024-10-08 00:00:00,3.49,0.3
DWLR0099,2024-10-11 00:00:00,3.63,3.2
DWLR0099,2024-10-14 00:00:00,3.67,0.9
DWLR0099,2024-10-17 00:00:00,3.61,2.3
DWLR0099,2024-10-20 00:00:00,3.52,2.5
DWLR0099,2024-10-23 00:00:00,3.62,1.6
DWLR0099,2024-10-26 00:00:00,3.68,0.0
DWLR0099,2024-10-29 00:00:00,3.73,4.2
DWLR0099,2024-11-01 00:00:00,3.81,1.6
DWLR0099,2024-11-04 00:00:00,3.81,4.3
DWLR0099,2024-11-07 00:00:00,3.81,1.3
DWLR0099,2024-11-10 00:00:00,3.87,4.5
DWLR0099,2024-11-13 00:00:00,3.89,2.7
DWLR0099,2024-11-16 00:00:00,3.89,3.1
DWLR0099,2024-11-19 00:00:00,3.86,3.4
DWLR0099,2024-11-22 00:00:00,3.92,2.4
DWLR0099,2024-11-25 00:00:00,3.91,0.8
DWLR0099,2024-11-28 00:00:00,3.88,1.7
DWLR0099,2024-12-01 00:00:00,3.91,1.0
DWLR0099,2024-12-04 00:00:00,3.86,1.3
DWLR0099,2024-12-07 00:00:00,3.94,4.6
DWLR0099,2024-12-10 00:00:00,3.97,3.5
DWLR0099,2024-12-13 00:00:00,4.05,2.5
DWLR0099,2024-12-16 00:00:00,4.14,4.4
DWLR0099,2024-12-19 00:00:00,4.13,4.0
DWLR0099,2024-12-22 00:00:00,4.1,4.8
DWLR0099,2024-12-25 00:00:00,4.14,4.4
DWLR0099,2024-12-28 00:00:00,4.24,2.0
DWLR0099,2024-12-31 00:00:00,4.38,1.6
DWLR0099,2025-01-03 00:00:00,4.4,3.0
DWLR0099,2025-01-06 00:00:00,4.46,2.6
DWLR0099,2025-01-09 00:00:00,4.46,2.5
DWLR0099,2025-01-12 00:00:00,4.38,0.2
DWLR0099,2025-01-15 00:00:00,4.41,3.1
DWLR0099,2025-01-18 00:00:00,4.46,2.0
DWLR0099,2025-01-21 00:00:00,4.51,0.2
DWLR0099,2025-01-24 00:00:00,4.56,3.4
DWLR0099,2025-01-27 00:00:00,4.66,3.7
DWLR0099,2025-01-30 00:00:00,4.61,4.1
DWLR0099,2025-02-02 00:00:00,4.6,0.1
DWLR0099,2025-02-05 00:00:00,4.72,1.2
DWLR0099,2025-02-08 00:00:00,4.75,0.7
DWLR0099,2025-02-11 00:00:00,4.75,1.0
DWLR0099,2025-02-14 00:00:00,4.75,4.2
DWLR0099,2025-02-17 00:00:00,4.7,0.7
DWLR0099,2025-02-20 00:00:00,4.72,2.1
DWLR0099,2025-02-23 00:00:00,4.84,4.3
DWLR0099,2025-02-26 00:00:00,4.81,2.3
DWLR0099,2025-03-01 00:00:00,4.74,3.4
DWLR0099,2025-03-04 00:00:00,4.75,2.8
DWLR0099,2025-03-07 00:00:00,4.79,0.6
DWLR0099,2025-03-10 00:00:00,4.72,2.0
DWLR0099,2025-03-13 00:00:00,4.77,4.7
DWLR0099,2025-03-16 00:00:00,4.75,4.7
DWLR0099,2025-03-19 00:00:00,4.8,4.4
DWLR0099,2025-03-22 00:00:00,4.84,1.3
DWLR0099,2025-03-25 00:00:00,4.85,3.0
DWLR0099,2025-03-28 00:00:00,4.9,2.1
DWLR0099,2025-03-31 00:00:00,4.9,3.4
DWLR0099,2025-04-03 00:00:00,4.91,2.2
DWLR0099,2025-04-06 00:00:00,4.99,1.9
DWLR0099,2025-04-09 00:00:00,5.02,4.0
DWLR0099,2025-04-12 00:00:00,5.01,4.2
DWLR0099,2025-04-15 00:00:00,5.05,4.4
DWLR0099,2025-04-18 00:00:00,5.19,1.7
DWLR0099,2025-04-21 00:00:00,5.08,0.4
DWLR0099,2025-04-24 00:00:00,5.08,4.8
DWLR0099,2025-04-27 00:00:00,5.05,3.7
DWLR0099,2025-04-30 00:00:00,5.01,2.7
DWLR0099,2025-05-03 00:00:00,5.07,1.2
DWLR0099,2025-05-06 00:00:00,5.02,4.7
DWLR0099,2025-05-09 00:00:00,4.96,3.9
DWLR0099,2025-05-12 00:00:00,5.01,2.8
DWLR0099,2025-05-15 00:00:00,5.02,0.2
DWLR0099,2025-05-18 00:00:00,5.09,2.3
DWLR0099,2025-05-21 00:00:00,5.17,4.7
DWLR0099,2025-05-24 00:00:00,5.17,0.7
DWLR0099,2025-05-27 00:00:00,5.19,3.3
DWLR0099,2025-05-30 00:00:00,5.23,4.9
DWLR0099,2025-06-02 00:00:00,5.16,21.8
DWLR0099,2025-06-05 00:00:00,5.07,39.6
DWLR0099,2025-06-08 00:00:00,5.09,17.5
DWLR0099,2025-06-11 00:00:00,5.09,24.4
DWLR0099,2025-06-14 00:00:00,5.05,28.2
DWLR0099,2025-06-17 00:00:00,5.03,27.7
DWLR0099,2025-06-20 00:00:00,4.85,8.3
DWLR0099,2025-06-23 00:00:00,4.77,24.8
DWLR0099,2025-06-26 00:00:00,4.75,38.4
DWLR0099,2025-06-29 00:00:00,4.65,8.9
DWLR0099,2025-07-02 00:00:00,4.58,22.7
DWLR0099,2025-07-05 00:00:00,4.53,8.6
DWLR0099,2025-07-08 00:00:00,4.5,23.3
DWLR0099,2025-07-11 00:00:00,4.35,29.0
DWLR0099,2025-07-14 00:00:00,4.27,12.7
DWLR0099,2025-07-17 00:00:00,4.2,20.5
DWLR0099,2025-07-20 00:00:00,4.14,0.3
DWLR0099,2025-07-23 00:00:00,3.99,9.9
DWLR0099,2025-07-26 00:00:00,3.91,38.1
DWLR0099,2025-07-29 00:00:00,3.85,12.6
DWLR0099,2025-08-01 00:00:00,3.81,15.0
DWLR0099,2025-08-04 00:00:00,3.79,25.0
DWLR0099,2025-08-07 00:00:00,3.7,19.7
DWLR0099,2025-08-10 00:00:00,3.65,23.4
DWLR0099,2025-08-13 00:00:00,3.63,18.4
DWLR0099,2025-08-16 00:00:00,3.58,9.9
DWLR0099,2025-08-19 00:00:00,3.57,10.5
DWLR0099,2025-08-22 00:00:00,3.5,19.3
DWLR0099,2025-08-25 00:00:00,3.42,9.2
DWLR0099,2025-08-28 00:00:00,3.4,19.6
DWLR0099,2025-08-31 00:00:00,3.33,21.0
DWLR0099,2025-09-03 00:00:00,3.3,36.3
DWLR0099,2025-09-06 00:00:00,3.21,8.1
DWLR0099,2025-09-09 00:00:00,3.07,34.9
DWLR0099,2025-09-12 00:00:00,2.9,9.0
DWLR0099,2025-09-15 00:00:00,2.83,11.3
DWLR0099,2025-09-18 00:00:00,2.74,21.5
DWLR0099,2025-09-21 00:00:00,2.58,33.5
DWLR0099,2025-09-24 00:00:00,2.48,4.7
DWLR0099,2025-09-27 00:00:00,2.46,39.2
DWLR0099,2025-09-30 00:00:00,2.36,11.4
DWLR0099,2025-10-03 00:00:00,2.46,0.9
DWLR0099,2025-10-06 00:00:00,2.41,4.1
DWLR0099,2025-10-09 00:00:00,2.37,1.6
DWLR0099,2025-10-12 00:00:00,2.37,4.5
DWLR0099,2025-10-15 00:00:00,2.41,2.8
DWLR0099,2025-10-18 00:00:00,2.41,1.8
DWLR0099,2025-10-21 00:00:00,2.43,3.8
DWLR0099,2025-10-24 00:00:00,2.44,2.1
DWLR0099,2025-10-27 00:00:00,2.48,2.4
DWLR0099,2025-10-30 00:00:00,2.51,4.9
DWLR0099,2025-11-02 00:00:00,2.42,0.3
DWLR0099,2025-11-05 00:00:00,2.51,3.2
DWLR0099,2025-11-08 00:00:00,2.56,0.7
DWLR0099,2025-11-11 00:00:00,2.61,0.8
DWLR0099,2025-11-14 00:00:00,2.62,4.0
DWLR0099,2025-11-17 00:00:00,2.63,1.3
DWLR0099,2025-11-20 00:00:00,2.75,2.5
DWLR0099,2025-11-23 00:00:00,2.78,3.8
DWLR0099,2025-11-26 00:00:00,2.86,1.9
DWLR0100,2024-06-01 00:00:00,15.94,24.9
DWLR0100,2024-06-04 00:00:00,16.02,18.3
DWLR0100,2024-06-07 00:00:00,16.04,37.8
DWLR0100,2024-06-10 00:00:00,16.05,29.0
DWLR0100,2024-06-13 00:00:00,16.15,39.0
DWLR0100,2024-06-16 00:00:00,16.22,5.4
DWLR0100,2024-06-19 00:00:00,16.25,2.6
DWLR0100,2024-06-22 00:00:00,16.25,21.4
DWLR0100,2024-06-25 00:00:00,16.29,29.2
DWLR0100,2024-06-28 00:00:00,16.4,22.1
DWLR0100,2024-07-01 00:00:00,16.41,18.3
DWLR0100,2024-07-04 00:00:00,16.55,35.5
DWLR0100,2024-07-07 00:00:00,16.6,26.9
DWLR0100,2024-07-10 00:00:00,16.7,2.0
DWLR0100,2024-07-13 00:00:00,16.75,30.3
DWLR0100,2024-07-16 00:00:00,16.87,26.4
DWLR0100,2024-07-19 00:00:00,16.9,39.3
DWLR0100,2024-07-22 00:00:00,16.87,10.2
DWLR0100,2024-07-25 00:00:00,16.95,2.3
DWLR0100,2024-07-28 00:00:00,16.89,3.1
DWLR0100,2024-07-31 00:00:00,16.87,13.5
DWLR0100,2024-08-03 00:00:00,16.91,13.1
DWLR0100,2024-08-06 00:00:00,17.04,3.0
DWLR0100,2024-08-09 00:00:00,17.13,8.1
DWLR0100,2024-08-12 00:00:00,17.29,8.1
DWLR0100,2024-08-15 00:00:00,17.36,19.5
DWLR0100,2024-08-18 00:00:00,17.37,34.9
DWLR0100,2024-08-21 00:00:00,17.41,35.1
DWLR0100,2024-08-24 00:00:00,17.49,21.4
DWLR0100,2024-08-27 00:00:00,17.52,34.8
DWLR0100,2024-08-30 00:00:00,17.65,3.8
DWLR0100,2024-09-02 00:00:00,17.74,28.6
DWLR0100,2024-09-05 00:00:00,17.69,20.3
DWLR0100,2024-09-08 00:00:00,17.72,31.5
DWLR0100,2024-09-11 00:00:00,17.8,7.6
DWLR0100,2024-09-14 00:00:00,17.95,8.8
DWLR0100,2024-09-17 00:00:00,18.03,16.0
DWLR0100,2024-09-20 00:00:00,18.11,2.4
DWLR0100,2024-09-23 00:00:00,18.16,28.6
DWLR0100,2024-09-26 00:00:00,18.18,34.3
DWLR0100,2024-09-29 00:00:00,18.18,20.5
DWLR0100,2024-10-02 00:00:00,18.28,3.7
DWLR0100,2024-10-05 00:00:00,18.51,0.2
DWLR0100,2024-10-08 00:00:00,18.67,2.5
DWLR0100,2024-10-11 00:00:00,18.81,1.0
DWLR0100,2024-10-14 00:00:00,18.9,1.2
DWLR0100,2024-10-17 00:00:00,19.01,2.6
DWLR0100,2024-10-20 00:00:00,19.15,4.7
DWLR0100,2024-10-23 00:00:00,19.23,1.7
DWLR0100,2024-10-26 00:00:00,19.36,3.6
DWLR0100,2024-10-29 00:00:00,19.53,4.6
DWLR0100,2024-11-01 00:00:00,19.71,0.0
DWLR0100,2024-11-04 00:00:00,19.93,1.6
DWLR0100,2024-11-07 00:00:00,20.12,2.5
DWLR0100,2024-11-10 00:00:00,20.33,4.6
DWLR0100,2024-11-13 00:00:00,20.45,1.4
DWLR0100,2024-11-16 00:00:00,20.59,1.2
DWLR0100,2024-11-19 00:00:00,20.75,1.7
DWLR0100,2024-11-22 00:00:00,20.83,4.0
DWLR0100,2024-11-25 00:00:00,20.98,0.7
DWLR0100,2024-11-28 00:00:00,21.18,1.6
DWLR0100,2024-12-01 00:00:00,21.3,3.8
DWLR0100,2024-12-04 00:00:00,21.45,3.3
DWLR0100,2024-12-07 00:00:00,21.7,2.3
DWLR0100,2024-12-10 00:00:00,21.86,1.4
DWLR0100,2024-12-13 00:00:00,22.04,1.7
DWLR0100,2024-12-16 00:00:00,22.19,3.0
DWLR0100,2024-12-19 00:00:00,22.32,4.2
DWLR0100,2024-12-22 00:00:00,22.43,2.9
DWLR0100,2024-12-25 00:00:00,22.67,3.2
DWLR0100,2024-12-28 00:00:00,22.88,4.5
DWLR0100,2024-12-31 00:00:00,23.09,2.2
DWLR0100,2025-01-03 00:00:00,23.22,2.0
DWLR0100,2025-01-06 00:00:00,23.36,0.9
DWLR0100,2025-01-09 00:00:00,23.43,0.0
DWLR0100,2025-01-12 00:00:00,23.6,1.0
DWLR0100,2025-01-15 00:00:00,23.76,2.6
DWLR0100,2025-01-18 00:00:00,23.95,1.3
DWLR0100,2025-01-21 00:00:00,24.15,3.0
DWLR0100,2025-01-24 00:00:00,24.38,0.1
DWLR0100,2025-01-27 00:00:00,24.53,2.3
DWLR0100,2025-01-30 00:00:00,24.69,4.9
DWLR0100,2025-02-02 00:00:00,24.89,3.8
DWLR0100,2025-02-05 00:00:00,25.12,3.9
DWLR0100,2025-02-08 00:00:00,25.29,0.3
DWLR0100,2025-02-11 00:00:00,25.45,1.4
DWLR0100,2025-02-14 00:00:00,25.62,4.6
DWLR0100,2025-02-17 00:00:00,25.76,1.4
DWLR0100,2025-02-20 00:00:00,25.88,0.4
DWLR0100,2025-02-23 00:00:00,26.06,2.6
DWLR0100,2025-02-26 00:00:00,26.25,2.5
DWLR0100,2025-03-01 00:00:00,26.4,1.2
DWLR0100,2025-03-04 00:00:00,26.54,0.3
DWLR0100,2025-03-07 00:00:00,26.63,2.9
DWLR0100,2025-03-10 00:00:00,26.78,2.8
DWLR0100,2025-03-13 00:00:00,27.0,3.2
DWLR0100,2025-03-16 00:00:00,27.13,3.1
DWLR0100,2025-03-19 00:00:00,27.32,4.9
DWLR0100,2025-03-22 00:00:00,27.44,0.2
DWLR0100,2025-03-25 00:00:00,27.64,2.5
DWLR0100,2025-03-28 00:00:00,27.79,0.6
DWLR0100,2025-03-31 00:00:00,27.95,3.2
DWLR0100,2025-04-03 00:00:00,28.15,4.6
DWLR0100,2025-04-06 00:00:00,28.3,2.2
DWLR0100,2025-04-09 00:00:00,28.45,0.4
DWLR0100,2025-04-12 00:00:00,28.59,0.1
DWLR0100,2025-04-15 00:00:00,28.8,4.5
DWLR0100,2025-04-18 00:00:00,28.88,2.6
DWLR0100,2025-04-21 00:00:00,29.04,4.5
DWLR0100,2025-04-24 00:00:00,29.17,0.6
DWLR0100,2025-04-27 00:00:00,29.33,2.7
DWLR0100,2025-04-30 00:00:00,29.46,1.2
DWLR0100,2025-05-03 00:00:00,29.57,4.0
DWLR0100,2025-05-06 00:00:00,29.73,4.7
DWLR0100,2025-05-09 00:00:00,29.86,4.7
DWLR0100,2025-05-12 00:00:00,30.0,2.0
DWLR0100,2025-05-15 00:00:00,30.22,1.3
DWLR0100,2025-05-18 00:00:00,30.47,2.3
DWLR0100,2025-05-21 00:00:00,30.56,0.8
DWLR0100,2025-05-24 00:00:00,30.81,1.5
DWLR0100,2025-05-27 00:00:00,31.09,2.9
DWLR0100,2025-05-30 00:00:00,31.35,1.1
DWLR0100,2025-06-02 00:00:00,31.42,25.8
DWLR0100,2025-06-05 00:00:00,31.44,12.9
DWLR0100,2025-06-08 00:00:00,31.54,3.5
DWLR0100,2025-06-11 00:00:00,31.53,15.2
DWLR0100,2025-06-14 00:00:00,31.56,14.2
DWLR0100,2025-06-17 00:00:00,31.63,26.1
DWLR0100,2025-06-20 00:00:00,31.75,38.8
DWLR0100,2025-06-23 00:00:00,31.86,17.3
DWLR0100,2025-06-26 00:00:00,32.0,10.8
DWLR0100,2025-06-29 00:00:00,32.15,20.0
DWLR0100,2025-07-02 00:00:00,32.26,20.9
DWLR0100,2025-07-05 00:00:00,32.35,2.6
DWLR0100,2025-07-08 00:00:00,32.43,2.7
DWLR0100,2025-07-11 00:00:00,32.49,11.1
DWLR0100,2025-07-14 00:00:00,32.63,1.0
DWLR0100,2025-07-17 00:00:00,32.7,10.3
DWLR0100,2025-07-20 00:00:00,32.74,25.4
DWLR0100,2025-07-23 00:00:00,32.88,14.6
DWLR0100,2025-07-26 00:00:00,32.91,17.5
DWLR0100,2025-07-29 00:00:00,33.03,5.5
DWLR0100,2025-08-01 00:00:00,33.12,30.8
DWLR0100,2025-08-04 00:00:00,33.3,6.2
DWLR0100,2025-08-07 00:00:00,33.36,31.6
DWLR0100,2025-08-10 00:00:00,33.45,35.2
DWLR0100,2025-08-13 00:00:00,33.52,12.5
DWLR0100,2025-08-16 00:00:00,33.54,1.9
DWLR0100,2025-08-19 00:00:00,33.55,20.9
DWLR0100,2025-08-22 00:00:00,33.57,8.0
DWLR0100,2025-08-25 00:00:00,33.68,39.0
DWLR0100,2025-08-28 00:00:00,33.68,39.5
DWLR0100,2025-08-31 00:00:00,33.73,13.2
DWLR0100,2025-09-03 00:00:00,33.8,24.8
DWLR0100,2025-09-06 00:00:00,33.87,10.8
DWLR0100,2025-09-09 00:00:00,34.0,4.2
DWLR0100,2025-09-12 00:00:00,34.0,18.3
DWLR0100,2025-09-15 00:00:00,34.13,4.6
DWLR0100,2025-09-18 00:00:00,34.14,5.9
DWLR0100,2025-09-21 00:00:00,34.25,20.6
DWLR0100,2025-09-24 00:00:00,34.28,37.0
DWLR0100,2025-09-27 00:00:00,34.3,4.9
DWLR0100,2025-09-30 00:00:00,34.33,18.6
DWLR0100,2025-10-03 00:00:00,34.41,1.6
DWLR0100,2025-10-06 00:00:00,34.64,4.9
DWLR0100,2025-10-09 00:00:00,34.83,2.1
DWLR0100,2025-10-12 00:00:00,34.92,1.7
DWLR0100,2025-10-15 00:00:00,35.11,0.4
DWLR0100,2025-10-18 00:00:00,35.33,2.3
DWLR0100,2025-10-21 00:00:00,35.51,0.4
DWLR0100,2025-10-24 00:00:00,35.66,1.5
DWLR0100,2025-10-27 00:00:00,35.83,3.2
DWLR0100,2025-10-30 00:00:00,35.94,0.7
DWLR0100,2025-11-02 00:00:00,36.15,2.8
DWLR0100,2025-11-05 00:00:00,36.34,4.1
DWLR0100,2025-11-08 00:00:00,36.39,2.6
DWLR0100,2025-11-11 00:00:00,36.5,3.1
DWLR0100,2025-11-14 00:00:00,36.59,1.3
DWLR0100,2025-11-17 00:00:00,36.71,4.7
DWLR0100,2025-11-20 00:00:00,36.85,2.7
DWLR0100,2025-11-23 00:00:00,36.96,3.0
DWLR0100,2025-11-26 00:00:00,37.18,1.4
